Workbook
Name AcctCodes: Sync!$A$6:$A$565
Name AcctTbl: Sync!$A$6:$F$565
Name CalcAmtA: Calc!$J$6:$J$1005
Name CalcBankB: Calc!$V$6:$V$2005
Name CalcDateA: Calc!$E$6:$E$1005
Name CalcDateB: Calc!$O$6:$O$2005
Name CalcDepB: Calc!$T$6:$T$2005
Name CalcDocA: Calc!$K$6:$K$1005
Name CalcKeyA: Calc!$B$6:$B$1005
Name CalcKeyB: Calc!$P$6:$P$2005
Name CalcNoteA: Calc!$L$6:$L$1005
Name CalcNoteB: Calc!$W$6:$W$2005
Name CalcPartyA: Calc!$A$6:$A$1005
Name CalcPartyB: Calc!$N$6:$N$2005
Name CalcPriceA: Calc!$I$6:$I$1005
Name CalcQtyA: Calc!$H$6:$H$1005
Name CalcRankKeyA: Calc!$D$6:$D$1005
Name CalcRankKeyB: Calc!$S$6:$S$2005
Name CalcTypeA: Calc!$G$6:$G$1005
Name CalcWitB: Calc!$U$6:$U$2005
Name NBskParty: Calc!$AB$1005
Name PkBskParty: Calc!$AC$6:$AC$1005

Sheet Entry
A1: =IF(Sync!$N$6="","مازندشت",Sync!$N$6)&" — "&IF(Sync!$N$9="","سورتینگ و بسته‌بندی مرکبات",Sync!$N$9) -> 250000000 — 90000000
A2: =IF(Sync!$N$7="","باغدشت، بخش مرکزی، شهرستان قائم‌شهر، استان مازندران، ایران",Sync!$N$7)&" | MAZANDASHT · CITRUS SORTING & PACKING" -> باغدشت، بخش مرکزی، شهرستان قائم‌شهر، استان مازندران، ایران | MAZANDASHT · CITRUS SORTING & PACKING
A3: دفتر سبد و ظروف — خرید سبد از فروشنده (هر ردیف = یک خرید)
A4: هر ردیف: تاریخ، کد فروشنده سبد (از INFO ← Accounts — مثل S004)، نوع سبد (کشویی از INFO ← Baskets)، تعداد و فی. مبلغ و نام فروشنده و «مانده حساب» خودکار است: مانده = جمع خرید سبد تا این سطر − پرداخت‌های بانکی تا همین لحظه (به همه ردیف‌های همان حساب اعمال می‌شود). پرداخت به فروشنده را در Transactions.xlsx (برداشت با همان کد) ثبت کنید — اینجا خودش کم می‌شود.
A7: ردیف | B7: تاریخ | C7: ساعت | D7: شماره سند | E7: کد فروشنده | F7: نام فروشنده | G7: نوع سبد | H7: تعداد | I7: فی (ریال) | J7: مبلغ (ریال) | K7: مانده حساب (ریال) | L7: توضیحات
A8: No. | B8: Date | C8: Time | D8: Doc | E8: Seller Code | F8: Seller Name | G8: Basket Type | H8: Qty | I8: Unit Price | J8: Amount | K8: Account Balance | L8: Notes
A9: =IF($B9="","",COUNTA($B$9:$B9)) -> 1 | B9: 1405/07/13 | E9: S001 | F9: =IF($E9="","",IFERROR(IF(VLOOKUP($E9,AcctTbl,4,0)="","",VLOOKUP($E9,AcctTbl,4,0)),"—")) -> حسن کوچکزاده | G9: سبد6ک مشکی | H9: 637 | I9: 25000 | J9: =IF(OR($H9="",$I9=""),"",ROUND($H9*$I9,0)) -> 15925000 | K9: =IF(OR($B9="",$E9="",Calc!$B6=""),"",SUMIFS(CalcAmtA,CalcPartyA,$E9,CalcKeyA,"<="&Calc!$B6)-SUMIFS(CalcWitB,CalcPartyB,$E9,CalcKeyB,"<="&Calc!$B6)+SUMIFS(CalcDepB,CalcPartyB,$E9,CalcKeyB,"<="&Calc!$B6)) -> #REF!
A10: =IF($B10="","",COUNTA($B$9:$B10)) -> 2 | B10: 1405/07/13 | E10: S001 | F10: =IF($E10="","",IFERROR(IF(VLOOKUP($E10,AcctTbl,4,0)="","",VLOOKUP($E10,AcctTbl,4,0)),"—")) -> حسن کوچکزاده | G10: درب6ک | H10: 650 | I10: 5000 | J10: =IF(OR($H10="",$I10=""),"",ROUND($H10*$I10,0)) -> 3250000 | K10: =IF(OR($B10="",$E10="",Calc!$B7=""),"",SUMIFS(CalcAmtA,CalcPartyA,$E10,CalcKeyA,"<="&Calc!$B7)-SUMIFS(CalcWitB,CalcPartyB,$E10,CalcKeyB,"<="&Calc!$B7)+SUMIFS(CalcDepB,CalcPartyB,$E10,CalcKeyB,"<="&Calc!$B7)) -> #REF!
A11: =IF($B11="","",COUNTA($B$9:$B11)) -> 3 | B11: 1405/07/13 | E11: S001 | F11: =IF($E11="","",IFERROR(IF(VLOOKUP($E11,AcctTbl,4,0)="","",VLOOKUP($E11,AcctTbl,4,0)),"—")) -> حسن کوچکزاده | G11: سبد6ک مشکی | H11: 637 | I11: 25000 | J11: =IF(OR($H11="",$I11=""),"",ROUND($H11*$I11,0)) -> 15925000 | K11: =IF(OR($B11="",$E11="",Calc!$B8=""),"",SUMIFS(CalcAmtA,CalcPartyA,$E11,CalcKeyA,"<="&Calc!$B8)-SUMIFS(CalcWitB,CalcPartyB,$E11,CalcKeyB,"<="&Calc!$B8)+SUMIFS(CalcDepB,CalcPartyB,$E11,CalcKeyB,"<="&Calc!$B8)) -> #REF!
A12: =IF($B12="","",COUNTA($B$9:$B12)) -> 4 | B12: 1405/07/13 | E12: S001 | F12: =IF($E12="","",IFERROR(IF(VLOOKUP($E12,AcctTbl,4,0)="","",VLOOKUP($E12,AcctTbl,4,0)),"—")) -> حسن کوچکزاده | G12: درب6ک | H12: 650 | I12: 5000 | J12: =IF(OR($H12="",$I12=""),"",ROUND($H12*$I12,0)) -> 3250000 | K12: =IF(OR($B12="",$E12="",Calc!$B9=""),"",SUMIFS(CalcAmtA,CalcPartyA,$E12,CalcKeyA,"<="&Calc!$B9)-SUMIFS(CalcWitB,CalcPartyB,$E12,CalcKeyB,"<="&Calc!$B9)+SUMIFS(CalcDepB,CalcPartyB,$E12,CalcKeyB,"<="&Calc!$B9)) -> #REF!
A13: =IF($B13="","",COUNTA($B$9:$B13)) -> 5 | B13: 1405/07/16 | E13: S001 | F13: =IF($E13="","",IFERROR(IF(VLOOKUP($E13,AcctTbl,4,0)="","",VLOOKUP($E13,AcctTbl,4,0)),"—")) -> حسن کوچکزاده | G13: سبد6ک مشکی | H13: 749 | I13: 25000 | J13: =IF(OR($H13="",$I13=""),"",ROUND($H13*$I13,0)) -> 18725000 | K13: =IF(OR($B13="",$E13="",Calc!$B10=""),"",SUMIFS(CalcAmtA,CalcPartyA,$E13,CalcKeyA,"<="&Calc!$B10)-SUMIFS(CalcWitB,CalcPartyB,$E13,CalcKeyB,"<="&Calc!$B10)+SUMIFS(CalcDepB,CalcPartyB,$E13,CalcKeyB,"<="&Calc!$B10)) -> #REF!
A14: =IF($B14="","",COUNTA($B$9:$B14)) -> 6 | B14: 1405/07/16 | E14: S001 | F14: =IF($E14="","",IFERROR(IF(VLOOKUP($E14,AcctTbl,4,0)="","",VLOOKUP($E14,AcctTbl,4,0)),"—")) -> حسن کوچکزاده | G14: درب6ک | H14: 800 | I14: 5000 | J14: =IF(OR($H14="",$I14=""),"",ROUND($H14*$I14,0)) -> 4000000 | K14: =IF(OR($B14="",$E14="",Calc!$B11=""),"",SUMIFS(CalcAmtA,CalcPartyA,$E14,CalcKeyA,"<="&Calc!$B11)-SUMIFS(CalcWitB,CalcPartyB,$E14,CalcKeyB,"<="&Calc!$B11)+SUMIFS(CalcDepB,CalcPartyB,$E14,CalcKeyB,"<="&Calc!$B11)) -> #REF!
A15: =IF($B15="","",COUNTA($B$9:$B15)) -> 7 | B15: 1405/07/17 | E15: S001 | F15: =IF($E15="","",IFERROR(IF(VLOOKUP($E15,AcctTbl,4,0)="","",VLOOKUP($E15,AcctTbl,4,0)),"—")) -> حسن کوچکزاده | G15: سبد6ک مشکی | H15: 749 | I15: 25000 | J15: =IF(OR($H15="",$I15=""),"",ROUND($H15*$I15,0)) -> 18725000 | K15: =IF(OR($B15="",$E15="",Calc!$B12=""),"",SUMIFS(CalcAmtA,CalcPartyA,$E15,CalcKeyA,"<="&Calc!$B12)-SUMIFS(CalcWitB,CalcPartyB,$E15,CalcKeyB,"<="&Calc!$B12)+SUMIFS(CalcDepB,CalcPartyB,$E15,CalcKeyB,"<="&Calc!$B12)) -> #REF!
A16: =IF($B16="","",COUNTA($B$9:$B16)) -> 8 | B16: 1405/07/17 | E16: S001 | F16: =IF($E16="","",IFERROR(IF(VLOOKUP($E16,AcctTbl,4,0)="","",VLOOKUP($E16,AcctTbl,4,0)),"—")) -> حسن کوچکزاده | G16: درب6ک | H16: 800 | I16: 5000 | J16: =IF(OR($H16="",$I16=""),"",ROUND($H16*$I16,0)) -> 4000000 | K16: =IF(OR($B16="",$E16="",Calc!$B13=""),"",SUMIFS(CalcAmtA,CalcPartyA,$E16,CalcKeyA,"<="&Calc!$B13)-SUMIFS(CalcWitB,CalcPartyB,$E16,CalcKeyB,"<="&Calc!$B13)+SUMIFS(CalcDepB,CalcPartyB,$E16,CalcKeyB,"<="&Calc!$B13)) -> #REF!
A17: =IF($B17="","",COUNTA($B$9:$B17)) -> 9 | B17: 1405/07/17 | E17: S001 | F17: =IF($E17="","",IFERROR(IF(VLOOKUP($E17,AcctTbl,4,0)="","",VLOOKUP($E17,AcctTbl,4,0)),"—")) -> حسن کوچکزاده | G17: سبد6ک مشکی | H17: 749 | I17: 25000 | J17: =IF(OR($H17="",$I17=""),"",ROUND($H17*$I17,0)) -> 18725000 | K17: =IF(OR($B17="",$E17="",Calc!$B14=""),"",SUMIFS(CalcAmtA,CalcPartyA,$E17,CalcKeyA,"<="&Calc!$B14)-SUMIFS(CalcWitB,CalcPartyB,$E17,CalcKeyB,"<="&Calc!$B14)+SUMIFS(CalcDepB,CalcPartyB,$E17,CalcKeyB,"<="&Calc!$B14)) -> #REF!
A18: =IF($B18="","",COUNTA($B$9:$B18)) -> 10 | B18: 1405/07/17 | E18: S001 | F18: =IF($E18="","",IFERROR(IF(VLOOKUP($E18,AcctTbl,4,0)="","",VLOOKUP($E18,AcctTbl,4,0)),"—")) -> حسن کوچکزاده | G18: درب6ک | H18: 800 | I18: 5000 | J18: =IF(OR($H18="",$I18=""),"",ROUND($H18*$I18,0)) -> 4000000 | K18: =IF(OR($B18="",$E18="",Calc!$B15=""),"",SUMIFS(CalcAmtA,CalcPartyA,$E18,CalcKeyA,"<="&Calc!$B15)-SUMIFS(CalcWitB,CalcPartyB,$E18,CalcKeyB,"<="&Calc!$B15)+SUMIFS(CalcDepB,CalcPartyB,$E18,CalcKeyB,"<="&Calc!$B15)) -> #REF!
A19: =IF($B19="","",COUNTA($B$9:$B19)) -> 11 | B19: 1405/07/17 | E19: S001 | F19: =IF($E19="","",IFERROR(IF(VLOOKUP($E19,AcctTbl,4,0)="","",VLOOKUP($E19,AcctTbl,4,0)),"—")) -> حسن کوچکزاده | G19: سبد6ک مشکی | H19: 749 | I19: 25000 | J19: =IF(OR($H19="",$I19=""),"",ROUND($H19*$I19,0)) -> 18725000 | K19: =IF(OR($B19="",$E19="",Calc!$B16=""),"",SUMIFS(CalcAmtA,CalcPartyA,$E19,CalcKeyA,"<="&Calc!$B16)-SUMIFS(CalcWitB,CalcPartyB,$E19,CalcKeyB,"<="&Calc!$B16)+SUMIFS(CalcDepB,CalcPartyB,$E19,CalcKeyB,"<="&Calc!$B16)) -> #REF!
A20: =IF($B20="","",COUNTA($B$9:$B20)) -> 12 | B20: 1405/07/17 | E20: S001 | F20: =IF($E20="","",IFERROR(IF(VLOOKUP($E20,AcctTbl,4,0)="","",VLOOKUP($E20,AcctTbl,4,0)),"—")) -> حسن کوچکزاده | G20: درب6ک | H20: 600 | I20: 5000 | J20: =IF(OR($H20="",$I20=""),"",ROUND($H20*$I20,0)) -> 3000000 | K20: =IF(OR($B20="",$E20="",Calc!$B17=""),"",SUMIFS(CalcAmtA,CalcPartyA,$E20,CalcKeyA,"<="&Calc!$B17)-SUMIFS(CalcWitB,CalcPartyB,$E20,CalcKeyB,"<="&Calc!$B17)+SUMIFS(CalcDepB,CalcPartyB,$E20,CalcKeyB,"<="&Calc!$B17)) -> #REF!
... A50: =IF($B50="","",COUNTA($B$9:$B50)) -> 42 | B50: 1405/08/03 | E50: S001 | F50: =IF($E50="","",IFERROR(IF(VLOOKUP($E50,AcctTbl,4,0)="","",VLOOKUP($E50,AcctTbl,4,0)),"—")) -> حسن کوچکزاده | G50: 9ک مشکی | H50: 2023 | I50: 47000 | J50: =IF(OR($H50="",$I50=""),"",ROUND($H50*$I50,0)) -> 95081000 | K50: =IF(OR($B50="",$E50="",Calc!$B47=""),"",SUMIFS(CalcAmtA,CalcPartyA,$E50,CalcKeyA,"<="&Calc!$B47)-SUMIFS(CalcWitB,CalcPartyB,$E50,CalcKeyB,"<="&Calc!$B47)+SUMIFS(CalcDepB,CalcPartyB,$E50,CalcKeyB,"<="&Calc!$B47)) -> #REF!
A51: =IF($B51="","",COUNTA($B$9:$B51)) | F51: =IF($E51="","",IFERROR(IF(VLOOKUP($E51,AcctTbl,4,0)="","",VLOOKUP($E51,AcctTbl,4,0)),"—")) | J51: =IF(OR($H51="",$I51=""),"",ROUND($H51*$I51,0)) | K51: =IF(OR($B51="",$E51="",Calc!$B48=""),"",SUMIFS(CalcAmtA,CalcPartyA,$E51,CalcKeyA,"<="&Calc!$B48)-SUMIFS(CalcWitB,CalcPartyB,$E51,CalcKeyB,"<="&Calc!$B48)+SUMIFS(CalcDepB,CalcPartyB,$E51,CalcKeyB,"<="&Calc!$B48))
A52: =IF($B52="","",COUNTA($B$9:$B52)) | F52: =IF($E52="","",IFERROR(IF(VLOOKUP($E52,AcctTbl,4,0)="","",VLOOKUP($E52,AcctTbl,4,0)),"—")) | J52: =IF(OR($H52="",$I52=""),"",ROUND($H52*$I52,0)) | K52: =IF(OR($B52="",$E52="",Calc!$B49=""),"",SUMIFS(CalcAmtA,CalcPartyA,$E52,CalcKeyA,"<="&Calc!$B49)-SUMIFS(CalcWitB,CalcPartyB,$E52,CalcKeyB,"<="&Calc!$B49)+SUMIFS(CalcDepB,CalcPartyB,$E52,CalcKeyB,"<="&Calc!$B49))
A53: =IF($B53="","",COUNTA($B$9:$B53)) | F53: =IF($E53="","",IFERROR(IF(VLOOKUP($E53,AcctTbl,4,0)="","",VLOOKUP($E53,AcctTbl,4,0)),"—")) | J53: =IF(OR($H53="",$I53=""),"",ROUND($H53*$I53,0)) | K53: =IF(OR($B53="",$E53="",Calc!$B50=""),"",SUMIFS(CalcAmtA,CalcPartyA,$E53,CalcKeyA,"<="&Calc!$B50)-SUMIFS(CalcWitB,CalcPartyB,$E53,CalcKeyB,"<="&Calc!$B50)+SUMIFS(CalcDepB,CalcPartyB,$E53,CalcKeyB,"<="&Calc!$B50))
A54: =IF($B54="","",COUNTA($B$9:$B54)) | F54: =IF($E54="","",IFERROR(IF(VLOOKUP($E54,AcctTbl,4,0)="","",VLOOKUP($E54,AcctTbl,4,0)),"—")) | J54: =IF(OR($H54="",$I54=""),"",ROUND($H54*$I54,0)) | K54: =IF(OR($B54="",$E54="",Calc!$B51=""),"",SUMIFS(CalcAmtA,CalcPartyA,$E54,CalcKeyA,"<="&Calc!$B51)-SUMIFS(CalcWitB,CalcPartyB,$E54,CalcKeyB,"<="&Calc!$B51)+SUMIFS(CalcDepB,CalcPartyB,$E54,CalcKeyB,"<="&Calc!$B51))
A55: =IF($B55="","",COUNTA($B$9:$B55)) | F55: =IF($E55="","",IFERROR(IF(VLOOKUP($E55,AcctTbl,4,0)="","",VLOOKUP($E55,AcctTbl,4,0)),"—")) | J55: =IF(OR($H55="",$I55=""),"",ROUND($H55*$I55,0)) | K55: =IF(OR($B55="",$E55="",Calc!$B52=""),"",SUMIFS(CalcAmtA,CalcPartyA,$E55,CalcKeyA,"<="&Calc!$B52)-SUMIFS(CalcWitB,CalcPartyB,$E55,CalcKeyB,"<="&Calc!$B52)+SUMIFS(CalcDepB,CalcPartyB,$E55,CalcKeyB,"<="&Calc!$B52))
A56: =IF($B56="","",COUNTA($B$9:$B56)) | F56: =IF($E56="","",IFERROR(IF(VLOOKUP($E56,AcctTbl,4,0)="","",VLOOKUP($E56,AcctTbl,4,0)),"—")) | J56: =IF(OR($H56="",$I56=""),"",ROUND($H56*$I56,0)) | K56: =IF(OR($B56="",$E56="",Calc!$B53=""),"",SUMIFS(CalcAmtA,CalcPartyA,$E56,CalcKeyA,"<="&Calc!$B53)-SUMIFS(CalcWitB,CalcPartyB,$E56,CalcKeyB,"<="&Calc!$B53)+SUMIFS(CalcDepB,CalcPartyB,$E56,CalcKeyB,"<="&Calc!$B53))
A57: =IF($B57="","",COUNTA($B$9:$B57)) | F57: =IF($E57="","",IFERROR(IF(VLOOKUP($E57,AcctTbl,4,0)="","",VLOOKUP($E57,AcctTbl,4,0)),"—")) | J57: =IF(OR($H57="",$I57=""),"",ROUND($H57*$I57,0)) | K57: =IF(OR($B57="",$E57="",Calc!$B54=""),"",SUMIFS(CalcAmtA,CalcPartyA,$E57,CalcKeyA,"<="&Calc!$B54)-SUMIFS(CalcWitB,CalcPartyB,$E57,CalcKeyB,"<="&Calc!$B54)+SUMIFS(CalcDepB,CalcPartyB,$E57,CalcKeyB,"<="&Calc!$B54))
A58: =IF($B58="","",COUNTA($B$9:$B58)) | F58: =IF($E58="","",IFERROR(IF(VLOOKUP($E58,AcctTbl,4,0)="","",VLOOKUP($E58,AcctTbl,4,0)),"—")) | J58: =IF(OR($H58="",$I58=""),"",ROUND($H58*$I58,0)) | K58: =IF(OR($B58="",$E58="",Calc!$B55=""),"",SUMIFS(CalcAmtA,CalcPartyA,$E58,CalcKeyA,"<="&Calc!$B55)-SUMIFS(CalcWitB,CalcPartyB,$E58,CalcKeyB,"<="&Calc!$B55)+SUMIFS(CalcDepB,CalcPartyB,$E58,CalcKeyB,"<="&Calc!$B55))
A59: =IF($B59="","",COUNTA($B$9:$B59)) | F59: =IF($E59="","",IFERROR(IF(VLOOKUP($E59,AcctTbl,4,0)="","",VLOOKUP($E59,AcctTbl,4,0)),"—")) | J59: =IF(OR($H59="",$I59=""),"",ROUND($H59*$I59,0)) | K59: =IF(OR($B59="",$E59="",Calc!$B56=""),"",SUMIFS(CalcAmtA,CalcPartyA,$E59,CalcKeyA,"<="&Calc!$B56)-SUMIFS(CalcWitB,CalcPartyB,$E59,CalcKeyB,"<="&Calc!$B56)+SUMIFS(CalcDepB,CalcPartyB,$E59,CalcKeyB,"<="&Calc!$B56))
A60: =IF($B60="","",COUNTA($B$9:$B60)) | F60: =IF($E60="","",IFERROR(IF(VLOOKUP($E60,AcctTbl,4,0)="","",VLOOKUP($E60,AcctTbl,4,0)),"—")) | J60: =IF(OR($H60="",$I60=""),"",ROUND($H60*$I60,0)) | K60: =IF(OR($B60="",$E60="",Calc!$B57=""),"",SUMIFS(CalcAmtA,CalcPartyA,$E60,CalcKeyA,"<="&Calc!$B57)-SUMIFS(CalcWitB,CalcPartyB,$E60,CalcKeyB,"<="&Calc!$B57)+SUMIFS(CalcDepB,CalcPartyB,$E60,CalcKeyB,"<="&Calc!$B57))
A61: =IF($B61="","",COUNTA($B$9:$B61)) | F61: =IF($E61="","",IFERROR(IF(VLOOKUP($E61,AcctTbl,4,0)="","",VLOOKUP($E61,AcctTbl,4,0)),"—")) | J61: =IF(OR($H61="",$I61=""),"",ROUND($H61*$I61,0)) | K61: =IF(OR($B61="",$E61="",Calc!$B58=""),"",SUMIFS(CalcAmtA,CalcPartyA,$E61,CalcKeyA,"<="&Calc!$B58)-SUMIFS(CalcWitB,CalcPartyB,$E61,CalcKeyB,"<="&Calc!$B58)+SUMIFS(CalcDepB,CalcPartyB,$E61,CalcKeyB,"<="&Calc!$B58))
A62: =IF($B62="","",COUNTA($B$9:$B62)) | F62: =IF($E62="","",IFERROR(IF(VLOOKUP($E62,AcctTbl,4,0)="","",VLOOKUP($E62,AcctTbl,4,0)),"—")) | J62: =IF(OR($H62="",$I62=""),"",ROUND($H62*$I62,0)) | K62: =IF(OR($B62="",$E62="",Calc!$B59=""),"",SUMIFS(CalcAmtA,CalcPartyA,$E62,CalcKeyA,"<="&Calc!$B59)-SUMIFS(CalcWitB,CalcPartyB,$E62,CalcKeyB,"<="&Calc!$B59)+SUMIFS(CalcDepB,CalcPartyB,$E62,CalcKeyB,"<="&Calc!$B59))
... A1005: =IF($B1005="","",COUNTA($B$9:$B1005)) | F1005: =IF($E1005="","",IFERROR(IF(VLOOKUP($E1005,AcctTbl,4,0)="","",VLOOKUP($E1005,AcctTbl,4,0)),"—")) | J1005: =IF(OR($H1005="",$I1005=""),"",ROUND($H1005*$I1005,0)) | K1005: =IF(OR($B1005="",$E1005="",Calc!$B1002=""),"",SUMIFS(CalcAmtA,CalcPartyA,$E1005,CalcKeyA,"<="&Calc!$B1002)-SUMIFS(CalcWitB,CalcPartyB,$E1005,CalcKeyB,"<="&Calc!$B1002)+SUMIFS(CalcDepB,CalcPartyB,$E1005,CalcKeyB,"<="&Calc!$B1002))
A1006: =IF($B1006="","",COUNTA($B$9:$B1006)) | F1006: =IF($E1006="","",IFERROR(IF(VLOOKUP($E1006,AcctTbl,4,0)="","",VLOOKUP($E1006,AcctTbl,4,0)),"—")) | K1006: =IF(OR($B1006="",$E1006="",Calc!$B1003=""),"",SUMIFS(CalcAmtA,CalcPartyA,$E1006,CalcKeyA,"<="&Calc!$B1003)-SUMIFS(CalcWitB,CalcPartyB,$E1006,CalcKeyB,"<="&Calc!$B1003)+SUMIFS(CalcDepB,CalcPartyB,$E1006,CalcKeyB,"<="&Calc!$B1003))
A1007: =IF($B1007="","",COUNTA($B$9:$B1007)) | F1007: =IF($E1007="","",IFERROR(IF(VLOOKUP($E1007,AcctTbl,4,0)="","",VLOOKUP($E1007,AcctTbl,4,0)),"—")) | K1007: =IF(OR($B1007="",$E1007="",Calc!$B1004=""),"",SUMIFS(CalcAmtA,CalcPartyA,$E1007,CalcKeyA,"<="&Calc!$B1004)-SUMIFS(CalcWitB,CalcPartyB,$E1007,CalcKeyB,"<="&Calc!$B1004)+SUMIFS(CalcDepB,CalcPartyB,$E1007,CalcKeyB,"<="&Calc!$B1004))
A1008: =IF($B1008="","",COUNTA($B$9:$B1008)) | F1008: =IF($E1008="","",IFERROR(IF(VLOOKUP($E1008,AcctTbl,4,0)="","",VLOOKUP($E1008,AcctTbl,4,0)),"—")) | K1008: =IF(OR($B1008="",$E1008="",Calc!$B1005=""),"",SUMIFS(CalcAmtA,CalcPartyA,$E1008,CalcKeyA,"<="&Calc!$B1005)-SUMIFS(CalcWitB,CalcPartyB,$E1008,CalcKeyB,"<="&Calc!$B1005)+SUMIFS(CalcDepB,CalcPartyB,$E1008,CalcKeyB,"<="&Calc!$B1005))

Sheet Report
A1: =IF(Sync!$N$6="","مازندشت",Sync!$N$6)&" — "&IF(Sync!$N$9="","سورتینگ و بسته‌بندی مرکبات",Sync!$N$9) -> 250000000 — 90000000
A2: =IF(Sync!$N$7="","باغدشت، بخش مرکزی، شهرستان قائم‌شهر، استان مازندران، ایران",Sync!$N$7)&" | MAZANDASHT · CITRUS SORTING & PACKING" -> باغدشت، بخش مرکزی، شهرستان قائم‌شهر، استان مازندران، ایران | MAZANDASHT · CITRUS SORTING & PACKING
A3: ="کارتکس فروشنده سبد — "&IFERROR(IF(VLOOKUP($C$5,AcctTbl,4,0)="","(بدون عنوان)",VLOOKUP($C$5,AcctTbl,4,0)),"کد را وارد کنید") -> کارتکس فروشنده سبد — حسن کوچکزاده
A5: کد فروشنده سبد (ورود دستی): | C5: S001 | E5: کد را از INFO (شیت Accounts) وارد کنید — کل گردش خودکار به‌روز می‌شود. برای فروشنده دیگر، همین شیت را کپی و کد را عوض کنید.
A6: نام صاحب حساب: | C6: =IFERROR(IF(VLOOKUP($C$5,AcctTbl,4,0)="","(بدون عنوان)",VLOOKUP($C$5,AcctTbl,4,0)),"—") -> حسن کوچکزاده
A7: نوع و زیرمجموعه: | C7: =IFERROR(IF(VLOOKUP($C$5,AcctTbl,3,0)="",VLOOKUP($C$5,AcctTbl,2,0),VLOOKUP($C$5,AcctTbl,2,0)&" — "&VLOOKUP($C$5,AcctTbl,3,0)),"—") -> تأمین‌کننده — فروشنده سبد
A8: مانده اولیه (دستی): | C8: 0 | E8: مثبت = بدهی قبلی ما به او. در مانده اولِ ردیف‌ها اثر می‌گذارد.
A10: جمع خرید سبد (ریال) | C10: جمع پرداخت به او (ریال) | E10: جمع دریافت از او (ریال) | G10: مانده نهایی (ریال) | I10: وضعیت
A11: =SUM($I$17:$I$2016) -> #REF! | C11: =SUM($H$17:$H$2016) -> 95000000 | E11: =SUM($E$17:$E$2016) -> 0 | G11: =IFERROR(LOOKUP(9.99E+307,$J$17:$J$2016),$C$8) -> -15000000 | I11: =IF($G$11>0,"● بستانکار — به او بدهکاریم",IF($G$11<0,"● بدهکار — به ما بدهکار است","= تسویه شده")) -> ● بدهکار — به ما بدهکار است
A13: تعداد کل سبد خریداری‌شده | C13: تعداد ردیف خرید سبد | E13: تعداد پرداخت/دریافت | G13: آخرین رویداد
A14: =SUM($F$17:$F$2016) -> #REF! | C14: =COUNTIF($C$17:$C$2016,"خرید سبد") -> 30 | E14: =COUNTIF($C$17:$C$2016,"پرداخت بانکی")+COUNTIF($C$17:$C$2016,"دریافت بانکی") -> 2 | G14: =IF(COUNT($J$17:$J$2016)=0,"—",INDEX($B$17:$B$2016,COUNT($J$17:$J$2016))) -> 1405/07/07
A15: ردیف | B15: تاریخ | C15: نوع رویداد | D15: سند / بانک | E15: دریافت (ریال) | F15: تعداد سبد | G15: فی (ریال) | H15: پرداخت (ریال) | I15: خرید سبد (ریال) | J15: مانده (ریال) | K15: توضیحات
A16: No. | B16: Date | C16: Type | D16: Doc / Bank | E16: Received | F16: Qty | G16: Unit Price | H16: Paid | I16: Purchase | J16: Balance | K16: Notes
A17: 1 | B17: =IF(AND($M17="",$N17=""),"",IF($M17<>"",INDEX(CalcDateA,$M17),INDEX(CalcDateB,$N17))) -> 1405/07/07 | C17: =IF($M17<>"","خرید سبد",IF($N17<>"",IF(N(INDEX(CalcDepB,$N17))>0,"دریافت بانکی","پرداخت بانکی"),"")) -> پرداخت بانکی | D17: =IF($M17<>"",IF(INDEX(CalcDocA,$M17)="","—",INDEX(CalcDocA,$M17)),IF($N17<>"",INDEX(CalcBankB,$N17),"")) -> BANK01 – ملت — جاری شرکت | E17: =IF($N17<>"",IF(INDEX(CalcDepB,$N17)=0,"",INDEX(CalcDepB,$N17)),"") | F17: =IF($M17<>"",IF(INDEX(CalcQtyA,$M17)=0,"",INDEX(CalcQtyA,$M17)),"") | G17: =IF($M17<>"",IF(INDEX(CalcPriceA,$M17)=0,"",INDEX(CalcPriceA,$M17)),"") | H17: =IF($N17<>"",IF(INDEX(CalcWitB,$N17)=0,"",INDEX(CalcWitB,$N17)),"") -> 15000000 | I17: =IF($M17<>"",INDEX(CalcAmtA,$M17),"") | J17: =IF($B17="","",$C$8+IF($I17="",0,$I17)+IF($E17="",0,$E17)-IF($H17="",0,$H17)) -> -15000000 | K17: =IF($M17<>"",IF(INDEX(CalcNoteA,$M17)="","—",INDEX(CalcNoteA,$M17)),IF($N17<>"",IF(INDEX(CalcNoteB,$N17)="","—",INDEX(CalcNoteB,$N17)),"")) -> پیش‌پرداخت باغ آقای رستمی (نمونه) | M17: =IFERROR(MATCH($C$5&"|"&RIGHT("000000"&1,6),CalcRankKeyA,0),"") | N17: =IFERROR(MATCH($C$5&"|"&RIGHT("000000"&1,6),CalcRankKeyB,0),"") -> 13
A18: 2 | B18: =IF(AND($M18="",$N18=""),"",IF($M18<>"",INDEX(CalcDateA,$M18),INDEX(CalcDateB,$N18))) -> 1405/07/13 | C18: =IF($M18<>"","خرید سبد",IF($N18<>"",IF(N(INDEX(CalcDepB,$N18))>0,"دریافت بانکی","پرداخت بانکی"),"")) -> خرید سبد | D18: =IF($M18<>"",IF(INDEX(CalcDocA,$M18)="","—",INDEX(CalcDocA,$M18)),IF($N18<>"",INDEX(CalcBankB,$N18),"")) -> 0 | E18: =IF($N18<>"",IF(INDEX(CalcDepB,$N18)=0,"",INDEX(CalcDepB,$N18)),"") | F18: =IF($M18<>"",IF(INDEX(CalcQtyA,$M18)=0,"",INDEX(CalcQtyA,$M18)),"") -> #REF! | G18: =IF($M18<>"",IF(INDEX(CalcPriceA,$M18)=0,"",INDEX(CalcPriceA,$M18)),"") -> #REF! | H18: =IF($N18<>"",IF(INDEX(CalcWitB,$N18)=0,"",INDEX(CalcWitB,$N18)),"") | I18: =IF($M18<>"",INDEX(CalcAmtA,$M18),"") -> #REF! | J18: =IF($B18="","",IF($J17="",$C$8,$J17)+IF($I18="",0,$I18)+IF($E18="",0,$E18)-IF($H18="",0,$H18)) -> #REF! | K18: =IF($M18<>"",IF(INDEX(CalcNoteA,$M18)="","—",INDEX(CalcNoteA,$M18)),IF($N18<>"",IF(INDEX(CalcNoteB,$N18)="","—",INDEX(CalcNoteB,$N18)),"")) -> 0 | M18: =IFERROR(MATCH($C$5&"|"&RIGHT("000000"&2,6),CalcRankKeyA,0),"") -> 1 | N18: =IFERROR(MATCH($C$5&"|"&RIGHT("000000"&2,6),CalcRankKeyB,0),"")
A19: 3 | B19: =IF(AND($M19="",$N19=""),"",IF($M19<>"",INDEX(CalcDateA,$M19),INDEX(CalcDateB,$N19))) -> 1405/07/13 | C19: =IF($M19<>"","خرید سبد",IF($N19<>"",IF(N(INDEX(CalcDepB,$N19))>0,"دریافت بانکی","پرداخت بانکی"),"")) -> خرید سبد | D19: =IF($M19<>"",IF(INDEX(CalcDocA,$M19)="","—",INDEX(CalcDocA,$M19)),IF($N19<>"",INDEX(CalcBankB,$N19),"")) -> 0 | E19: =IF($N19<>"",IF(INDEX(CalcDepB,$N19)=0,"",INDEX(CalcDepB,$N19)),"") | F19: =IF($M19<>"",IF(INDEX(CalcQtyA,$M19)=0,"",INDEX(CalcQtyA,$M19)),"") -> #REF! | G19: =IF($M19<>"",IF(INDEX(CalcPriceA,$M19)=0,"",INDEX(CalcPriceA,$M19)),"") -> #REF! | H19: =IF($N19<>"",IF(INDEX(CalcWitB,$N19)=0,"",INDEX(CalcWitB,$N19)),"") | I19: =IF($M19<>"",INDEX(CalcAmtA,$M19),"") -> #REF! | J19: =IF($B19="","",IF($J18="",$C$8,$J18)+IF($I19="",0,$I19)+IF($E19="",0,$E19)-IF($H19="",0,$H19)) -> #REF! | K19: =IF($M19<>"",IF(INDEX(CalcNoteA,$M19)="","—",INDEX(CalcNoteA,$M19)),IF($N19<>"",IF(INDEX(CalcNoteB,$N19)="","—",INDEX(CalcNoteB,$N19)),"")) -> 0 | M19: =IFERROR(MATCH($C$5&"|"&RIGHT("000000"&3,6),CalcRankKeyA,0),"") -> 2 | N19: =IFERROR(MATCH($C$5&"|"&RIGHT("000000"&3,6),CalcRankKeyB,0),"")
A20: 4 | B20: =IF(AND($M20="",$N20=""),"",IF($M20<>"",INDEX(CalcDateA,$M20),INDEX(CalcDateB,$N20))) -> 1405/07/13 | C20: =IF($M20<>"","خرید سبد",IF($N20<>"",IF(N(INDEX(CalcDepB,$N20))>0,"دریافت بانکی","پرداخت بانکی"),"")) -> خرید سبد | D20: =IF($M20<>"",IF(INDEX(CalcDocA,$M20)="","—",INDEX(CalcDocA,$M20)),IF($N20<>"",INDEX(CalcBankB,$N20),"")) -> 0 | E20: =IF($N20<>"",IF(INDEX(CalcDepB,$N20)=0,"",INDEX(CalcDepB,$N20)),"") | F20: =IF($M20<>"",IF(INDEX(CalcQtyA,$M20)=0,"",INDEX(CalcQtyA,$M20)),"") -> #REF! | G20: =IF($M20<>"",IF(INDEX(CalcPriceA,$M20)=0,"",INDEX(CalcPriceA,$M20)),"") -> #REF! | H20: =IF($N20<>"",IF(INDEX(CalcWitB,$N20)=0,"",INDEX(CalcWitB,$N20)),"") | I20: =IF($M20<>"",INDEX(CalcAmtA,$M20),"") -> #REF! | J20: =IF($B20="","",IF($J19="",$C$8,$J19)+IF($I20="",0,$I20)+IF($E20="",0,$E20)-IF($H20="",0,$H20)) -> #REF! | K20: =IF($M20<>"",IF(INDEX(CalcNoteA,$M20)="","—",INDEX(CalcNoteA,$M20)),IF($N20<>"",IF(INDEX(CalcNoteB,$N20)="","—",INDEX(CalcNoteB,$N20)),"")) -> 0 | M20: =IFERROR(MATCH($C$5&"|"&RIGHT("000000"&4,6),CalcRankKeyA,0),"") -> 3 | N20: =IFERROR(MATCH($C$5&"|"&RIGHT("000000"&4,6),CalcRankKeyB,0),"")
A21: 5 | B21: =IF(AND($M21="",$N21=""),"",IF($M21<>"",INDEX(CalcDateA,$M21),INDEX(CalcDateB,$N21))) -> 1405/07/13 | C21: =IF($M21<>"","خرید سبد",IF($N21<>"",IF(N(INDEX(CalcDepB,$N21))>0,"دریافت بانکی","پرداخت بانکی"),"")) -> خرید سبد | D21: =IF($M21<>"",IF(INDEX(CalcDocA,$M21)="","—",INDEX(CalcDocA,$M21)),IF($N21<>"",INDEX(CalcBankB,$N21),"")) -> 0 | E21: =IF($N21<>"",IF(INDEX(CalcDepB,$N21)=0,"",INDEX(CalcDepB,$N21)),"") | F21: =IF($M21<>"",IF(INDEX(CalcQtyA,$M21)=0,"",INDEX(CalcQtyA,$M21)),"") -> 637 | G21: =IF($M21<>"",IF(INDEX(CalcPriceA,$M21)=0,"",INDEX(CalcPriceA,$M21)),"") -> 25000 | H21: =IF($N21<>"",IF(INDEX(CalcWitB,$N21)=0,"",INDEX(CalcWitB,$N21)),"") | I21: =IF($M21<>"",INDEX(CalcAmtA,$M21),"") -> 15925000 | J21: =IF($B21="","",IF($J20="",$C$8,$J20)+IF($I21="",0,$I21)+IF($E21="",0,$E21)-IF($H21="",0,$H21)) -> #REF! | K21: =IF($M21<>"",IF(INDEX(CalcNoteA,$M21)="","—",INDEX(CalcNoteA,$M21)),IF($N21<>"",IF(INDEX(CalcNoteB,$N21)="","—",INDEX(CalcNoteB,$N21)),"")) -> 0 | M21: =IFERROR(MATCH($C$5&"|"&RIGHT("000000"&5,6),CalcRankKeyA,0),"") -> 4 | N21: =IFERROR(MATCH($C$5&"|"&RIGHT("000000"&5,6),CalcRankKeyB,0),"")
A22: 6 | B22: =IF(AND($M22="",$N22=""),"",IF($M22<>"",INDEX(CalcDateA,$M22),INDEX(CalcDateB,$N22))) -> 1405/07/15 | C22: =IF($M22<>"","خرید سبد",IF($N22<>"",IF(N(INDEX(CalcDepB,$N22))>0,"دریافت بانکی","پرداخت بانکی"),"")) -> پرداخت بانکی | D22: =IF($M22<>"",IF(INDEX(CalcDocA,$M22)="","—",INDEX(CalcDocA,$M22)),IF($N22<>"",INDEX(CalcBankB,$N22),"")) -> BANK01 – ملت — جاری شرکت | E22: =IF($N22<>"",IF(INDEX(CalcDepB,$N22)=0,"",INDEX(CalcDepB,$N22)),"") | F22: =IF($M22<>"",IF(INDEX(CalcQtyA,$M22)=0,"",INDEX(CalcQtyA,$M22)),"") | G22: =IF($M22<>"",IF(INDEX(CalcPriceA,$M22)=0,"",INDEX(CalcPriceA,$M22)),"") | H22: =IF($N22<>"",IF(INDEX(CalcWitB,$N22)=0,"",INDEX(CalcWitB,$N22)),"") -> 80000000 | I22: =IF($M22<>"",INDEX(CalcAmtA,$M22),"") | J22: =IF($B22="","",IF($J21="",$C$8,$J21)+IF($I22="",0,$I22)+IF($E22="",0,$E22)-IF($H22="",0,$H22)) -> #REF! | K22: =IF($M22<>"",IF(INDEX(CalcNoteA,$M22)="","—",INDEX(CalcNoteA,$M22)),IF($N22<>"",IF(INDEX(CalcNoteB,$N22)="","—",INDEX(CalcNoteB,$N22)),"")) -> پاس شدن چک ۲۴۰۱۲۳۴۵ — تسویه خرید باغ (نمونه) | M22: =IFERROR(MATCH($C$5&"|"&RIGHT("000000"&6,6),CalcRankKeyA,0),"") | N22: =IFERROR(MATCH($C$5&"|"&RIGHT("000000"&6,6),CalcRankKeyB,0),"") -> 14
A23: 7 | B23: =IF(AND($M23="",$N23=""),"",IF($M23<>"",INDEX(CalcDateA,$M23),INDEX(CalcDateB,$N23))) -> 1405/07/16 | C23: =IF($M23<>"","خرید سبد",IF($N23<>"",IF(N(INDEX(CalcDepB,$N23))>0,"دریافت بانکی","پرداخت بانکی"),"")) -> خرید سبد | D23: =IF($M23<>"",IF(INDEX(CalcDocA,$M23)="","—",INDEX(CalcDocA,$M23)),IF($N23<>"",INDEX(CalcBankB,$N23),"")) -> 0 | E23: =IF($N23<>"",IF(INDEX(CalcDepB,$N23)=0,"",INDEX(CalcDepB,$N23)),"") | F23: =IF($M23<>"",IF(INDEX(CalcQtyA,$M23)=0,"",INDEX(CalcQtyA,$M23)),"") -> 650 | G23: =IF($M23<>"",IF(INDEX(CalcPriceA,$M23)=0,"",INDEX(CalcPriceA,$M23)),"") -> 5000 | H23: =IF($N23<>"",IF(INDEX(CalcWitB,$N23)=0,"",INDEX(CalcWitB,$N23)),"") | I23: =IF($M23<>"",INDEX(CalcAmtA,$M23),"") -> 3250000 | J23: =IF($B23="","",IF($J22="",$C$8,$J22)+IF($I23="",0,$I23)+IF($E23="",0,$E23)-IF($H23="",0,$H23)) -> #REF! | K23: =IF($M23<>"",IF(INDEX(CalcNoteA,$M23)="","—",INDEX(CalcNoteA,$M23)),IF($N23<>"",IF(INDEX(CalcNoteB,$N23)="","—",INDEX(CalcNoteB,$N23)),"")) -> 0 | M23: =IFERROR(MATCH($C$5&"|"&RIGHT("000000"&7,6),CalcRankKeyA,0),"") -> 5 | N23: =IFERROR(MATCH($C$5&"|"&RIGHT("000000"&7,6),CalcRankKeyB,0),"")
A24: 8 | B24: =IF(AND($M24="",$N24=""),"",IF($M24<>"",INDEX(CalcDateA,$M24),INDEX(CalcDateB,$N24))) -> 1405/07/16 | C24: =IF($M24<>"","خرید سبد",IF($N24<>"",IF(N(INDEX(CalcDepB,$N24))>0,"دریافت بانکی","پرداخت بانکی"),"")) -> خرید سبد | D24: =IF($M24<>"",IF(INDEX(CalcDocA,$M24)="","—",INDEX(CalcDocA,$M24)),IF($N24<>"",INDEX(CalcBankB,$N24),"")) -> 0 | E24: =IF($N24<>"",IF(INDEX(CalcDepB,$N24)=0,"",INDEX(CalcDepB,$N24)),"") | F24: =IF($M24<>"",IF(INDEX(CalcQtyA,$M24)=0,"",INDEX(CalcQtyA,$M24)),"") -> 637 | G24: =IF($M24<>"",IF(INDEX(CalcPriceA,$M24)=0,"",INDEX(CalcPriceA,$M24)),"") -> 25000 | H24: =IF($N24<>"",IF(INDEX(CalcWitB,$N24)=0,"",INDEX(CalcWitB,$N24)),"") | I24: =IF($M24<>"",INDEX(CalcAmtA,$M24),"") -> 15925000 | J24: =IF($B24="","",IF($J23="",$C$8,$J23)+IF($I24="",0,$I24)+IF($E24="",0,$E24)-IF($H24="",0,$H24)) -> #REF! | K24: =IF($M24<>"",IF(INDEX(CalcNoteA,$M24)="","—",INDEX(CalcNoteA,$M24)),IF($N24<>"",IF(INDEX(CalcNoteB,$N24)="","—",INDEX(CalcNoteB,$N24)),"")) -> 0 | M24: =IFERROR(MATCH($C$5&"|"&RIGHT("000000"&8,6),CalcRankKeyA,0),"") -> 6 | N24: =IFERROR(MATCH($C$5&"|"&RIGHT("000000"&8,6),CalcRankKeyB,0),"")
A25: 9 | B25: =IF(AND($M25="",$N25=""),"",IF($M25<>"",INDEX(CalcDateA,$M25),INDEX(CalcDateB,$N25))) -> 1405/07/17 | C25: =IF($M25<>"","خرید سبد",IF($N25<>"",IF(N(INDEX(CalcDepB,$N25))>0,"دریافت بانکی","پرداخت بانکی"),"")) -> خرید سبد | D25: =IF($M25<>"",IF(INDEX(CalcDocA,$M25)="","—",INDEX(CalcDocA,$M25)),IF($N25<>"",INDEX(CalcBankB,$N25),"")) -> 0 | E25: =IF($N25<>"",IF(INDEX(CalcDepB,$N25)=0,"",INDEX(CalcDepB,$N25)),"") | F25: =IF($M25<>"",IF(INDEX(CalcQtyA,$M25)=0,"",INDEX(CalcQtyA,$M25)),"") -> 650 | G25: =IF($M25<>"",IF(INDEX(CalcPriceA,$M25)=0,"",INDEX(CalcPriceA,$M25)),"") -> 5000 | H25: =IF($N25<>"",IF(INDEX(CalcWitB,$N25)=0,"",INDEX(CalcWitB,$N25)),"") | I25: =IF($M25<>"",INDEX(CalcAmtA,$M25),"") -> 3250000 | J25: =IF($B25="","",IF($J24="",$C$8,$J24)+IF($I25="",0,$I25)+IF($E25="",0,$E25)-IF($H25="",0,$H25)) -> #REF! | K25: =IF($M25<>"",IF(INDEX(CalcNoteA,$M25)="","—",INDEX(CalcNoteA,$M25)),IF($N25<>"",IF(INDEX(CalcNoteB,$N25)="","—",INDEX(CalcNoteB,$N25)),"")) -> 0 | M25: =IFERROR(MATCH($C$5&"|"&RIGHT("000000"&9,6),CalcRankKeyA,0),"") -> 7 | N25: =IFERROR(MATCH($C$5&"|"&RIGHT("000000"&9,6),CalcRankKeyB,0),"")
A26: 10 | B26: =IF(AND($M26="",$N26=""),"",IF($M26<>"",INDEX(CalcDateA,$M26),INDEX(CalcDateB,$N26))) -> 1405/07/17 | C26: =IF($M26<>"","خرید سبد",IF($N26<>"",IF(N(INDEX(CalcDepB,$N26))>0,"دریافت بانکی","پرداخت بانکی"),"")) -> خرید سبد | D26: =IF($M26<>"",IF(INDEX(CalcDocA,$M26)="","—",INDEX(CalcDocA,$M26)),IF($N26<>"",INDEX(CalcBankB,$N26),"")) -> 0 | E26: =IF($N26<>"",IF(INDEX(CalcDepB,$N26)=0,"",INDEX(CalcDepB,$N26)),"") | F26: =IF($M26<>"",IF(INDEX(CalcQtyA,$M26)=0,"",INDEX(CalcQtyA,$M26)),"") -> 749 | G26: =IF($M26<>"",IF(INDEX(CalcPriceA,$M26)=0,"",INDEX(CalcPriceA,$M26)),"") -> 25000 | H26: =IF($N26<>"",IF(INDEX(CalcWitB,$N26)=0,"",INDEX(CalcWitB,$N26)),"") | I26: =IF($M26<>"",INDEX(CalcAmtA,$M26),"") -> 18725000 | J26: =IF($B26="","",IF($J25="",$C$8,$J25)+IF($I26="",0,$I26)+IF($E26="",0,$E26)-IF($H26="",0,$H26)) -> #REF! | K26: =IF($M26<>"",IF(INDEX(CalcNoteA,$M26)="","—",INDEX(CalcNoteA,$M26)),IF($N26<>"",IF(INDEX(CalcNoteB,$N26)="","—",INDEX(CalcNoteB,$N26)),"")) -> 0 | M26: =IFERROR(MATCH($C$5&"|"&RIGHT("000000"&10,6),CalcRankKeyA,0),"") -> 8 | N26: =IFERROR(MATCH($C$5&"|"&RIGHT("000000"&10,6),CalcRankKeyB,0),"")
A27: 11 | B27: =IF(AND($M27="",$N27=""),"",IF($M27<>"",INDEX(CalcDateA,$M27),INDEX(CalcDateB,$N27))) -> 1405/07/17 | C27: =IF($M27<>"","خرید سبد",IF($N27<>"",IF(N(INDEX(CalcDepB,$N27))>0,"دریافت بانکی","پرداخت بانکی"),"")) -> خرید سبد | D27: =IF($M27<>"",IF(INDEX(CalcDocA,$M27)="","—",INDEX(CalcDocA,$M27)),IF($N27<>"",INDEX(CalcBankB,$N27),"")) -> 0 | E27: =IF($N27<>"",IF(INDEX(CalcDepB,$N27)=0,"",INDEX(CalcDepB,$N27)),"") | F27: =IF($M27<>"",IF(INDEX(CalcQtyA,$M27)=0,"",INDEX(CalcQtyA,$M27)),"") -> 800 | G27: =IF($M27<>"",IF(INDEX(CalcPriceA,$M27)=0,"",INDEX(CalcPriceA,$M27)),"") -> 5000 | H27: =IF($N27<>"",IF(INDEX(CalcWitB,$N27)=0,"",INDEX(CalcWitB,$N27)),"") | I27: =IF($M27<>"",INDEX(CalcAmtA,$M27),"") -> 4000000 | J27: =IF($B27="","",IF($J26="",$C$8,$J26)+IF($I27="",0,$I27)+IF($E27="",0,$E27)-IF($H27="",0,$H27)) -> #REF! | K27: =IF($M27<>"",IF(INDEX(CalcNoteA,$M27)="","—",INDEX(CalcNoteA,$M27)),IF($N27<>"",IF(INDEX(CalcNoteB,$N27)="","—",INDEX(CalcNoteB,$N27)),"")) -> 0 | M27: =IFERROR(MATCH($C$5&"|"&RIGHT("000000"&11,6),CalcRankKeyA,0),"") -> 9 | N27: =IFERROR(MATCH($C$5&"|"&RIGHT("000000"&11,6),CalcRankKeyB,0),"")
A28: 12 | B28: =IF(AND($M28="",$N28=""),"",IF($M28<>"",INDEX(CalcDateA,$M28),INDEX(CalcDateB,$N28))) -> 1405/07/17 | C28: =IF($M28<>"","خرید سبد",IF($N28<>"",IF(N(INDEX(CalcDepB,$N28))>0,"دریافت بانکی","پرداخت بانکی"),"")) -> خرید سبد | D28: =IF($M28<>"",IF(INDEX(CalcDocA,$M28)="","—",INDEX(CalcDocA,$M28)),IF($N28<>"",INDEX(CalcBankB,$N28),"")) -> 0 | E28: =IF($N28<>"",IF(INDEX(CalcDepB,$N28)=0,"",INDEX(CalcDepB,$N28)),"") | F28: =IF($M28<>"",IF(INDEX(CalcQtyA,$M28)=0,"",INDEX(CalcQtyA,$M28)),"") -> 749 | G28: =IF($M28<>"",IF(INDEX(CalcPriceA,$M28)=0,"",INDEX(CalcPriceA,$M28)),"") -> 25000 | H28: =IF($N28<>"",IF(INDEX(CalcWitB,$N28)=0,"",INDEX(CalcWitB,$N28)),"") | I28: =IF($M28<>"",INDEX(CalcAmtA,$M28),"") -> 18725000 | J28: =IF($B28="","",IF($J27="",$C$8,$J27)+IF($I28="",0,$I28)+IF($E28="",0,$E28)-IF($H28="",0,$H28)) -> #REF! | K28: =IF($M28<>"",IF(INDEX(CalcNoteA,$M28)="","—",INDEX(CalcNoteA,$M28)),IF($N28<>"",IF(INDEX(CalcNoteB,$N28)="","—",INDEX(CalcNoteB,$N28)),"")) -> 0 | M28: =IFERROR(MATCH($C$5&"|"&RIGHT("000000"&12,6),CalcRankKeyA,0),"") -> 10 | N28: =IFERROR(MATCH($C$5&"|"&RIGHT("000000"&12,6),CalcRankKeyB,0),"")
A29: 13 | B29: =IF(AND($M29="",$N29=""),"",IF($M29<>"",INDEX(CalcDateA,$M29),INDEX(CalcDateB,$N29))) -> 1405/07/17 | C29: =IF($M29<>"","خرید سبد",IF($N29<>"",IF(N(INDEX(CalcDepB,$N29))>0,"دریافت بانکی","پرداخت بانکی"),"")) -> خرید سبد | D29: =IF($M29<>"",IF(INDEX(CalcDocA,$M29)="","—",INDEX(CalcDocA,$M29)),IF($N29<>"",INDEX(CalcBankB,$N29),"")) -> 0 | E29: =IF($N29<>"",IF(INDEX(CalcDepB,$N29)=0,"",INDEX(CalcDepB,$N29)),"") | F29: =IF($M29<>"",IF(INDEX(CalcQtyA,$M29)=0,"",INDEX(CalcQtyA,$M29)),"") -> 800 | G29: =IF($M29<>"",IF(INDEX(CalcPriceA,$M29)=0,"",INDEX(CalcPriceA,$M29)),"") -> 5000 | H29: =IF($N29<>"",IF(INDEX(CalcWitB,$N29)=0,"",INDEX(CalcWitB,$N29)),"") | I29: =IF($M29<>"",INDEX(CalcAmtA,$M29),"") -> 4000000 | J29: =IF($B29="","",IF($J28="",$C$8,$J28)+IF($I29="",0,$I29)+IF($E29="",0,$E29)-IF($H29="",0,$H29)) -> #REF! | K29: =IF($M29<>"",IF(INDEX(CalcNoteA,$M29)="","—",INDEX(CalcNoteA,$M29)),IF($N29<>"",IF(INDEX(CalcNoteB,$N29)="","—",INDEX(CalcNoteB,$N29)),"")) -> 0 | M29: =IFERROR(MATCH($C$5&"|"&RIGHT("000000"&13,6),CalcRankKeyA,0),"") -> 11 | N29: =IFERROR(MATCH($C$5&"|"&RIGHT("000000"&13,6),CalcRankKeyB,0),"")
A30: 14 | B30: =IF(AND($M30="",$N30=""),"",IF($M30<>"",INDEX(CalcDateA,$M30),INDEX(CalcDateB,$N30))) -> 1405/07/17 | C30: =IF($M30<>"","خرید سبد",IF($N30<>"",IF(N(INDEX(CalcDepB,$N30))>0,"دریافت بانکی","پرداخت بانکی"),"")) -> خرید سبد | D30: =IF($M30<>"",IF(INDEX(CalcDocA,$M30)="","—",INDEX(CalcDocA,$M30)),IF($N30<>"",INDEX(CalcBankB,$N30),"")) -> 0 | E30: =IF($N30<>"",IF(INDEX(CalcDepB,$N30)=0,"",INDEX(CalcDepB,$N30)),"") | F30: =IF($M30<>"",IF(INDEX(CalcQtyA,$M30)=0,"",INDEX(CalcQtyA,$M30)),"") -> 749 | G30: =IF($M30<>"",IF(INDEX(CalcPriceA,$M30)=0,"",INDEX(CalcPriceA,$M30)),"") -> 25000 | H30: =IF($N30<>"",IF(INDEX(CalcWitB,$N30)=0,"",INDEX(CalcWitB,$N30)),"") | I30: =IF($M30<>"",INDEX(CalcAmtA,$M30),"") -> 18725000 | J30: =IF($B30="","",IF($J29="",$C$8,$J29)+IF($I30="",0,$I30)+IF($E30="",0,$E30)-IF($H30="",0,$H30)) -> #REF! | K30: =IF($M30<>"",IF(INDEX(CalcNoteA,$M30)="","—",INDEX(CalcNoteA,$M30)),IF($N30<>"",IF(INDEX(CalcNoteB,$N30)="","—",INDEX(CalcNoteB,$N30)),"")) -> 0 | M30: =IFERROR(MATCH($C$5&"|"&RIGHT("000000"&14,6),CalcRankKeyA,0),"") -> 12 | N30: =IFERROR(MATCH($C$5&"|"&RIGHT("000000"&14,6),CalcRankKeyB,0),"")
A31: 15 | B31: =IF(AND($M31="",$N31=""),"",IF($M31<>"",INDEX(CalcDateA,$M31),INDEX(CalcDateB,$N31))) -> 1405/07/19 | C31: =IF($M31<>"","خرید سبد",IF($N31<>"",IF(N(INDEX(CalcDepB,$N31))>0,"دریافت بانکی","پرداخت بانکی"),"")) -> خرید سبد | D31: =IF($M31<>"",IF(INDEX(CalcDocA,$M31)="","—",INDEX(CalcDocA,$M31)),IF($N31<>"",INDEX(CalcBankB,$N31),"")) -> 0 | E31: =IF($N31<>"",IF(INDEX(CalcDepB,$N31)=0,"",INDEX(CalcDepB,$N31)),"") | F31: =IF($M31<>"",IF(INDEX(CalcQtyA,$M31)=0,"",INDEX(CalcQtyA,$M31)),"") -> 960 | G31: =IF($M31<>"",IF(INDEX(CalcPriceA,$M31)=0,"",INDEX(CalcPriceA,$M31)),"") -> 17500 | H31: =IF($N31<>"",IF(INDEX(CalcWitB,$N31)=0,"",INDEX(CalcWitB,$N31)),"") | I31: =IF($M31<>"",INDEX(CalcAmtA,$M31),"") -> 16800000 | J31: =IF($B31="","",IF($J30="",$C$8,$J30)+IF($I31="",0,$I31)+IF($E31="",0,$E31)-IF($H31="",0,$H31)) -> #REF! | K31: =IF($M31<>"",IF(INDEX(CalcNoteA,$M31)="","—",INDEX(CalcNoteA,$M31)),IF($N31<>"",IF(INDEX(CalcNoteB,$N31)="","—",INDEX(CalcNoteB,$N31)),"")) -> 0 | M31: =IFERROR(MATCH($C$5&"|"&RIGHT("000000"&15,6),CalcRankKeyA,0),"") -> 19 | N31: =IFERROR(MATCH($C$5&"|"&RIGHT("000000"&15,6),CalcRankKeyB,0),"")
A32: 16 | B32: =IF(AND($M32="",$N32=""),"",IF($M32<>"",INDEX(CalcDateA,$M32),INDEX(CalcDateB,$N32))) -> 1405/07/20 | C32: =IF($M32<>"","خرید سبد",IF($N32<>"",IF(N(INDEX(CalcDepB,$N32))>0,"دریافت بانکی","پرداخت بانکی"),"")) -> خرید سبد | D32: =IF($M32<>"",IF(INDEX(CalcDocA,$M32)="","—",INDEX(CalcDocA,$M32)),IF($N32<>"",INDEX(CalcBankB,$N32),"")) -> 0 | E32: =IF($N32<>"",IF(INDEX(CalcDepB,$N32)=0,"",INDEX(CalcDepB,$N32)),"") | F32: =IF($M32<>"",IF(INDEX(CalcQtyA,$M32)=0,"",INDEX(CalcQtyA,$M32)),"") -> 3840 | G32: =IF($M32<>"",IF(INDEX(CalcPriceA,$M32)=0,"",INDEX(CalcPriceA,$M32)),"") -> 15000 | H32: =IF($N32<>"",IF(INDEX(CalcWitB,$N32)=0,"",INDEX(CalcWitB,$N32)),"") | I32: =IF($M32<>"",INDEX(CalcAmtA,$M32),"") -> 57600000 | J32: =IF($B32="","",IF($J31="",$C$8,$J31)+IF($I32="",0,$I32)+IF($E32="",0,$E32)-IF($H32="",0,$H32)) -> #REF! | K32: =IF($M32<>"",IF(INDEX(CalcNoteA,$M32)="","—",INDEX(CalcNoteA,$M32)),IF($N32<>"",IF(INDEX(CalcNoteB,$N32)="","—",INDEX(CalcNoteB,$N32)),"")) -> 0 | M32: =IFERROR(MATCH($C$5&"|"&RIGHT("000000"&16,6),CalcRankKeyA,0),"") -> 20 | N32: =IFERROR(MATCH($C$5&"|"&RIGHT("000000"&16,6),CalcRankKeyB,0),"")
A33: 17 | B33: =IF(AND($M33="",$N33=""),"",IF($M33<>"",INDEX(CalcDateA,$M33),INDEX(CalcDateB,$N33))) -> 1405/07/20 | C33: =IF($M33<>"","خرید سبد",IF($N33<>"",IF(N(INDEX(CalcDepB,$N33))>0,"دریافت بانکی","پرداخت بانکی"),"")) -> خرید سبد | D33: =IF($M33<>"",IF(INDEX(CalcDocA,$M33)="","—",INDEX(CalcDocA,$M33)),IF($N33<>"",INDEX(CalcBankB,$N33),"")) -> 0 | E33: =IF($N33<>"",IF(INDEX(CalcDepB,$N33)=0,"",INDEX(CalcDepB,$N33)),"") | F33: =IF($M33<>"",IF(INDEX(CalcQtyA,$M33)=0,"",INDEX(CalcQtyA,$M33)),"") -> 1000 | G33: =IF($M33<>"",IF(INDEX(CalcPriceA,$M33)=0,"",INDEX(CalcPriceA,$M33)),"") -> 16000 | H33: =IF($N33<>"",IF(INDEX(CalcWitB,$N33)=0,"",INDEX(CalcWitB,$N33)),"") | I33: =IF($M33<>"",INDEX(CalcAmtA,$M33),"") -> 16000000 | J33: =IF($B33="","",IF($J32="",$C$8,$J32)+IF($I33="",0,$I33)+IF($E33="",0,$E33)-IF($H33="",0,$H33)) -> #REF! | K33: =IF($M33<>"",IF(INDEX(CalcNoteA,$M33)="","—",INDEX(CalcNoteA,$M33)),IF($N33<>"",IF(INDEX(CalcNoteB,$N33)="","—",INDEX(CalcNoteB,$N33)),"")) -> 0 | M33: =IFERROR(MATCH($C$5&"|"&RIGHT("000000"&17,6),CalcRankKeyA,0),"") -> 21 | N33: =IFERROR(MATCH($C$5&"|"&RIGHT("000000"&17,6),CalcRankKeyB,0),"")
A34: 18 | B34: =IF(AND($M34="",$N34=""),"",IF($M34<>"",INDEX(CalcDateA,$M34),INDEX(CalcDateB,$N34))) -> 1405/07/23 | C34: =IF($M34<>"","خرید سبد",IF($N34<>"",IF(N(INDEX(CalcDepB,$N34))>0,"دریافت بانکی","پرداخت بانکی"),"")) -> خرید سبد | D34: =IF($M34<>"",IF(INDEX(CalcDocA,$M34)="","—",INDEX(CalcDocA,$M34)),IF($N34<>"",INDEX(CalcBankB,$N34),"")) -> 0 | E34: =IF($N34<>"",IF(INDEX(CalcDepB,$N34)=0,"",INDEX(CalcDepB,$N34)),"") | F34: =IF($M34<>"",IF(INDEX(CalcQtyA,$M34)=0,"",INDEX(CalcQtyA,$M34)),"") -> 565 | G34: =IF($M34<>"",IF(INDEX(CalcPriceA,$M34)=0,"",INDEX(CalcPriceA,$M34)),"") -> 45000 | H34: =IF($N34<>"",IF(INDEX(CalcWitB,$N34)=0,"",INDEX(CalcWitB,$N34)),"") | I34: =IF($M34<>"",INDEX(CalcAmtA,$M34),"") -> 25425000 | J34: =IF($B34="","",IF($J33="",$C$8,$J33)+IF($I34="",0,$I34)+IF($E34="",0,$E34)-IF($H34="",0,$H34)) -> #REF! | K34: =IF($M34<>"",IF(INDEX(CalcNoteA,$M34)="","—",INDEX(CalcNoteA,$M34)),IF($N34<>"",IF(INDEX(CalcNoteB,$N34)="","—",INDEX(CalcNoteB,$N34)),"")) -> 0 | M34: =IFERROR(MATCH($C$5&"|"&RIGHT("000000"&18,6),CalcRankKeyA,0),"") -> 22 | N34: =IFERROR(MATCH($C$5&"|"&RIGHT("000000"&18,6),CalcRankKeyB,0),"")
A35: 19 | B35: =IF(AND($M35="",$N35=""),"",IF($M35<>"",INDEX(CalcDateA,$M35),INDEX(CalcDateB,$N35))) -> 1405/07/24 | C35: =IF($M35<>"","خرید سبد",IF($N35<>"",IF(N(INDEX(CalcDepB,$N35))>0,"دریافت بانکی","پرداخت بانکی"),"")) -> خرید سبد | D35: =IF($M35<>"",IF(INDEX(CalcDocA,$M35)="","—",INDEX(CalcDocA,$M35)),IF($N35<>"",INDEX(CalcBankB,$N35),"")) -> 0 | E35: =IF($N35<>"",IF(INDEX(CalcDepB,$N35)=0,"",INDEX(CalcDepB,$N35)),"") | F35: =IF($M35<>"",IF(INDEX(CalcQtyA,$M35)=0,"",INDEX(CalcQtyA,$M35)),"") -> 805 | G35: =IF($M35<>"",IF(INDEX(CalcPriceA,$M35)=0,"",INDEX(CalcPriceA,$M35)),"") -> 45000 | H35: =IF($N35<>"",IF(INDEX(CalcWitB,$N35)=0,"",INDEX(CalcWitB,$N35)),"") | I35: =IF($M35<>"",INDEX(CalcAmtA,$M35),"") -> 36225000 | J35: =IF($B35="","",IF($J34="",$C$8,$J34)+IF($I35="",0,$I35)+IF($E35="",0,$E35)-IF($H35="",0,$H35)) -> #REF! | K35: =IF($M35<>"",IF(INDEX(CalcNoteA,$M35)="","—",INDEX(CalcNoteA,$M35)),IF($N35<>"",IF(INDEX(CalcNoteB,$N35)="","—",INDEX(CalcNoteB,$N35)),"")) -> 0 | M35: =IFERROR(MATCH($C$5&"|"&RIGHT("000000"&19,6),CalcRankKeyA,0),"") -> 23 | N35: =IFERROR(MATCH($C$5&"|"&RIGHT("000000"&19,6),CalcRankKeyB,0),"")
A36: 20 | B36: =IF(AND($M36="",$N36=""),"",IF($M36<>"",INDEX(CalcDateA,$M36),INDEX(CalcDateB,$N36))) -> 1405/07/25 | C36: =IF($M36<>"","خرید سبد",IF($N36<>"",IF(N(INDEX(CalcDepB,$N36))>0,"دریافت بانکی","پرداخت بانکی"),"")) -> خرید سبد | D36: =IF($M36<>"",IF(INDEX(CalcDocA,$M36)="","—",INDEX(CalcDocA,$M36)),IF($N36<>"",INDEX(CalcBankB,$N36),"")) -> 0 | E36: =IF($N36<>"",IF(INDEX(CalcDepB,$N36)=0,"",INDEX(CalcDepB,$N36)),"") | F36: =IF($M36<>"",IF(INDEX(CalcQtyA,$M36)=0,"",INDEX(CalcQtyA,$M36)),"") -> 1420 | G36: =IF($M36<>"",IF(INDEX(CalcPriceA,$M36)=0,"",INDEX(CalcPriceA,$M36)),"") -> 16000 | H36: =IF($N36<>"",IF(INDEX(CalcWitB,$N36)=0,"",INDEX(CalcWitB,$N36)),"") | I36: =IF($M36<>"",INDEX(CalcAmtA,$M36),"") -> 22720000 | J36: =IF($B36="","",IF($J35="",$C$8,$J35)+IF($I36="",0,$I36)+IF($E36="",0,$E36)-IF($H36="",0,$H36)) -> #REF! | K36: =IF($M36<>"",IF(INDEX(CalcNoteA,$M36)="","—",INDEX(CalcNoteA,$M36)),IF($N36<>"",IF(INDEX(CalcNoteB,$N36)="","—",INDEX(CalcNoteB,$N36)),"")) -> 0 | M36: =IFERROR(MATCH($C$5&"|"&RIGHT("000000"&20,6),CalcRankKeyA,0),"") -> 30 | N36: =IFERROR(MATCH($C$5&"|"&RIGHT("000000"&20,6),CalcRankKeyB,0),"")
A37: 21 | B37: =IF(AND($M37="",$N37=""),"",IF($M37<>"",INDEX(CalcDateA,$M37),INDEX(CalcDateB,$N37))) -> 1405/07/25 | C37: =IF($M37<>"","خرید سبد",IF($N37<>"",IF(N(INDEX(CalcDepB,$N37))>0,"دریافت بانکی","پرداخت بانکی"),"")) -> خرید سبد | D37: =IF($M37<>"",IF(INDEX(CalcDocA,$M37)="","—",INDEX(CalcDocA,$M37)),IF($N37<>"",INDEX(CalcBankB,$N37),"")) -> 0 | E37: =IF($N37<>"",IF(INDEX(CalcDepB,$N37)=0,"",INDEX(CalcDepB,$N37)),"") | F37: =IF($M37<>"",IF(INDEX(CalcQtyA,$M37)=0,"",INDEX(CalcQtyA,$M37)),"") -> 704 | G37: =IF($M37<>"",IF(INDEX(CalcPriceA,$M37)=0,"",INDEX(CalcPriceA,$M37)),"") -> 15000 | H37: =IF($N37<>"",IF(INDEX(CalcWitB,$N37)=0,"",INDEX(CalcWitB,$N37)),"") | I37: =IF($M37<>"",INDEX(CalcAmtA,$M37),"") -> 10560000 | J37: =IF($B37="","",IF($J36="",$C$8,$J36)+IF($I37="",0,$I37)+IF($E37="",0,$E37)-IF($H37="",0,$H37)) -> #REF! | K37: =IF($M37<>"",IF(INDEX(CalcNoteA,$M37)="","—",INDEX(CalcNoteA,$M37)),IF($N37<>"",IF(INDEX(CalcNoteB,$N37)="","—",INDEX(CalcNoteB,$N37)),"")) -> 0 | M37: =IFERROR(MATCH($C$5&"|"&RIGHT("000000"&21,6),CalcRankKeyA,0),"") -> 31 | N37: =IFERROR(MATCH($C$5&"|"&RIGHT("000000"&21,6),CalcRankKeyB,0),"")
A38: 22 | B38: =IF(AND($M38="",$N38=""),"",IF($M38<>"",INDEX(CalcDateA,$M38),INDEX(CalcDateB,$N38))) -> 1405/07/26 | C38: =IF($M38<>"","خرید سبد",IF($N38<>"",IF(N(INDEX(CalcDepB,$N38))>0,"دریافت بانکی","پرداخت بانکی"),"")) -> خرید سبد | D38: =IF($M38<>"",IF(INDEX(CalcDocA,$M38)="","—",INDEX(CalcDocA,$M38)),IF($N38<>"",INDEX(CalcBankB,$N38),"")) -> 0 | E38: =IF($N38<>"",IF(INDEX(CalcDepB,$N38)=0,"",INDEX(CalcDepB,$N38)),"") | F38: =IF($M38<>"",IF(INDEX(CalcQtyA,$M38)=0,"",INDEX(CalcQtyA,$M38)),"") -> 2300 | G38: =IF($M38<>"",IF(INDEX(CalcPriceA,$M38)=0,"",INDEX(CalcPriceA,$M38)),"") -> 16000 | H38: =IF($N38<>"",IF(INDEX(CalcWitB,$N38)=0,"",INDEX(CalcWitB,$N38)),"") | I38: =IF($M38<>"",INDEX(CalcAmtA,$M38),"") -> 36800000 | J38: =IF($B38="","",IF($J37="",$C$8,$J37)+IF($I38="",0,$I38)+IF($E38="",0,$E38)-IF($H38="",0,$H38)) -> #REF! | K38: =IF($M38<>"",IF(INDEX(CalcNoteA,$M38)="","—",INDEX(CalcNoteA,$M38)),IF($N38<>"",IF(INDEX(CalcNoteB,$N38)="","—",INDEX(CalcNoteB,$N38)),"")) -> 0 | M38: =IFERROR(MATCH($C$5&"|"&RIGHT("000000"&22,6),CalcRankKeyA,0),"") -> 32 | N38: =IFERROR(MATCH($C$5&"|"&RIGHT("000000"&22,6),CalcRankKeyB,0),"")
A39: 23 | B39: =IF(AND($M39="",$N39=""),"",IF($M39<>"",INDEX(CalcDateA,$M39),INDEX(CalcDateB,$N39))) -> 1405/07/26 | C39: =IF($M39<>"","خرید سبد",IF($N39<>"",IF(N(INDEX(CalcDepB,$N39))>0,"دریافت بانکی","پرداخت بانکی"),"")) -> خرید سبد | D39: =IF($M39<>"",IF(INDEX(CalcDocA,$M39)="","—",INDEX(CalcDocA,$M39)),IF($N39<>"",INDEX(CalcBankB,$N39),"")) -> 0 | E39: =IF($N39<>"",IF(INDEX(CalcDepB,$N39)=0,"",INDEX(CalcDepB,$N39)),"") | F39: =IF($M39<>"",IF(INDEX(CalcQtyA,$M39)=0,"",INDEX(CalcQtyA,$M39)),"") -> 420 | G39: =IF($M39<>"",IF(INDEX(CalcPriceA,$M39)=0,"",INDEX(CalcPriceA,$M39)),"") -> 25000 | H39: =IF($N39<>"",IF(INDEX(CalcWitB,$N39)=0,"",INDEX(CalcWitB,$N39)),"") | I39: =IF($M39<>"",INDEX(CalcAmtA,$M39),"") -> 10500000 | J39: =IF($B39="","",IF($J38="",$C$8,$J38)+IF($I39="",0,$I39)+IF($E39="",0,$E39)-IF($H39="",0,$H39)) -> #REF! | K39: =IF($M39<>"",IF(INDEX(CalcNoteA,$M39)="","—",INDEX(CalcNoteA,$M39)),IF($N39<>"",IF(INDEX(CalcNoteB,$N39)="","—",INDEX(CalcNoteB,$N39)),"")) -> 0 | M39: =IFERROR(MATCH($C$5&"|"&RIGHT("000000"&23,6),CalcRankKeyA,0),"") -> 33 | N39: =IFERROR(MATCH($C$5&"|"&RIGHT("000000"&23,6),CalcRankKeyB,0),"")
A40: 24 | B40: =IF(AND($M40="",$N40=""),"",IF($M40<>"",INDEX(CalcDateA,$M40),INDEX(CalcDateB,$N40))) -> 1405/07/28 | C40: =IF($M40<>"","خرید سبد",IF($N40<>"",IF(N(INDEX(CalcDepB,$N40))>0,"دریافت بانکی","پرداخت بانکی"),"")) -> خرید سبد | D40: =IF($M40<>"",IF(INDEX(CalcDocA,$M40)="","—",INDEX(CalcDocA,$M40)),IF($N40<>"",INDEX(CalcBankB,$N40),"")) -> 0 | E40: =IF($N40<>"",IF(INDEX(CalcDepB,$N40)=0,"",INDEX(CalcDepB,$N40)),"") | F40: =IF($M40<>"",IF(INDEX(CalcQtyA,$M40)=0,"",INDEX(CalcQtyA,$M40)),"") -> 400 | G40: =IF($M40<>"",IF(INDEX(CalcPriceA,$M40)=0,"",INDEX(CalcPriceA,$M40)),"") -> 5000 | H40: =IF($N40<>"",IF(INDEX(CalcWitB,$N40)=0,"",INDEX(CalcWitB,$N40)),"") | I40: =IF($M40<>"",INDEX(CalcAmtA,$M40),"") -> 2000000 | J40: =IF($B40="","",IF($J39="",$C$8,$J39)+IF($I40="",0,$I40)+IF($E40="",0,$E40)-IF($H40="",0,$H40)) -> #REF! | K40: =IF($M40<>"",IF(INDEX(CalcNoteA,$M40)="","—",INDEX(CalcNoteA,$M40)),IF($N40<>"",IF(INDEX(CalcNoteB,$N40)="","—",INDEX(CalcNoteB,$N40)),"")) -> 0 | M40: =IFERROR(MATCH($C$5&"|"&RIGHT("000000"&24,6),CalcRankKeyA,0),"") -> 34 | N40: =IFERROR(MATCH($C$5&"|"&RIGHT("000000"&24,6),CalcRankKeyB,0),"")
A41: 25 | B41: =IF(AND($M41="",$N41=""),"",IF($M41<>"",INDEX(CalcDateA,$M41),INDEX(CalcDateB,$N41))) -> 1405/07/28 | C41: =IF($M41<>"","خرید سبد",IF($N41<>"",IF(N(INDEX(CalcDepB,$N41))>0,"دریافت بانکی","پرداخت بانکی"),"")) -> خرید سبد | D41: =IF($M41<>"",IF(INDEX(CalcDocA,$M41)="","—",INDEX(CalcDocA,$M41)),IF($N41<>"",INDEX(CalcBankB,$N41),"")) -> 0 | E41: =IF($N41<>"",IF(INDEX(CalcDepB,$N41)=0,"",INDEX(CalcDepB,$N41)),"") | F41: =IF($M41<>"",IF(INDEX(CalcQtyA,$M41)=0,"",INDEX(CalcQtyA,$M41)),"") -> 1200 | G41: =IF($M41<>"",IF(INDEX(CalcPriceA,$M41)=0,"",INDEX(CalcPriceA,$M41)),"") -> 5000 | H41: =IF($N41<>"",IF(INDEX(CalcWitB,$N41)=0,"",INDEX(CalcWitB,$N41)),"") | I41: =IF($M41<>"",INDEX(CalcAmtA,$M41),"") -> 6000000 | J41: =IF($B41="","",IF($J40="",$C$8,$J40)+IF($I41="",0,$I41)+IF($E41="",0,$E41)-IF($H41="",0,$H41)) -> #REF! | K41: =IF($M41<>"",IF(INDEX(CalcNoteA,$M41)="","—",INDEX(CalcNoteA,$M41)),IF($N41<>"",IF(INDEX(CalcNoteB,$N41)="","—",INDEX(CalcNoteB,$N41)),"")) -> 0 | M41: =IFERROR(MATCH($C$5&"|"&RIGHT("000000"&25,6),CalcRankKeyA,0),"") -> 36 | N41: =IFERROR(MATCH($C$5&"|"&RIGHT("000000"&25,6),CalcRankKeyB,0),"")
A42: 26 | B42: =IF(AND($M42="",$N42=""),"",IF($M42<>"",INDEX(CalcDateA,$M42),INDEX(CalcDateB,$N42))) -> 1405/07/28 | C42: =IF($M42<>"","خرید سبد",IF($N42<>"",IF(N(INDEX(CalcDepB,$N42))>0,"دریافت بانکی","پرداخت بانکی"),"")) -> خرید سبد | D42: =IF($M42<>"",IF(INDEX(CalcDocA,$M42)="","—",INDEX(CalcDocA,$M42)),IF($N42<>"",INDEX(CalcBankB,$N42),"")) -> 0 | E42: =IF($N42<>"",IF(INDEX(CalcDepB,$N42)=0,"",INDEX(CalcDepB,$N42)),"") | F42: =IF($M42<>"",IF(INDEX(CalcQtyA,$M42)=0,"",INDEX(CalcQtyA,$M42)),"") -> 847 | G42: =IF($M42<>"",IF(INDEX(CalcPriceA,$M42)=0,"",INDEX(CalcPriceA,$M42)),"") -> 47000 | H42: =IF($N42<>"",IF(INDEX(CalcWitB,$N42)=0,"",INDEX(CalcWitB,$N42)),"") | I42: =IF($M42<>"",INDEX(CalcAmtA,$M42),"") -> 39809000 | J42: =IF($B42="","",IF($J41="",$C$8,$J41)+IF($I42="",0,$I42)+IF($E42="",0,$E42)-IF($H42="",0,$H42)) -> #REF! | K42: =IF($M42<>"",IF(INDEX(CalcNoteA,$M42)="","—",INDEX(CalcNoteA,$M42)),IF($N42<>"",IF(INDEX(CalcNoteB,$N42)="","—",INDEX(CalcNoteB,$N42)),"")) -> 0 | M42: =IFERROR(MATCH($C$5&"|"&RIGHT("000000"&26,6),CalcRankKeyA,0),"") -> 37 | N42: =IFERROR(MATCH($C$5&"|"&RIGHT("000000"&26,6),CalcRankKeyB,0),"")
A43: 27 | B43: =IF(AND($M43="",$N43=""),"",IF($M43<>"",INDEX(CalcDateA,$M43),INDEX(CalcDateB,$N43))) -> 1405/07/29 | C43: =IF($M43<>"","خرید سبد",IF($N43<>"",IF(N(INDEX(CalcDepB,$N43))>0,"دریافت بانکی","پرداخت بانکی"),"")) -> خرید سبد | D43: =IF($M43<>"",IF(INDEX(CalcDocA,$M43)="","—",INDEX(CalcDocA,$M43)),IF($N43<>"",INDEX(CalcBankB,$N43),"")) -> 0 | E43: =IF($N43<>"",IF(INDEX(CalcDepB,$N43)=0,"",INDEX(CalcDepB,$N43)),"") | F43: =IF($M43<>"",IF(INDEX(CalcQtyA,$M43)=0,"",INDEX(CalcQtyA,$M43)),"") -> 1190 | G43: =IF($M43<>"",IF(INDEX(CalcPriceA,$M43)=0,"",INDEX(CalcPriceA,$M43)),"") -> 25000 | H43: =IF($N43<>"",IF(INDEX(CalcWitB,$N43)=0,"",INDEX(CalcWitB,$N43)),"") | I43: =IF($M43<>"",INDEX(CalcAmtA,$M43),"") -> 29750000 | J43: =IF($B43="","",IF($J42="",$C$8,$J42)+IF($I43="",0,$I43)+IF($E43="",0,$E43)-IF($H43="",0,$H43)) -> #REF! | K43: =IF($M43<>"",IF(INDEX(CalcNoteA,$M43)="","—",INDEX(CalcNoteA,$M43)),IF($N43<>"",IF(INDEX(CalcNoteB,$N43)="","—",INDEX(CalcNoteB,$N43)),"")) -> 0 | M43: =IFERROR(MATCH($C$5&"|"&RIGHT("000000"&27,6),CalcRankKeyA,0),"") -> 35 | N43: =IFERROR(MATCH($C$5&"|"&RIGHT("000000"&27,6),CalcRankKeyB,0),"")
A44: 28 | B44: =IF(AND($M44="",$N44=""),"",IF($M44<>"",INDEX(CalcDateA,$M44),INDEX(CalcDateB,$N44))) -> 1405/08/01 | C44: =IF($M44<>"","خرید سبد",IF($N44<>"",IF(N(INDEX(CalcDepB,$N44))>0,"دریافت بانکی","پرداخت بانکی"),"")) -> خرید سبد | D44: =IF($M44<>"",IF(INDEX(CalcDocA,$M44)="","—",INDEX(CalcDocA,$M44)),IF($N44<>"",INDEX(CalcBankB,$N44),"")) -> 0 | E44: =IF($N44<>"",IF(INDEX(CalcDepB,$N44)=0,"",INDEX(CalcDepB,$N44)),"") | F44: =IF($M44<>"",IF(INDEX(CalcQtyA,$M44)=0,"",INDEX(CalcQtyA,$M44)),"") -> 2051 | G44: =IF($M44<>"",IF(INDEX(CalcPriceA,$M44)=0,"",INDEX(CalcPriceA,$M44)),"") -> 47000 | H44: =IF($N44<>"",IF(INDEX(CalcWitB,$N44)=0,"",INDEX(CalcWitB,$N44)),"") | I44: =IF($M44<>"",INDEX(CalcAmtA,$M44),"") -> 96397000 | J44: =IF($B44="","",IF($J43="",$C$8,$J43)+IF($I44="",0,$I44)+IF($E44="",0,$E44)-IF($H44="",0,$H44)) -> #REF! | K44: =IF($M44<>"",IF(INDEX(CalcNoteA,$M44)="","—",INDEX(CalcNoteA,$M44)),IF($N44<>"",IF(INDEX(CalcNoteB,$N44)="","—",INDEX(CalcNoteB,$N44)),"")) -> 0 | M44: =IFERROR(MATCH($C$5&"|"&RIGHT("000000"&28,6),CalcRankKeyA,0),"") -> 38 | N44: =IFERROR(MATCH($C$5&"|"&RIGHT("000000"&28,6),CalcRankKeyB,0),"")
A45: 29 | B45: =IF(AND($M45="",$N45=""),"",IF($M45<>"",INDEX(CalcDateA,$M45),INDEX(CalcDateB,$N45))) -> 1405/08/01 | C45: =IF($M45<>"","خرید سبد",IF($N45<>"",IF(N(INDEX(CalcDepB,$N45))>0,"دریافت بانکی","پرداخت بانکی"),"")) -> خرید سبد | D45: =IF($M45<>"",IF(INDEX(CalcDocA,$M45)="","—",INDEX(CalcDocA,$M45)),IF($N45<>"",INDEX(CalcBankB,$N45),"")) -> 0 | E45: =IF($N45<>"",IF(INDEX(CalcDepB,$N45)=0,"",INDEX(CalcDepB,$N45)),"") | F45: =IF($M45<>"",IF(INDEX(CalcQtyA,$M45)=0,"",INDEX(CalcQtyA,$M45)),"") -> 1250 | G45: =IF($M45<>"",IF(INDEX(CalcPriceA,$M45)=0,"",INDEX(CalcPriceA,$M45)),"") -> 25000 | H45: =IF($N45<>"",IF(INDEX(CalcWitB,$N45)=0,"",INDEX(CalcWitB,$N45)),"") | I45: =IF($M45<>"",INDEX(CalcAmtA,$M45),"") -> 31250000 | J45: =IF($B45="","",IF($J44="",$C$8,$J44)+IF($I45="",0,$I45)+IF($E45="",0,$E45)-IF($H45="",0,$H45)) -> #REF! | K45: =IF($M45<>"",IF(INDEX(CalcNoteA,$M45)="","—",INDEX(CalcNoteA,$M45)),IF($N45<>"",IF(INDEX(CalcNoteB,$N45)="","—",INDEX(CalcNoteB,$N45)),"")) -> 0 | M45: =IFERROR(MATCH($C$5&"|"&RIGHT("000000"&29,6),CalcRankKeyA,0),"") -> 39 | N45: =IFERROR(MATCH($C$5&"|"&RIGHT("000000"&29,6),CalcRankKeyB,0),"")
A46: 30 | B46: =IF(AND($M46="",$N46=""),"",IF($M46<>"",INDEX(CalcDateA,$M46),INDEX(CalcDateB,$N46))) -> 1405/08/03 | C46: =IF($M46<>"","خرید سبد",IF($N46<>"",IF(N(INDEX(CalcDepB,$N46))>0,"دریافت بانکی","پرداخت بانکی"),"")) -> خرید سبد | D46: =IF($M46<>"",IF(INDEX(CalcDocA,$M46)="","—",INDEX(CalcDocA,$M46)),IF($N46<>"",INDEX(CalcBankB,$N46),"")) -> 0 | E46: =IF($N46<>"",IF(INDEX(CalcDepB,$N46)=0,"",INDEX(CalcDepB,$N46)),"") | F46: =IF($M46<>"",IF(INDEX(CalcQtyA,$M46)=0,"",INDEX(CalcQtyA,$M46)),"") -> 1200 | G46: =IF($M46<>"",IF(INDEX(CalcPriceA,$M46)=0,"",INDEX(CalcPriceA,$M46)),"") -> 5000 | H46: =IF($N46<>"",IF(INDEX(CalcWitB,$N46)=0,"",INDEX(CalcWitB,$N46)),"") | I46: =IF($M46<>"",INDEX(CalcAmtA,$M46),"") -> 6000000 | J46: =IF($B46="","",IF($J45="",$C$8,$J45)+IF($I46="",0,$I46)+IF($E46="",0,$E46)-IF($H46="",0,$H46)) -> #REF! | K46: =IF($M46<>"",IF(INDEX(CalcNoteA,$M46)="","—",INDEX(CalcNoteA,$M46)),IF($N46<>"",IF(INDEX(CalcNoteB,$N46)="","—",INDEX(CalcNoteB,$N46)),"")) -> 0 | M46: =IFERROR(MATCH($C$5&"|"&RIGHT("000000"&30,6),CalcRankKeyA,0),"") -> 40 | N46: =IFERROR(MATCH($C$5&"|"&RIGHT("000000"&30,6),CalcRankKeyB,0),"")
A47: 31 | B47: =IF(AND($M47="",$N47=""),"",IF($M47<>"",INDEX(CalcDateA,$M47),INDEX(CalcDateB,$N47))) -> 1405/08/03 | C47: =IF($M47<>"","خرید سبد",IF($N47<>"",IF(N(INDEX(CalcDepB,$N47))>0,"دریافت بانکی","پرداخت بانکی"),"")) -> خرید سبد | D47: =IF($M47<>"",IF(INDEX(CalcDocA,$M47)="","—",INDEX(CalcDocA,$M47)),IF($N47<>"",INDEX(CalcBankB,$N47),"")) -> 0 | E47: =IF($N47<>"",IF(INDEX(CalcDepB,$N47)=0,"",INDEX(CalcDepB,$N47)),"") | F47: =IF($M47<>"",IF(INDEX(CalcQtyA,$M47)=0,"",INDEX(CalcQtyA,$M47)),"") -> 925 | G47: =IF($M47<>"",IF(INDEX(CalcPriceA,$M47)=0,"",INDEX(CalcPriceA,$M47)),"") -> 25000 | H47: =IF($N47<>"",IF(INDEX(CalcWitB,$N47)=0,"",INDEX(CalcWitB,$N47)),"") | I47: =IF($M47<>"",INDEX(CalcAmtA,$M47),"") -> 23125000 | J47: =IF($B47="","",IF($J46="",$C$8,$J46)+IF($I47="",0,$I47)+IF($E47="",0,$E47)-IF($H47="",0,$H47)) -> #REF! | K47: =IF($M47<>"",IF(INDEX(CalcNoteA,$M47)="","—",INDEX(CalcNoteA,$M47)),IF($N47<>"",IF(INDEX(CalcNoteB,$N47)="","—",INDEX(CalcNoteB,$N47)),"")) -> 0 | M47: =IFERROR(MATCH($C$5&"|"&RIGHT("000000"&31,6),CalcRankKeyA,0),"") -> 41 | N47: =IFERROR(MATCH($C$5&"|"&RIGHT("000000"&31,6),CalcRankKeyB,0),"")
A48: 32 | B48: =IF(AND($M48="",$N48=""),"",IF($M48<>"",INDEX(CalcDateA,$M48),INDEX(CalcDateB,$N48))) -> 1405/08/03 | C48: =IF($M48<>"","خرید سبد",IF($N48<>"",IF(N(INDEX(CalcDepB,$N48))>0,"دریافت بانکی","پرداخت بانکی"),"")) -> خرید سبد | D48: =IF($M48<>"",IF(INDEX(CalcDocA,$M48)="","—",INDEX(CalcDocA,$M48)),IF($N48<>"",INDEX(CalcBankB,$N48),"")) -> 0 | E48: =IF($N48<>"",IF(INDEX(CalcDepB,$N48)=0,"",INDEX(CalcDepB,$N48)),"") | F48: =IF($M48<>"",IF(INDEX(CalcQtyA,$M48)=0,"",INDEX(CalcQtyA,$M48)),"") -> 1000 | G48: =IF($M48<>"",IF(INDEX(CalcPriceA,$M48)=0,"",INDEX(CalcPriceA,$M48)),"") -> 5000 | H48: =IF($N48<>"",IF(INDEX(CalcWitB,$N48)=0,"",INDEX(CalcWitB,$N48)),"") | I48: =IF($M48<>"",INDEX(CalcAmtA,$M48),"") -> 5000000 | J48: =IF($B48="","",IF($J47="",$C$8,$J47)+IF($I48="",0,$I48)+IF($E48="",0,$E48)-IF($H48="",0,$H48)) -> #REF! | K48: =IF($M48<>"",IF(INDEX(CalcNoteA,$M48)="","—",INDEX(CalcNoteA,$M48)),IF($N48<>"",IF(INDEX(CalcNoteB,$N48)="","—",INDEX(CalcNoteB,$N48)),"")) -> 0 | M48: =IFERROR(MATCH($C$5&"|"&RIGHT("000000"&32,6),CalcRankKeyA,0),"") -> 42 | N48: =IFERROR(MATCH($C$5&"|"&RIGHT("000000"&32,6),CalcRankKeyB,0),"")
A49: 33 | B49: =IF(AND($M49="",$N49=""),"",IF($M49<>"",INDEX(CalcDateA,$M49),INDEX(CalcDateB,$N49))) | C49: =IF($M49<>"","خرید سبد",IF($N49<>"",IF(N(INDEX(CalcDepB,$N49))>0,"دریافت بانکی","پرداخت بانکی"),"")) | D49: =IF($M49<>"",IF(INDEX(CalcDocA,$M49)="","—",INDEX(CalcDocA,$M49)),IF($N49<>"",INDEX(CalcBankB,$N49),"")) | E49: =IF($N49<>"",IF(INDEX(CalcDepB,$N49)=0,"",INDEX(CalcDepB,$N49)),"") | F49: =IF($M49<>"",IF(INDEX(CalcQtyA,$M49)=0,"",INDEX(CalcQtyA,$M49)),"") | G49: =IF($M49<>"",IF(INDEX(CalcPriceA,$M49)=0,"",INDEX(CalcPriceA,$M49)),"") | H49: =IF($N49<>"",IF(INDEX(CalcWitB,$N49)=0,"",INDEX(CalcWitB,$N49)),"") | I49: =IF($M49<>"",INDEX(CalcAmtA,$M49),"") | J49: =IF($B49="","",IF($J48="",$C$8,$J48)+IF($I49="",0,$I49)+IF($E49="",0,$E49)-IF($H49="",0,$H49)) | K49: =IF($M49<>"",IF(INDEX(CalcNoteA,$M49)="","—",INDEX(CalcNoteA,$M49)),IF($N49<>"",IF(INDEX(CalcNoteB,$N49)="","—",INDEX(CalcNoteB,$N49)),"")) | M49: =IFERROR(MATCH($C$5&"|"&RIGHT("000000"&33,6),CalcRankKeyA,0),"") | N49: =IFERROR(MATCH($C$5&"|"&RIGHT("000000"&33,6),CalcRankKeyB,0),"")
A50: 34 | B50: =IF(AND($M50="",$N50=""),"",IF($M50<>"",INDEX(CalcDateA,$M50),INDEX(CalcDateB,$N50))) | C50: =IF($M50<>"","خرید سبد",IF($N50<>"",IF(N(INDEX(CalcDepB,$N50))>0,"دریافت بانکی","پرداخت بانکی"),"")) | D50: =IF($M50<>"",IF(INDEX(CalcDocA,$M50)="","—",INDEX(CalcDocA,$M50)),IF($N50<>"",INDEX(CalcBankB,$N50),"")) | E50: =IF($N50<>"",IF(INDEX(CalcDepB,$N50)=0,"",INDEX(CalcDepB,$N50)),"") | F50: =IF($M50<>"",IF(INDEX(CalcQtyA,$M50)=0,"",INDEX(CalcQtyA,$M50)),"") | G50: =IF($M50<>"",IF(INDEX(CalcPriceA,$M50)=0,"",INDEX(CalcPriceA,$M50)),"") | H50: =IF($N50<>"",IF(INDEX(CalcWitB,$N50)=0,"",INDEX(CalcWitB,$N50)),"") | I50: =IF($M50<>"",INDEX(CalcAmtA,$M50),"") | J50: =IF($B50="","",IF($J49="",$C$8,$J49)+IF($I50="",0,$I50)+IF($E50="",0,$E50)-IF($H50="",0,$H50)) | K50: =IF($M50<>"",IF(INDEX(CalcNoteA,$M50)="","—",INDEX(CalcNoteA,$M50)),IF($N50<>"",IF(INDEX(CalcNoteB,$N50)="","—",INDEX(CalcNoteB,$N50)),"")) | M50: =IFERROR(MATCH($C$5&"|"&RIGHT("000000"&34,6),CalcRankKeyA,0),"") | N50: =IFERROR(MATCH($C$5&"|"&RIGHT("000000"&34,6),CalcRankKeyB,0),"")
A51: 35 | B51: =IF(AND($M51="",$N51=""),"",IF($M51<>"",INDEX(CalcDateA,$M51),INDEX(CalcDateB,$N51))) | C51: =IF($M51<>"","خرید سبد",IF($N51<>"",IF(N(INDEX(CalcDepB,$N51))>0,"دریافت بانکی","پرداخت بانکی"),"")) | D51: =IF($M51<>"",IF(INDEX(CalcDocA,$M51)="","—",INDEX(CalcDocA,$M51)),IF($N51<>"",INDEX(CalcBankB,$N51),"")) | E51: =IF($N51<>"",IF(INDEX(CalcDepB,$N51)=0,"",INDEX(CalcDepB,$N51)),"") | F51: =IF($M51<>"",IF(INDEX(CalcQtyA,$M51)=0,"",INDEX(CalcQtyA,$M51)),"") | G51: =IF($M51<>"",IF(INDEX(CalcPriceA,$M51)=0,"",INDEX(CalcPriceA,$M51)),"") | H51: =IF($N51<>"",IF(INDEX(CalcWitB,$N51)=0,"",INDEX(CalcWitB,$N51)),"") | I51: =IF($M51<>"",INDEX(CalcAmtA,$M51),"") | J51: =IF($B51="","",IF($J50="",$C$8,$J50)+IF($I51="",0,$I51)+IF($E51="",0,$E51)-IF($H51="",0,$H51)) | K51: =IF($M51<>"",IF(INDEX(CalcNoteA,$M51)="","—",INDEX(CalcNoteA,$M51)),IF($N51<>"",IF(INDEX(CalcNoteB,$N51)="","—",INDEX(CalcNoteB,$N51)),"")) | M51: =IFERROR(MATCH($C$5&"|"&RIGHT("000000"&35,6),CalcRankKeyA,0),"") | N51: =IFERROR(MATCH($C$5&"|"&RIGHT("000000"&35,6),CalcRankKeyB,0),"")
A52: 36 | B52: =IF(AND($M52="",$N52=""),"",IF($M52<>"",INDEX(CalcDateA,$M52),INDEX(CalcDateB,$N52))) | C52: =IF($M52<>"","خرید سبد",IF($N52<>"",IF(N(INDEX(CalcDepB,$N52))>0,"دریافت بانکی","پرداخت بانکی"),"")) | D52: =IF($M52<>"",IF(INDEX(CalcDocA,$M52)="","—",INDEX(CalcDocA,$M52)),IF($N52<>"",INDEX(CalcBankB,$N52),"")) | E52: =IF($N52<>"",IF(INDEX(CalcDepB,$N52)=0,"",INDEX(CalcDepB,$N52)),"") | F52: =IF($M52<>"",IF(INDEX(CalcQtyA,$M52)=0,"",INDEX(CalcQtyA,$M52)),"") | G52: =IF($M52<>"",IF(INDEX(CalcPriceA,$M52)=0,"",INDEX(CalcPriceA,$M52)),"") | H52: =IF($N52<>"",IF(INDEX(CalcWitB,$N52)=0,"",INDEX(CalcWitB,$N52)),"") | I52: =IF($M52<>"",INDEX(CalcAmtA,$M52),"") | J52: =IF($B52="","",IF($J51="",$C$8,$J51)+IF($I52="",0,$I52)+IF($E52="",0,$E52)-IF($H52="",0,$H52)) | K52: =IF($M52<>"",IF(INDEX(CalcNoteA,$M52)="","—",INDEX(CalcNoteA,$M52)),IF($N52<>"",IF(INDEX(CalcNoteB,$N52)="","—",INDEX(CalcNoteB,$N52)),"")) | M52: =IFERROR(MATCH($C$5&"|"&RIGHT("000000"&36,6),CalcRankKeyA,0),"") | N52: =IFERROR(MATCH($C$5&"|"&RIGHT("000000"&36,6),CalcRankKeyB,0),"")
A53: 37 | B53: =IF(AND($M53="",$N53=""),"",IF($M53<>"",INDEX(CalcDateA,$M53),INDEX(CalcDateB,$N53))) | C53: =IF($M53<>"","خرید سبد",IF($N53<>"",IF(N(INDEX(CalcDepB,$N53))>0,"دریافت بانکی","پرداخت بانکی"),"")) | D53: =IF($M53<>"",IF(INDEX(CalcDocA,$M53)="","—",INDEX(CalcDocA,$M53)),IF($N53<>"",INDEX(CalcBankB,$N53),"")) | E53: =IF($N53<>"",IF(INDEX(CalcDepB,$N53)=0,"",INDEX(CalcDepB,$N53)),"") | F53: =IF($M53<>"",IF(INDEX(CalcQtyA,$M53)=0,"",INDEX(CalcQtyA,$M53)),"") | G53: =IF($M53<>"",IF(INDEX(CalcPriceA,$M53)=0,"",INDEX(CalcPriceA,$M53)),"") | H53: =IF($N53<>"",IF(INDEX(CalcWitB,$N53)=0,"",INDEX(CalcWitB,$N53)),"") | I53: =IF($M53<>"",INDEX(CalcAmtA,$M53),"") | J53: =IF($B53="","",IF($J52="",$C$8,$J52)+IF($I53="",0,$I53)+IF($E53="",0,$E53)-IF($H53="",0,$H53)) | K53: =IF($M53<>"",IF(INDEX(CalcNoteA,$M53)="","—",INDEX(CalcNoteA,$M53)),IF($N53<>"",IF(INDEX(CalcNoteB,$N53)="","—",INDEX(CalcNoteB,$N53)),"")) | M53: =IFERROR(MATCH($C$5&"|"&RIGHT("000000"&37,6),CalcRankKeyA,0),"") | N53: =IFERROR(MATCH($C$5&"|"&RIGHT("000000"&37,6),CalcRankKeyB,0),"")
A54: 38 | B54: =IF(AND($M54="",$N54=""),"",IF($M54<>"",INDEX(CalcDateA,$M54),INDEX(CalcDateB,$N54))) | C54: =IF($M54<>"","خرید سبد",IF($N54<>"",IF(N(INDEX(CalcDepB,$N54))>0,"دریافت بانکی","پرداخت بانکی"),"")) | D54: =IF($M54<>"",IF(INDEX(CalcDocA,$M54)="","—",INDEX(CalcDocA,$M54)),IF($N54<>"",INDEX(CalcBankB,$N54),"")) | E54: =IF($N54<>"",IF(INDEX(CalcDepB,$N54)=0,"",INDEX(CalcDepB,$N54)),"") | F54: =IF($M54<>"",IF(INDEX(CalcQtyA,$M54)=0,"",INDEX(CalcQtyA,$M54)),"") | G54: =IF($M54<>"",IF(INDEX(CalcPriceA,$M54)=0,"",INDEX(CalcPriceA,$M54)),"") | H54: =IF($N54<>"",IF(INDEX(CalcWitB,$N54)=0,"",INDEX(CalcWitB,$N54)),"") | I54: =IF($M54<>"",INDEX(CalcAmtA,$M54),"") | J54: =IF($B54="","",IF($J53="",$C$8,$J53)+IF($I54="",0,$I54)+IF($E54="",0,$E54)-IF($H54="",0,$H54)) | K54: =IF($M54<>"",IF(INDEX(CalcNoteA,$M54)="","—",INDEX(CalcNoteA,$M54)),IF($N54<>"",IF(INDEX(CalcNoteB,$N54)="","—",INDEX(CalcNoteB,$N54)),"")) | M54: =IFERROR(MATCH($C$5&"|"&RIGHT("000000"&38,6),CalcRankKeyA,0),"") | N54: =IFERROR(MATCH($C$5&"|"&RIGHT("000000"&38,6),CalcRankKeyB,0),"")
A55: 39 | B55: =IF(AND($M55="",$N55=""),"",IF($M55<>"",INDEX(CalcDateA,$M55),INDEX(CalcDateB,$N55))) | C55: =IF($M55<>"","خرید سبد",IF($N55<>"",IF(N(INDEX(CalcDepB,$N55))>0,"دریافت بانکی","پرداخت بانکی"),"")) | D55: =IF($M55<>"",IF(INDEX(CalcDocA,$M55)="","—",INDEX(CalcDocA,$M55)),IF($N55<>"",INDEX(CalcBankB,$N55),"")) | E55: =IF($N55<>"",IF(INDEX(CalcDepB,$N55)=0,"",INDEX(CalcDepB,$N55)),"") | F55: =IF($M55<>"",IF(INDEX(CalcQtyA,$M55)=0,"",INDEX(CalcQtyA,$M55)),"") | G55: =IF($M55<>"",IF(INDEX(CalcPriceA,$M55)=0,"",INDEX(CalcPriceA,$M55)),"") | H55: =IF($N55<>"",IF(INDEX(CalcWitB,$N55)=0,"",INDEX(CalcWitB,$N55)),"") | I55: =IF($M55<>"",INDEX(CalcAmtA,$M55),"") | J55: =IF($B55="","",IF($J54="",$C$8,$J54)+IF($I55="",0,$I55)+IF($E55="",0,$E55)-IF($H55="",0,$H55)) | K55: =IF($M55<>"",IF(INDEX(CalcNoteA,$M55)="","—",INDEX(CalcNoteA,$M55)),IF($N55<>"",IF(INDEX(CalcNoteB,$N55)="","—",INDEX(CalcNoteB,$N55)),"")) | M55: =IFERROR(MATCH($C$5&"|"&RIGHT("000000"&39,6),CalcRankKeyA,0),"") | N55: =IFERROR(MATCH($C$5&"|"&RIGHT("000000"&39,6),CalcRankKeyB,0),"")
A56: 40 | B56: =IF(AND($M56="",$N56=""),"",IF($M56<>"",INDEX(CalcDateA,$M56),INDEX(CalcDateB,$N56))) | C56: =IF($M56<>"","خرید سبد",IF($N56<>"",IF(N(INDEX(CalcDepB,$N56))>0,"دریافت بانکی","پرداخت بانکی"),"")) | D56: =IF($M56<>"",IF(INDEX(CalcDocA,$M56)="","—",INDEX(CalcDocA,$M56)),IF($N56<>"",INDEX(CalcBankB,$N56),"")) | E56: =IF($N56<>"",IF(INDEX(CalcDepB,$N56)=0,"",INDEX(CalcDepB,$N56)),"") | F56: =IF($M56<>"",IF(INDEX(CalcQtyA,$M56)=0,"",INDEX(CalcQtyA,$M56)),"") | G56: =IF($M56<>"",IF(INDEX(CalcPriceA,$M56)=0,"",INDEX(CalcPriceA,$M56)),"") | H56: =IF($N56<>"",IF(INDEX(CalcWitB,$N56)=0,"",INDEX(CalcWitB,$N56)),"") | I56: =IF($M56<>"",INDEX(CalcAmtA,$M56),"") | J56: =IF($B56="","",IF($J55="",$C$8,$J55)+IF($I56="",0,$I56)+IF($E56="",0,$E56)-IF($H56="",0,$H56)) | K56: =IF($M56<>"",IF(INDEX(CalcNoteA,$M56)="","—",INDEX(CalcNoteA,$M56)),IF($N56<>"",IF(INDEX(CalcNoteB,$N56)="","—",INDEX(CalcNoteB,$N56)),"")) | M56: =IFERROR(MATCH($C$5&"|"&RIGHT("000000"&40,6),CalcRankKeyA,0),"") | N56: =IFERROR(MATCH($C$5&"|"&RIGHT("000000"&40,6),CalcRankKeyB,0),"")
A57: 41 | B57: =IF(AND($M57="",$N57=""),"",IF($M57<>"",INDEX(CalcDateA,$M57),INDEX(CalcDateB,$N57))) | C57: =IF($M57<>"","خرید سبد",IF($N57<>"",IF(N(INDEX(CalcDepB,$N57))>0,"دریافت بانکی","پرداخت بانکی"),"")) | D57: =IF($M57<>"",IF(INDEX(CalcDocA,$M57)="","—",INDEX(CalcDocA,$M57)),IF($N57<>"",INDEX(CalcBankB,$N57),"")) | E57: =IF($N57<>"",IF(INDEX(CalcDepB,$N57)=0,"",INDEX(CalcDepB,$N57)),"") | F57: =IF($M57<>"",IF(INDEX(CalcQtyA,$M57)=0,"",INDEX(CalcQtyA,$M57)),"") | G57: =IF($M57<>"",IF(INDEX(CalcPriceA,$M57)=0,"",INDEX(CalcPriceA,$M57)),"") | H57: =IF($N57<>"",IF(INDEX(CalcWitB,$N57)=0,"",INDEX(CalcWitB,$N57)),"") | I57: =IF($M57<>"",INDEX(CalcAmtA,$M57),"") | J57: =IF($B57="","",IF($J56="",$C$8,$J56)+IF($I57="",0,$I57)+IF($E57="",0,$E57)-IF($H57="",0,$H57)) | K57: =IF($M57<>"",IF(INDEX(CalcNoteA,$M57)="","—",INDEX(CalcNoteA,$M57)),IF($N57<>"",IF(INDEX(CalcNoteB,$N57)="","—",INDEX(CalcNoteB,$N57)),"")) | M57: =IFERROR(MATCH($C$5&"|"&RIGHT("000000"&41,6),CalcRankKeyA,0),"") | N57: =IFERROR(MATCH($C$5&"|"&RIGHT("000000"&41,6),CalcRankKeyB,0),"")
A58: 42 | B58: =IF(AND($M58="",$N58=""),"",IF($M58<>"",INDEX(CalcDateA,$M58),INDEX(CalcDateB,$N58))) | C58: =IF($M58<>"","خرید سبد",IF($N58<>"",IF(N(INDEX(CalcDepB,$N58))>0,"دریافت بانکی","پرداخت بانکی"),"")) | D58: =IF($M58<>"",IF(INDEX(CalcDocA,$M58)="","—",INDEX(CalcDocA,$M58)),IF($N58<>"",INDEX(CalcBankB,$N58),"")) | E58: =IF($N58<>"",IF(INDEX(CalcDepB,$N58)=0,"",INDEX(CalcDepB,$N58)),"") | F58: =IF($M58<>"",IF(INDEX(CalcQtyA,$M58)=0,"",INDEX(CalcQtyA,$M58)),"") | G58: =IF($M58<>"",IF(INDEX(CalcPriceA,$M58)=0,"",INDEX(CalcPriceA,$M58)),"") | H58: =IF($N58<>"",IF(INDEX(CalcWitB,$N58)=0,"",INDEX(CalcWitB,$N58)),"") | I58: =IF($M58<>"",INDEX(CalcAmtA,$M58),"") | J58: =IF($B58="","",IF($J57="",$C$8,$J57)+IF($I58="",0,$I58)+IF($E58="",0,$E58)-IF($H58="",0,$H58)) | K58: =IF($M58<>"",IF(INDEX(CalcNoteA,$M58)="","—",INDEX(CalcNoteA,$M58)),IF($N58<>"",IF(INDEX(CalcNoteB,$N58)="","—",INDEX(CalcNoteB,$N58)),"")) | M58: =IFERROR(MATCH($C$5&"|"&RIGHT("000000"&42,6),CalcRankKeyA,0),"") | N58: =IFERROR(MATCH($C$5&"|"&RIGHT("000000"&42,6),CalcRankKeyB,0),"")
A59: 43 | B59: =IF(AND($M59="",$N59=""),"",IF($M59<>"",INDEX(CalcDateA,$M59),INDEX(CalcDateB,$N59))) | C59: =IF($M59<>"","خرید سبد",IF($N59<>"",IF(N(INDEX(CalcDepB,$N59))>0,"دریافت بانکی","پرداخت بانکی"),"")) | D59: =IF($M59<>"",IF(INDEX(CalcDocA,$M59)="","—",INDEX(CalcDocA,$M59)),IF($N59<>"",INDEX(CalcBankB,$N59),"")) | E59: =IF($N59<>"",IF(INDEX(CalcDepB,$N59)=0,"",INDEX(CalcDepB,$N59)),"") | F59: =IF($M59<>"",IF(INDEX(CalcQtyA,$M59)=0,"",INDEX(CalcQtyA,$M59)),"") | G59: =IF($M59<>"",IF(INDEX(CalcPriceA,$M59)=0,"",INDEX(CalcPriceA,$M59)),"") | H59: =IF($N59<>"",IF(INDEX(CalcWitB,$N59)=0,"",INDEX(CalcWitB,$N59)),"") | I59: =IF($M59<>"",INDEX(CalcAmtA,$M59),"") | J59: =IF($B59="","",IF($J58="",$C$8,$J58)+IF($I59="",0,$I59)+IF($E59="",0,$E59)-IF($H59="",0,$H59)) | K59: =IF($M59<>"",IF(INDEX(CalcNoteA,$M59)="","—",INDEX(CalcNoteA,$M59)),IF($N59<>"",IF(INDEX(CalcNoteB,$N59)="","—",INDEX(CalcNoteB,$N59)),"")) | M59: =IFERROR(MATCH($C$5&"|"&RIGHT("000000"&43,6),CalcRankKeyA,0),"") | N59: =IFERROR(MATCH($C$5&"|"&RIGHT("000000"&43,6),CalcRankKeyB,0),"")
A60: 44 | B60: =IF(AND($M60="",$N60=""),"",IF($M60<>"",INDEX(CalcDateA,$M60),INDEX(CalcDateB,$N60))) | C60: =IF($M60<>"","خرید سبد",IF($N60<>"",IF(N(INDEX(CalcDepB,$N60))>0,"دریافت بانکی","پرداخت بانکی"),"")) | D60: =IF($M60<>"",IF(INDEX(CalcDocA,$M60)="","—",INDEX(CalcDocA,$M60)),IF($N60<>"",INDEX(CalcBankB,$N60),"")) | E60: =IF($N60<>"",IF(INDEX(CalcDepB,$N60)=0,"",INDEX(CalcDepB,$N60)),"") | F60: =IF($M60<>"",IF(INDEX(CalcQtyA,$M60)=0,"",INDEX(CalcQtyA,$M60)),"") | G60: =IF($M60<>"",IF(INDEX(CalcPriceA,$M60)=0,"",INDEX(CalcPriceA,$M60)),"") | H60: =IF($N60<>"",IF(INDEX(CalcWitB,$N60)=0,"",INDEX(CalcWitB,$N60)),"") | I60: =IF($M60<>"",INDEX(CalcAmtA,$M60),"") | J60: =IF($B60="","",IF($J59="",$C$8,$J59)+IF($I60="",0,$I60)+IF($E60="",0,$E60)-IF($H60="",0,$H60)) | K60: =IF($M60<>"",IF(INDEX(CalcNoteA,$M60)="","—",INDEX(CalcNoteA,$M60)),IF($N60<>"",IF(INDEX(CalcNoteB,$N60)="","—",INDEX(CalcNoteB,$N60)),"")) | M60: =IFERROR(MATCH($C$5&"|"&RIGHT("000000"&44,6),CalcRankKeyA,0),"") | N60: =IFERROR(MATCH($C$5&"|"&RIGHT("000000"&44,6),CalcRankKeyB,0),"")
A61: 45 | B61: =IF(AND($M61="",$N61=""),"",IF($M61<>"",INDEX(CalcDateA,$M61),INDEX(CalcDateB,$N61))) | C61: =IF($M61<>"","خرید سبد",IF($N61<>"",IF(N(INDEX(CalcDepB,$N61))>0,"دریافت بانکی","پرداخت بانکی"),"")) | D61: =IF($M61<>"",IF(INDEX(CalcDocA,$M61)="","—",INDEX(CalcDocA,$M61)),IF($N61<>"",INDEX(CalcBankB,$N61),"")) | E61: =IF($N61<>"",IF(INDEX(CalcDepB,$N61)=0,"",INDEX(CalcDepB,$N61)),"") | F61: =IF($M61<>"",IF(INDEX(CalcQtyA,$M61)=0,"",INDEX(CalcQtyA,$M61)),"") | G61: =IF($M61<>"",IF(INDEX(CalcPriceA,$M61)=0,"",INDEX(CalcPriceA,$M61)),"") | H61: =IF($N61<>"",IF(INDEX(CalcWitB,$N61)=0,"",INDEX(CalcWitB,$N61)),"") | I61: =IF($M61<>"",INDEX(CalcAmtA,$M61),"") | J61: =IF($B61="","",IF($J60="",$C$8,$J60)+IF($I61="",0,$I61)+IF($E61="",0,$E61)-IF($H61="",0,$H61)) | K61: =IF($M61<>"",IF(INDEX(CalcNoteA,$M61)="","—",INDEX(CalcNoteA,$M61)),IF($N61<>"",IF(INDEX(CalcNoteB,$N61)="","—",INDEX(CalcNoteB,$N61)),"")) | M61: =IFERROR(MATCH($C$5&"|"&RIGHT("000000"&45,6),CalcRankKeyA,0),"") | N61: =IFERROR(MATCH($C$5&"|"&RIGHT("000000"&45,6),CalcRankKeyB,0),"")
A62: 46 | B62: =IF(AND($M62="",$N62=""),"",IF($M62<>"",INDEX(CalcDateA,$M62),INDEX(CalcDateB,$N62))) | C62: =IF($M62<>"","خرید سبد",IF($N62<>"",IF(N(INDEX(CalcDepB,$N62))>0,"دریافت بانکی","پرداخت بانکی"),"")) | D62: =IF($M62<>"",IF(INDEX(CalcDocA,$M62)="","—",INDEX(CalcDocA,$M62)),IF($N62<>"",INDEX(CalcBankB,$N62),"")) | E62: =IF($N62<>"",IF(INDEX(CalcDepB,$N62)=0,"",INDEX(CalcDepB,$N62)),"") | F62: =IF($M62<>"",IF(INDEX(CalcQtyA,$M62)=0,"",INDEX(CalcQtyA,$M62)),"") | G62: =IF($M62<>"",IF(INDEX(CalcPriceA,$M62)=0,"",INDEX(CalcPriceA,$M62)),"") | H62: =IF($N62<>"",IF(INDEX(CalcWitB,$N62)=0,"",INDEX(CalcWitB,$N62)),"") | I62: =IF($M62<>"",INDEX(CalcAmtA,$M62),"") | J62: =IF($B62="","",IF($J61="",$C$8,$J61)+IF($I62="",0,$I62)+IF($E62="",0,$E62)-IF($H62="",0,$H62)) | K62: =IF($M62<>"",IF(INDEX(CalcNoteA,$M62)="","—",INDEX(CalcNoteA,$M62)),IF($N62<>"",IF(INDEX(CalcNoteB,$N62)="","—",INDEX(CalcNoteB,$N62)),"")) | M62: =IFERROR(MATCH($C$5&"|"&RIGHT("000000"&46,6),CalcRankKeyA,0),"") | N62: =IFERROR(MATCH($C$5&"|"&RIGHT("000000"&46,6),CalcRankKeyB,0),"")
A63: 47 | B63: =IF(AND($M63="",$N63=""),"",IF($M63<>"",INDEX(CalcDateA,$M63),INDEX(CalcDateB,$N63))) | C63: =IF($M63<>"","خرید سبد",IF($N63<>"",IF(N(INDEX(CalcDepB,$N63))>0,"دریافت بانکی","پرداخت بانکی"),"")) | D63: =IF($M63<>"",IF(INDEX(CalcDocA,$M63)="","—",INDEX(CalcDocA,$M63)),IF($N63<>"",INDEX(CalcBankB,$N63),"")) | E63: =IF($N63<>"",IF(INDEX(CalcDepB,$N63)=0,"",INDEX(CalcDepB,$N63)),"") | F63: =IF($M63<>"",IF(INDEX(CalcQtyA,$M63)=0,"",INDEX(CalcQtyA,$M63)),"") | G63: =IF($M63<>"",IF(INDEX(CalcPriceA,$M63)=0,"",INDEX(CalcPriceA,$M63)),"") | H63: =IF($N63<>"",IF(INDEX(CalcWitB,$N63)=0,"",INDEX(CalcWitB,$N63)),"") | I63: =IF($M63<>"",INDEX(CalcAmtA,$M63),"") | J63: =IF($B63="","",IF($J62="",$C$8,$J62)+IF($I63="",0,$I63)+IF($E63="",0,$E63)-IF($H63="",0,$H63)) | K63: =IF($M63<>"",IF(INDEX(CalcNoteA,$M63)="","—",INDEX(CalcNoteA,$M63)),IF($N63<>"",IF(INDEX(CalcNoteB,$N63)="","—",INDEX(CalcNoteB,$N63)),"")) | M63: =IFERROR(MATCH($C$5&"|"&RIGHT("000000"&47,6),CalcRankKeyA,0),"") | N63: =IFERROR(MATCH($C$5&"|"&RIGHT("000000"&47,6),CalcRankKeyB,0),"")
A64: 48 | B64: =IF(AND($M64="",$N64=""),"",IF($M64<>"",INDEX(CalcDateA,$M64),INDEX(CalcDateB,$N64))) | C64: =IF($M64<>"","خرید سبد",IF($N64<>"",IF(N(INDEX(CalcDepB,$N64))>0,"دریافت بانکی","پرداخت بانکی"),"")) | D64: =IF($M64<>"",IF(INDEX(CalcDocA,$M64)="","—",INDEX(CalcDocA,$M64)),IF($N64<>"",INDEX(CalcBankB,$N64),"")) | E64: =IF($N64<>"",IF(INDEX(CalcDepB,$N64)=0,"",INDEX(CalcDepB,$N64)),"") | F64: =IF($M64<>"",IF(INDEX(CalcQtyA,$M64)=0,"",INDEX(CalcQtyA,$M64)),"") | G64: =IF($M64<>"",IF(INDEX(CalcPriceA,$M64)=0,"",INDEX(CalcPriceA,$M64)),"") | H64: =IF($N64<>"",IF(INDEX(CalcWitB,$N64)=0,"",INDEX(CalcWitB,$N64)),"") | I64: =IF($M64<>"",INDEX(CalcAmtA,$M64),"") | J64: =IF($B64="","",IF($J63="",$C$8,$J63)+IF($I64="",0,$I64)+IF($E64="",0,$E64)-IF($H64="",0,$H64)) | K64: =IF($M64<>"",IF(INDEX(CalcNoteA,$M64)="","—",INDEX(CalcNoteA,$M64)),IF($N64<>"",IF(INDEX(CalcNoteB,$N64)="","—",INDEX(CalcNoteB,$N64)),"")) | M64: =IFERROR(MATCH($C$5&"|"&RIGHT("000000"&48,6),CalcRankKeyA,0),"") | N64: =IFERROR(MATCH($C$5&"|"&RIGHT("000000"&48,6),CalcRankKeyB,0),"")
A65: 49 | B65: =IF(AND($M65="",$N65=""),"",IF($M65<>"",INDEX(CalcDateA,$M65),INDEX(CalcDateB,$N65))) | C65: =IF($M65<>"","خرید سبد",IF($N65<>"",IF(N(INDEX(CalcDepB,$N65))>0,"دریافت بانکی","پرداخت بانکی"),"")) | D65: =IF($M65<>"",IF(INDEX(CalcDocA,$M65)="","—",INDEX(CalcDocA,$M65)),IF($N65<>"",INDEX(CalcBankB,$N65),"")) | E65: =IF($N65<>"",IF(INDEX(CalcDepB,$N65)=0,"",INDEX(CalcDepB,$N65)),"") | F65: =IF($M65<>"",IF(INDEX(CalcQtyA,$M65)=0,"",INDEX(CalcQtyA,$M65)),"") | G65: =IF($M65<>"",IF(INDEX(CalcPriceA,$M65)=0,"",INDEX(CalcPriceA,$M65)),"") | H65: =IF($N65<>"",IF(INDEX(CalcWitB,$N65)=0,"",INDEX(CalcWitB,$N65)),"") | I65: =IF($M65<>"",INDEX(CalcAmtA,$M65),"") | J65: =IF($B65="","",IF($J64="",$C$8,$J64)+IF($I65="",0,$I65)+IF($E65="",0,$E65)-IF($H65="",0,$H65)) | K65: =IF($M65<>"",IF(INDEX(CalcNoteA,$M65)="","—",INDEX(CalcNoteA,$M65)),IF($N65<>"",IF(INDEX(CalcNoteB,$N65)="","—",INDEX(CalcNoteB,$N65)),"")) | M65: =IFERROR(MATCH($C$5&"|"&RIGHT("000000"&49,6),CalcRankKeyA,0),"") | N65: =IFERROR(MATCH($C$5&"|"&RIGHT("000000"&49,6),CalcRankKeyB,0),"")
A66: 50 | B66: =IF(AND($M66="",$N66=""),"",IF($M66<>"",INDEX(CalcDateA,$M66),INDEX(CalcDateB,$N66))) | C66: =IF($M66<>"","خرید سبد",IF($N66<>"",IF(N(INDEX(CalcDepB,$N66))>0,"دریافت بانکی","پرداخت بانکی"),"")) | D66: =IF($M66<>"",IF(INDEX(CalcDocA,$M66)="","—",INDEX(CalcDocA,$M66)),IF($N66<>"",INDEX(CalcBankB,$N66),"")) | E66: =IF($N66<>"",IF(INDEX(CalcDepB,$N66)=0,"",INDEX(CalcDepB,$N66)),"") | F66: =IF($M66<>"",IF(INDEX(CalcQtyA,$M66)=0,"",INDEX(CalcQtyA,$M66)),"") | G66: =IF($M66<>"",IF(INDEX(CalcPriceA,$M66)=0,"",INDEX(CalcPriceA,$M66)),"") | H66: =IF($N66<>"",IF(INDEX(CalcWitB,$N66)=0,"",INDEX(CalcWitB,$N66)),"") | I66: =IF($M66<>"",INDEX(CalcAmtA,$M66),"") | J66: =IF($B66="","",IF($J65="",$C$8,$J65)+IF($I66="",0,$I66)+IF($E66="",0,$E66)-IF($H66="",0,$H66)) | K66: =IF($M66<>"",IF(INDEX(CalcNoteA,$M66)="","—",INDEX(CalcNoteA,$M66)),IF($N66<>"",IF(INDEX(CalcNoteB,$N66)="","—",INDEX(CalcNoteB,$N66)),"")) | M66: =IFERROR(MATCH($C$5&"|"&RIGHT("000000"&50,6),CalcRankKeyA,0),"") | N66: =IFERROR(MATCH($C$5&"|"&RIGHT("000000"&50,6),CalcRankKeyB,0),"")
A67: 51 | B67: =IF(AND($M67="",$N67=""),"",IF($M67<>"",INDEX(CalcDateA,$M67),INDEX(CalcDateB,$N67))) | C67: =IF($M67<>"","خرید سبد",IF($N67<>"",IF(N(INDEX(CalcDepB,$N67))>0,"دریافت بانکی","پرداخت بانکی"),"")) | D67: =IF($M67<>"",IF(INDEX(CalcDocA,$M67)="","—",INDEX(CalcDocA,$M67)),IF($N67<>"",INDEX(CalcBankB,$N67),"")) | E67: =IF($N67<>"",IF(INDEX(CalcDepB,$N67)=0,"",INDEX(CalcDepB,$N67)),"") | F67: =IF($M67<>"",IF(INDEX(CalcQtyA,$M67)=0,"",INDEX(CalcQtyA,$M67)),"") | G67: =IF($M67<>"",IF(INDEX(CalcPriceA,$M67)=0,"",INDEX(CalcPriceA,$M67)),"") | H67: =IF($N67<>"",IF(INDEX(CalcWitB,$N67)=0,"",INDEX(CalcWitB,$N67)),"") | I67: =IF($M67<>"",INDEX(CalcAmtA,$M67),"") | J67: =IF($B67="","",IF($J66="",$C$8,$J66)+IF($I67="",0,$I67)+IF($E67="",0,$E67)-IF($H67="",0,$H67)) | K67: =IF($M67<>"",IF(INDEX(CalcNoteA,$M67)="","—",INDEX(CalcNoteA,$M67)),IF($N67<>"",IF(INDEX(CalcNoteB,$N67)="","—",INDEX(CalcNoteB,$N67)),"")) | M67: =IFERROR(MATCH($C$5&"|"&RIGHT("000000"&51,6),CalcRankKeyA,0),"") | N67: =IFERROR(MATCH($C$5&"|"&RIGHT("000000"&51,6),CalcRankKeyB,0),"")
A68: 52 | B68: =IF(AND($M68="",$N68=""),"",IF($M68<>"",INDEX(CalcDateA,$M68),INDEX(CalcDateB,$N68))) | C68: =IF($M68<>"","خرید سبد",IF($N68<>"",IF(N(INDEX(CalcDepB,$N68))>0,"دریافت بانکی","پرداخت بانکی"),"")) | D68: =IF($M68<>"",IF(INDEX(CalcDocA,$M68)="","—",INDEX(CalcDocA,$M68)),IF($N68<>"",INDEX(CalcBankB,$N68),"")) | E68: =IF($N68<>"",IF(INDEX(CalcDepB,$N68)=0,"",INDEX(CalcDepB,$N68)),"") | F68: =IF($M68<>"",IF(INDEX(CalcQtyA,$M68)=0,"",INDEX(CalcQtyA,$M68)),"") | G68: =IF($M68<>"",IF(INDEX(CalcPriceA,$M68)=0,"",INDEX(CalcPriceA,$M68)),"") | H68: =IF($N68<>"",IF(INDEX(CalcWitB,$N68)=0,"",INDEX(CalcWitB,$N68)),"") | I68: =IF($M68<>"",INDEX(CalcAmtA,$M68),"") | J68: =IF($B68="","",IF($J67="",$C$8,$J67)+IF($I68="",0,$I68)+IF($E68="",0,$E68)-IF($H68="",0,$H68)) | K68: =IF($M68<>"",IF(INDEX(CalcNoteA,$M68)="","—",INDEX(CalcNoteA,$M68)),IF($N68<>"",IF(INDEX(CalcNoteB,$N68)="","—",INDEX(CalcNoteB,$N68)),"")) | M68: =IFERROR(MATCH($C$5&"|"&RIGHT("000000"&52,6),CalcRankKeyA,0),"") | N68: =IFERROR(MATCH($C$5&"|"&RIGHT("000000"&52,6),CalcRankKeyB,0),"")
A69: 53 | B69: =IF(AND($M69="",$N69=""),"",IF($M69<>"",INDEX(CalcDateA,$M69),INDEX(CalcDateB,$N69))) | C69: =IF($M69<>"","خرید سبد",IF($N69<>"",IF(N(INDEX(CalcDepB,$N69))>0,"دریافت بانکی","پرداخت بانکی"),"")) | D69: =IF($M69<>"",IF(INDEX(CalcDocA,$M69)="","—",INDEX(CalcDocA,$M69)),IF($N69<>"",INDEX(CalcBankB,$N69),"")) | E69: =IF($N69<>"",IF(INDEX(CalcDepB,$N69)=0,"",INDEX(CalcDepB,$N69)),"") | F69: =IF($M69<>"",IF(INDEX(CalcQtyA,$M69)=0,"",INDEX(CalcQtyA,$M69)),"") | G69: =IF($M69<>"",IF(INDEX(CalcPriceA,$M69)=0,"",INDEX(CalcPriceA,$M69)),"") | H69: =IF($N69<>"",IF(INDEX(CalcWitB,$N69)=0,"",INDEX(CalcWitB,$N69)),"") | I69: =IF($M69<>"",INDEX(CalcAmtA,$M69),"") | J69: =IF($B69="","",IF($J68="",$C$8,$J68)+IF($I69="",0,$I69)+IF($E69="",0,$E69)-IF($H69="",0,$H69)) | K69: =IF($M69<>"",IF(INDEX(CalcNoteA,$M69)="","—",INDEX(CalcNoteA,$M69)),IF($N69<>"",IF(INDEX(CalcNoteB,$N69)="","—",INDEX(CalcNoteB,$N69)),"")) | M69: =IFERROR(MATCH($C$5&"|"&RIGHT("000000"&53,6),CalcRankKeyA,0),"") | N69: =IFERROR(MATCH($C$5&"|"&RIGHT("000000"&53,6),CalcRankKeyB,0),"")
A70: 54 | B70: =IF(AND($M70="",$N70=""),"",IF($M70<>"",INDEX(CalcDateA,$M70),INDEX(CalcDateB,$N70))) | C70: =IF($M70<>"","خرید سبد",IF($N70<>"",IF(N(INDEX(CalcDepB,$N70))>0,"دریافت بانکی","پرداخت بانکی"),"")) | D70: =IF($M70<>"",IF(INDEX(CalcDocA,$M70)="","—",INDEX(CalcDocA,$M70)),IF($N70<>"",INDEX(CalcBankB,$N70),"")) | E70: =IF($N70<>"",IF(INDEX(CalcDepB,$N70)=0,"",INDEX(CalcDepB,$N70)),"") | F70: =IF($M70<>"",IF(INDEX(CalcQtyA,$M70)=0,"",INDEX(CalcQtyA,$M70)),"") | G70: =IF($M70<>"",IF(INDEX(CalcPriceA,$M70)=0,"",INDEX(CalcPriceA,$M70)),"") | H70: =IF($N70<>"",IF(INDEX(CalcWitB,$N70)=0,"",INDEX(CalcWitB,$N70)),"") | I70: =IF($M70<>"",INDEX(CalcAmtA,$M70),"") | J70: =IF($B70="","",IF($J69="",$C$8,$J69)+IF($I70="",0,$I70)+IF($E70="",0,$E70)-IF($H70="",0,$H70)) | K70: =IF($M70<>"",IF(INDEX(CalcNoteA,$M70)="","—",INDEX(CalcNoteA,$M70)),IF($N70<>"",IF(INDEX(CalcNoteB,$N70)="","—",INDEX(CalcNoteB,$N70)),"")) | M70: =IFERROR(MATCH($C$5&"|"&RIGHT("000000"&54,6),CalcRankKeyA,0),"") | N70: =IFERROR(MATCH($C$5&"|"&RIGHT("000000"&54,6),CalcRankKeyB,0),"")
A71: 55 | B71: =IF(AND($M71="",$N71=""),"",IF($M71<>"",INDEX(CalcDateA,$M71),INDEX(CalcDateB,$N71))) | C71: =IF($M71<>"","خرید سبد",IF($N71<>"",IF(N(INDEX(CalcDepB,$N71))>0,"دریافت بانکی","پرداخت بانکی"),"")) | D71: =IF($M71<>"",IF(INDEX(CalcDocA,$M71)="","—",INDEX(CalcDocA,$M71)),IF($N71<>"",INDEX(CalcBankB,$N71),"")) | E71: =IF($N71<>"",IF(INDEX(CalcDepB,$N71)=0,"",INDEX(CalcDepB,$N71)),"") | F71: =IF($M71<>"",IF(INDEX(CalcQtyA,$M71)=0,"",INDEX(CalcQtyA,$M71)),"") | G71: =IF($M71<>"",IF(INDEX(CalcPriceA,$M71)=0,"",INDEX(CalcPriceA,$M71)),"") | H71: =IF($N71<>"",IF(INDEX(CalcWitB,$N71)=0,"",INDEX(CalcWitB,$N71)),"") | I71: =IF($M71<>"",INDEX(CalcAmtA,$M71),"") | J71: =IF($B71="","",IF($J70="",$C$8,$J70)+IF($I71="",0,$I71)+IF($E71="",0,$E71)-IF($H71="",0,$H71)) | K71: =IF($M71<>"",IF(INDEX(CalcNoteA,$M71)="","—",INDEX(CalcNoteA,$M71)),IF($N71<>"",IF(INDEX(CalcNoteB,$N71)="","—",INDEX(CalcNoteB,$N71)),"")) | M71: =IFERROR(MATCH($C$5&"|"&RIGHT("000000"&55,6),CalcRankKeyA,0),"") | N71: =IFERROR(MATCH($C$5&"|"&RIGHT("000000"&55,6),CalcRankKeyB,0),"")
A72: 56 | B72: =IF(AND($M72="",$N72=""),"",IF($M72<>"",INDEX(CalcDateA,$M72),INDEX(CalcDateB,$N72))) | C72: =IF($M72<>"","خرید سبد",IF($N72<>"",IF(N(INDEX(CalcDepB,$N72))>0,"دریافت بانکی","پرداخت بانکی"),"")) | D72: =IF($M72<>"",IF(INDEX(CalcDocA,$M72)="","—",INDEX(CalcDocA,$M72)),IF($N72<>"",INDEX(CalcBankB,$N72),"")) | E72: =IF($N72<>"",IF(INDEX(CalcDepB,$N72)=0,"",INDEX(CalcDepB,$N72)),"") | F72: =IF($M72<>"",IF(INDEX(CalcQtyA,$M72)=0,"",INDEX(CalcQtyA,$M72)),"") | G72: =IF($M72<>"",IF(INDEX(CalcPriceA,$M72)=0,"",INDEX(CalcPriceA,$M72)),"") | H72: =IF($N72<>"",IF(INDEX(CalcWitB,$N72)=0,"",INDEX(CalcWitB,$N72)),"") | I72: =IF($M72<>"",INDEX(CalcAmtA,$M72),"") | J72: =IF($B72="","",IF($J71="",$C$8,$J71)+IF($I72="",0,$I72)+IF($E72="",0,$E72)-IF($H72="",0,$H72)) | K72: =IF($M72<>"",IF(INDEX(CalcNoteA,$M72)="","—",INDEX(CalcNoteA,$M72)),IF($N72<>"",IF(INDEX(CalcNoteB,$N72)="","—",INDEX(CalcNoteB,$N72)),"")) | M72: =IFERROR(MATCH($C$5&"|"&RIGHT("000000"&56,6),CalcRankKeyA,0),"") | N72: =IFERROR(MATCH($C$5&"|"&RIGHT("000000"&56,6),CalcRankKeyB,0),"")
A73: 57 | B73: =IF(AND($M73="",$N73=""),"",IF($M73<>"",INDEX(CalcDateA,$M73),INDEX(CalcDateB,$N73))) | C73: =IF($M73<>"","خرید سبد",IF($N73<>"",IF(N(INDEX(CalcDepB,$N73))>0,"دریافت بانکی","پرداخت بانکی"),"")) | D73: =IF($M73<>"",IF(INDEX(CalcDocA,$M73)="","—",INDEX(CalcDocA,$M73)),IF($N73<>"",INDEX(CalcBankB,$N73),"")) | E73: =IF($N73<>"",IF(INDEX(CalcDepB,$N73)=0,"",INDEX(CalcDepB,$N73)),"") | F73: =IF($M73<>"",IF(INDEX(CalcQtyA,$M73)=0,"",INDEX(CalcQtyA,$M73)),"") | G73: =IF($M73<>"",IF(INDEX(CalcPriceA,$M73)=0,"",INDEX(CalcPriceA,$M73)),"") | H73: =IF($N73<>"",IF(INDEX(CalcWitB,$N73)=0,"",INDEX(CalcWitB,$N73)),"") | I73: =IF($M73<>"",INDEX(CalcAmtA,$M73),"") | J73: =IF($B73="","",IF($J72="",$C$8,$J72)+IF($I73="",0,$I73)+IF($E73="",0,$E73)-IF($H73="",0,$H73)) | K73: =IF($M73<>"",IF(INDEX(CalcNoteA,$M73)="","—",INDEX(CalcNoteA,$M73)),IF($N73<>"",IF(INDEX(CalcNoteB,$N73)="","—",INDEX(CalcNoteB,$N73)),"")) | M73: =IFERROR(MATCH($C$5&"|"&RIGHT("000000"&57,6),CalcRankKeyA,0),"") | N73: =IFERROR(MATCH($C$5&"|"&RIGHT("000000"&57,6),CalcRankKeyB,0),"")
A74: 58 | B74: =IF(AND($M74="",$N74=""),"",IF($M74<>"",INDEX(CalcDateA,$M74),INDEX(CalcDateB,$N74))) | C74: =IF($M74<>"","خرید سبد",IF($N74<>"",IF(N(INDEX(CalcDepB,$N74))>0,"دریافت بانکی","پرداخت بانکی"),"")) | D74: =IF($M74<>"",IF(INDEX(CalcDocA,$M74)="","—",INDEX(CalcDocA,$M74)),IF($N74<>"",INDEX(CalcBankB,$N74),"")) | E74: =IF($N74<>"",IF(INDEX(CalcDepB,$N74)=0,"",INDEX(CalcDepB,$N74)),"") | F74: =IF($M74<>"",IF(INDEX(CalcQtyA,$M74)=0,"",INDEX(CalcQtyA,$M74)),"") | G74: =IF($M74<>"",IF(INDEX(CalcPriceA,$M74)=0,"",INDEX(CalcPriceA,$M74)),"") | H74: =IF($N74<>"",IF(INDEX(CalcWitB,$N74)=0,"",INDEX(CalcWitB,$N74)),"") | I74: =IF($M74<>"",INDEX(CalcAmtA,$M74),"") | J74: =IF($B74="","",IF($J73="",$C$8,$J73)+IF($I74="",0,$I74)+IF($E74="",0,$E74)-IF($H74="",0,$H74)) | K74: =IF($M74<>"",IF(INDEX(CalcNoteA,$M74)="","—",INDEX(CalcNoteA,$M74)),IF($N74<>"",IF(INDEX(CalcNoteB,$N74)="","—",INDEX(CalcNoteB,$N74)),"")) | M74: =IFERROR(MATCH($C$5&"|"&RIGHT("000000"&58,6),CalcRankKeyA,0),"") | N74: =IFERROR(MATCH($C$5&"|"&RIGHT("000000"&58,6),CalcRankKeyB,0),"")
A75: 59 | B75: =IF(AND($M75="",$N75=""),"",IF($M75<>"",INDEX(CalcDateA,$M75),INDEX(CalcDateB,$N75))) | C75: =IF($M75<>"","خرید سبد",IF($N75<>"",IF(N(INDEX(CalcDepB,$N75))>0,"دریافت بانکی","پرداخت بانکی"),"")) | D75: =IF($M75<>"",IF(INDEX(CalcDocA,$M75)="","—",INDEX(CalcDocA,$M75)),IF($N75<>"",INDEX(CalcBankB,$N75),"")) | E75: =IF($N75<>"",IF(INDEX(CalcDepB,$N75)=0,"",INDEX(CalcDepB,$N75)),"") | F75: =IF($M75<>"",IF(INDEX(CalcQtyA,$M75)=0,"",INDEX(CalcQtyA,$M75)),"") | G75: =IF($M75<>"",IF(INDEX(CalcPriceA,$M75)=0,"",INDEX(CalcPriceA,$M75)),"") | H75: =IF($N75<>"",IF(INDEX(CalcWitB,$N75)=0,"",INDEX(CalcWitB,$N75)),"") | I75: =IF($M75<>"",INDEX(CalcAmtA,$M75),"") | J75: =IF($B75="","",IF($J74="",$C$8,$J74)+IF($I75="",0,$I75)+IF($E75="",0,$E75)-IF($H75="",0,$H75)) | K75: =IF($M75<>"",IF(INDEX(CalcNoteA,$M75)="","—",INDEX(CalcNoteA,$M75)),IF($N75<>"",IF(INDEX(CalcNoteB,$N75)="","—",INDEX(CalcNoteB,$N75)),"")) | M75: =IFERROR(MATCH($C$5&"|"&RIGHT("000000"&59,6),CalcRankKeyA,0),"") | N75: =IFERROR(MATCH($C$5&"|"&RIGHT("000000"&59,6),CalcRankKeyB,0),"")
A76: 60 | B76: =IF(AND($M76="",$N76=""),"",IF($M76<>"",INDEX(CalcDateA,$M76),INDEX(CalcDateB,$N76))) | C76: =IF($M76<>"","خرید سبد",IF($N76<>"",IF(N(INDEX(CalcDepB,$N76))>0,"دریافت بانکی","پرداخت بانکی"),"")) | D76: =IF($M76<>"",IF(INDEX(CalcDocA,$M76)="","—",INDEX(CalcDocA,$M76)),IF($N76<>"",INDEX(CalcBankB,$N76),"")) | E76: =IF($N76<>"",IF(INDEX(CalcDepB,$N76)=0,"",INDEX(CalcDepB,$N76)),"") | F76: =IF($M76<>"",IF(INDEX(CalcQtyA,$M76)=0,"",INDEX(CalcQtyA,$M76)),"") | G76: =IF($M76<>"",IF(INDEX(CalcPriceA,$M76)=0,"",INDEX(CalcPriceA,$M76)),"") | H76: =IF($N76<>"",IF(INDEX(CalcWitB,$N76)=0,"",INDEX(CalcWitB,$N76)),"") | I76: =IF($M76<>"",INDEX(CalcAmtA,$M76),"") | J76: =IF($B76="","",IF($J75="",$C$8,$J75)+IF($I76="",0,$I76)+IF($E76="",0,$E76)-IF($H76="",0,$H76)) | K76: =IF($M76<>"",IF(INDEX(CalcNoteA,$M76)="","—",INDEX(CalcNoteA,$M76)),IF($N76<>"",IF(INDEX(CalcNoteB,$N76)="","—",INDEX(CalcNoteB,$N76)),"")) | M76: =IFERROR(MATCH($C$5&"|"&RIGHT("000000"&60,6),CalcRankKeyA,0),"") | N76: =IFERROR(MATCH($C$5&"|"&RIGHT("000000"&60,6),CalcRankKeyB,0),"")
A77: 61 | B77: =IF(AND($M77="",$N77=""),"",IF($M77<>"",INDEX(CalcDateA,$M77),INDEX(CalcDateB,$N77))) | C77: =IF($M77<>"","خرید سبد",IF($N77<>"",IF(N(INDEX(CalcDepB,$N77))>0,"دریافت بانکی","پرداخت بانکی"),"")) | D77: =IF($M77<>"",IF(INDEX(CalcDocA,$M77)="","—",INDEX(CalcDocA,$M77)),IF($N77<>"",INDEX(CalcBankB,$N77),"")) | E77: =IF($N77<>"",IF(INDEX(CalcDepB,$N77)=0,"",INDEX(CalcDepB,$N77)),"") | F77: =IF($M77<>"",IF(INDEX(CalcQtyA,$M77)=0,"",INDEX(CalcQtyA,$M77)),"") | G77: =IF($M77<>"",IF(INDEX(CalcPriceA,$M77)=0,"",INDEX(CalcPriceA,$M77)),"") | H77: =IF($N77<>"",IF(INDEX(CalcWitB,$N77)=0,"",INDEX(CalcWitB,$N77)),"") | I77: =IF($M77<>"",INDEX(CalcAmtA,$M77),"") | J77: =IF($B77="","",IF($J76="",$C$8,$J76)+IF($I77="",0,$I77)+IF($E77="",0,$E77)-IF($H77="",0,$H77)) | K77: =IF($M77<>"",IF(INDEX(CalcNoteA,$M77)="","—",INDEX(CalcNoteA,$M77)),IF($N77<>"",IF(INDEX(CalcNoteB,$N77)="","—",INDEX(CalcNoteB,$N77)),"")) | M77: =IFERROR(MATCH($C$5&"|"&RIGHT("000000"&61,6),CalcRankKeyA,0),"") | N77: =IFERROR(MATCH($C$5&"|"&RIGHT("000000"&61,6),CalcRankKeyB,0),"")
A78: 62 | B78: =IF(AND($M78="",$N78=""),"",IF($M78<>"",INDEX(CalcDateA,$M78),INDEX(CalcDateB,$N78))) | C78: =IF($M78<>"","خرید سبد",IF($N78<>"",IF(N(INDEX(CalcDepB,$N78))>0,"دریافت بانکی","پرداخت بانکی"),"")) | D78: =IF($M78<>"",IF(INDEX(CalcDocA,$M78)="","—",INDEX(CalcDocA,$M78)),IF($N78<>"",INDEX(CalcBankB,$N78),"")) | E78: =IF($N78<>"",IF(INDEX(CalcDepB,$N78)=0,"",INDEX(CalcDepB,$N78)),"") | F78: =IF($M78<>"",IF(INDEX(CalcQtyA,$M78)=0,"",INDEX(CalcQtyA,$M78)),"") | G78: =IF($M78<>"",IF(INDEX(CalcPriceA,$M78)=0,"",INDEX(CalcPriceA,$M78)),"") | H78: =IF($N78<>"",IF(INDEX(CalcWitB,$N78)=0,"",INDEX(CalcWitB,$N78)),"") | I78: =IF($M78<>"",INDEX(CalcAmtA,$M78),"") | J78: =IF($B78="","",IF($J77="",$C$8,$J77)+IF($I78="",0,$I78)+IF($E78="",0,$E78)-IF($H78="",0,$H78)) | K78: =IF($M78<>"",IF(INDEX(CalcNoteA,$M78)="","—",INDEX(CalcNoteA,$M78)),IF($N78<>"",IF(INDEX(CalcNoteB,$N78)="","—",INDEX(CalcNoteB,$N78)),"")) | M78: =IFERROR(MATCH($C$5&"|"&RIGHT("000000"&62,6),CalcRankKeyA,0),"") | N78: =IFERROR(MATCH($C$5&"|"&RIGHT("000000"&62,6),CalcRankKeyB,0),"")
A79: 63 | B79: =IF(AND($M79="",$N79=""),"",IF($M79<>"",INDEX(CalcDateA,$M79),INDEX(CalcDateB,$N79))) | C79: =IF($M79<>"","خرید سبد",IF($N79<>"",IF(N(INDEX(CalcDepB,$N79))>0,"دریافت بانکی","پرداخت بانکی"),"")) | D79: =IF($M79<>"",IF(INDEX(CalcDocA,$M79)="","—",INDEX(CalcDocA,$M79)),IF($N79<>"",INDEX(CalcBankB,$N79),"")) | E79: =IF($N79<>"",IF(INDEX(CalcDepB,$N79)=0,"",INDEX(CalcDepB,$N79)),"") | F79: =IF($M79<>"",IF(INDEX(CalcQtyA,$M79)=0,"",INDEX(CalcQtyA,$M79)),"") | G79: =IF($M79<>"",IF(INDEX(CalcPriceA,$M79)=0,"",INDEX(CalcPriceA,$M79)),"") | H79: =IF($N79<>"",IF(INDEX(CalcWitB,$N79)=0,"",INDEX(CalcWitB,$N79)),"") | I79: =IF($M79<>"",INDEX(CalcAmtA,$M79),"") | J79: =IF($B79="","",IF($J78="",$C$8,$J78)+IF($I79="",0,$I79)+IF($E79="",0,$E79)-IF($H79="",0,$H79)) | K79: =IF($M79<>"",IF(INDEX(CalcNoteA,$M79)="","—",INDEX(CalcNoteA,$M79)),IF($N79<>"",IF(INDEX(CalcNoteB,$N79)="","—",INDEX(CalcNoteB,$N79)),"")) | M79: =IFERROR(MATCH($C$5&"|"&RIGHT("000000"&63,6),CalcRankKeyA,0),"") | N79: =IFERROR(MATCH($C$5&"|"&RIGHT("000000"&63,6),CalcRankKeyB,0),"")
A80: 64 | B80: =IF(AND($M80="",$N80=""),"",IF($M80<>"",INDEX(CalcDateA,$M80),INDEX(CalcDateB,$N80))) | C80: =IF($M80<>"","خرید سبد",IF($N80<>"",IF(N(INDEX(CalcDepB,$N80))>0,"دریافت بانکی","پرداخت بانکی"),"")) | D80: =IF($M80<>"",IF(INDEX(CalcDocA,$M80)="","—",INDEX(CalcDocA,$M80)),IF($N80<>"",INDEX(CalcBankB,$N80),"")) | E80: =IF($N80<>"",IF(INDEX(CalcDepB,$N80)=0,"",INDEX(CalcDepB,$N80)),"") | F80: =IF($M80<>"",IF(INDEX(CalcQtyA,$M80)=0,"",INDEX(CalcQtyA,$M80)),"") | G80: =IF($M80<>"",IF(INDEX(CalcPriceA,$M80)=0,"",INDEX(CalcPriceA,$M80)),"") | H80: =IF($N80<>"",IF(INDEX(CalcWitB,$N80)=0,"",INDEX(CalcWitB,$N80)),"") | I80: =IF($M80<>"",INDEX(CalcAmtA,$M80),"") | J80: =IF($B80="","",IF($J79="",$C$8,$J79)+IF($I80="",0,$I80)+IF($E80="",0,$E80)-IF($H80="",0,$H80)) | K80: =IF($M80<>"",IF(INDEX(CalcNoteA,$M80)="","—",INDEX(CalcNoteA,$M80)),IF($N80<>"",IF(INDEX(CalcNoteB,$N80)="","—",INDEX(CalcNoteB,$N80)),"")) | M80: =IFERROR(MATCH($C$5&"|"&RIGHT("000000"&64,6),CalcRankKeyA,0),"") | N80: =IFERROR(MATCH($C$5&"|"&RIGHT("000000"&64,6),CalcRankKeyB,0),"")
A81: 65 | B81: =IF(AND($M81="",$N81=""),"",IF($M81<>"",INDEX(CalcDateA,$M81),INDEX(CalcDateB,$N81))) | C81: =IF($M81<>"","خرید سبد",IF($N81<>"",IF(N(INDEX(CalcDepB,$N81))>0,"دریافت بانکی","پرداخت بانکی"),"")) | D81: =IF($M81<>"",IF(INDEX(CalcDocA,$M81)="","—",INDEX(CalcDocA,$M81)),IF($N81<>"",INDEX(CalcBankB,$N81),"")) | E81: =IF($N81<>"",IF(INDEX(CalcDepB,$N81)=0,"",INDEX(CalcDepB,$N81)),"") | F81: =IF($M81<>"",IF(INDEX(CalcQtyA,$M81)=0,"",INDEX(CalcQtyA,$M81)),"") | G81: =IF($M81<>"",IF(INDEX(CalcPriceA,$M81)=0,"",INDEX(CalcPriceA,$M81)),"") | H81: =IF($N81<>"",IF(INDEX(CalcWitB,$N81)=0,"",INDEX(CalcWitB,$N81)),"") | I81: =IF($M81<>"",INDEX(CalcAmtA,$M81),"") | J81: =IF($B81="","",IF($J80="",$C$8,$J80)+IF($I81="",0,$I81)+IF($E81="",0,$E81)-IF($H81="",0,$H81)) | K81: =IF($M81<>"",IF(INDEX(CalcNoteA,$M81)="","—",INDEX(CalcNoteA,$M81)),IF($N81<>"",IF(INDEX(CalcNoteB,$N81)="","—",INDEX(CalcNoteB,$N81)),"")) | M81: =IFERROR(MATCH($C$5&"|"&RIGHT("000000"&65,6),CalcRankKeyA,0),"") | N81: =IFERROR(MATCH($C$5&"|"&RIGHT("000000"&65,6),CalcRankKeyB,0),"")
A82: 66 | B82: =IF(AND($M82="",$N82=""),"",IF($M82<>"",INDEX(CalcDateA,$M82),INDEX(CalcDateB,$N82))) | C82: =IF($M82<>"","خرید سبد",IF($N82<>"",IF(N(INDEX(CalcDepB,$N82))>0,"دریافت بانکی","پرداخت بانکی"),"")) | D82: =IF($M82<>"",IF(INDEX(CalcDocA,$M82)="","—",INDEX(CalcDocA,$M82)),IF($N82<>"",INDEX(CalcBankB,$N82),"")) | E82: =IF($N82<>"",IF(INDEX(CalcDepB,$N82)=0,"",INDEX(CalcDepB,$N82)),"") | F82: =IF($M82<>"",IF(INDEX(CalcQtyA,$M82)=0,"",INDEX(CalcQtyA,$M82)),"") | G82: =IF($M82<>"",IF(INDEX(CalcPriceA,$M82)=0,"",INDEX(CalcPriceA,$M82)),"") | H82: =IF($N82<>"",IF(INDEX(CalcWitB,$N82)=0,"",INDEX(CalcWitB,$N82)),"") | I82: =IF($M82<>"",INDEX(CalcAmtA,$M82),"") | J82: =IF($B82="","",IF($J81="",$C$8,$J81)+IF($I82="",0,$I82)+IF($E82="",0,$E82)-IF($H82="",0,$H82)) | K82: =IF($M82<>"",IF(INDEX(CalcNoteA,$M82)="","—",INDEX(CalcNoteA,$M82)),IF($N82<>"",IF(INDEX(CalcNoteB,$N82)="","—",INDEX(CalcNoteB,$N82)),"")) | M82: =IFERROR(MATCH($C$5&"|"&RIGHT("000000"&66,6),CalcRankKeyA,0),"") | N82: =IFERROR(MATCH($C$5&"|"&RIGHT("000000"&66,6),CalcRankKeyB,0),"")
A83: 67 | B83: =IF(AND($M83="",$N83=""),"",IF($M83<>"",INDEX(CalcDateA,$M83),INDEX(CalcDateB,$N83))) | C83: =IF($M83<>"","خرید سبد",IF($N83<>"",IF(N(INDEX(CalcDepB,$N83))>0,"دریافت بانکی","پرداخت بانکی"),"")) | D83: =IF($M83<>"",IF(INDEX(CalcDocA,$M83)="","—",INDEX(CalcDocA,$M83)),IF($N83<>"",INDEX(CalcBankB,$N83),"")) | E83: =IF($N83<>"",IF(INDEX(CalcDepB,$N83)=0,"",INDEX(CalcDepB,$N83)),"") | F83: =IF($M83<>"",IF(INDEX(CalcQtyA,$M83)=0,"",INDEX(CalcQtyA,$M83)),"") | G83: =IF($M83<>"",IF(INDEX(CalcPriceA,$M83)=0,"",INDEX(CalcPriceA,$M83)),"") | H83: =IF($N83<>"",IF(INDEX(CalcWitB,$N83)=0,"",INDEX(CalcWitB,$N83)),"") | I83: =IF($M83<>"",INDEX(CalcAmtA,$M83),"") | J83: =IF($B83="","",IF($J82="",$C$8,$J82)+IF($I83="",0,$I83)+IF($E83="",0,$E83)-IF($H83="",0,$H83)) | K83: =IF($M83<>"",IF(INDEX(CalcNoteA,$M83)="","—",INDEX(CalcNoteA,$M83)),IF($N83<>"",IF(INDEX(CalcNoteB,$N83)="","—",INDEX(CalcNoteB,$N83)),"")) | M83: =IFERROR(MATCH($C$5&"|"&RIGHT("000000"&67,6),CalcRankKeyA,0),"") | N83: =IFERROR(MATCH($C$5&"|"&RIGHT("000000"&67,6),CalcRankKeyB,0),"")
A84: 68 | B84: =IF(AND($M84="",$N84=""),"",IF($M84<>"",INDEX(CalcDateA,$M84),INDEX(CalcDateB,$N84))) | C84: =IF($M84<>"","خرید سبد",IF($N84<>"",IF(N(INDEX(CalcDepB,$N84))>0,"دریافت بانکی","پرداخت بانکی"),"")) | D84: =IF($M84<>"",IF(INDEX(CalcDocA,$M84)="","—",INDEX(CalcDocA,$M84)),IF($N84<>"",INDEX(CalcBankB,$N84),"")) | E84: =IF($N84<>"",IF(INDEX(CalcDepB,$N84)=0,"",INDEX(CalcDepB,$N84)),"") | F84: =IF($M84<>"",IF(INDEX(CalcQtyA,$M84)=0,"",INDEX(CalcQtyA,$M84)),"") | G84: =IF($M84<>"",IF(INDEX(CalcPriceA,$M84)=0,"",INDEX(CalcPriceA,$M84)),"") | H84: =IF($N84<>"",IF(INDEX(CalcWitB,$N84)=0,"",INDEX(CalcWitB,$N84)),"") | I84: =IF($M84<>"",INDEX(CalcAmtA,$M84),"") | J84: =IF($B84="","",IF($J83="",$C$8,$J83)+IF($I84="",0,$I84)+IF($E84="",0,$E84)-IF($H84="",0,$H84)) | K84: =IF($M84<>"",IF(INDEX(CalcNoteA,$M84)="","—",INDEX(CalcNoteA,$M84)),IF($N84<>"",IF(INDEX(CalcNoteB,$N84)="","—",INDEX(CalcNoteB,$N84)),"")) | M84: =IFERROR(MATCH($C$5&"|"&RIGHT("000000"&68,6),CalcRankKeyA,0),"") | N84: =IFERROR(MATCH($C$5&"|"&RIGHT("000000"&68,6),CalcRankKeyB,0),"")
A85: 69 | B85: =IF(AND($M85="",$N85=""),"",IF($M85<>"",INDEX(CalcDateA,$M85),INDEX(CalcDateB,$N85))) | C85: =IF($M85<>"","خرید سبد",IF($N85<>"",IF(N(INDEX(CalcDepB,$N85))>0,"دریافت بانکی","پرداخت بانکی"),"")) | D85: =IF($M85<>"",IF(INDEX(CalcDocA,$M85)="","—",INDEX(CalcDocA,$M85)),IF($N85<>"",INDEX(CalcBankB,$N85),"")) | E85: =IF($N85<>"",IF(INDEX(CalcDepB,$N85)=0,"",INDEX(CalcDepB,$N85)),"") | F85: =IF($M85<>"",IF(INDEX(CalcQtyA,$M85)=0,"",INDEX(CalcQtyA,$M85)),"") | G85: =IF($M85<>"",IF(INDEX(CalcPriceA,$M85)=0,"",INDEX(CalcPriceA,$M85)),"") | H85: =IF($N85<>"",IF(INDEX(CalcWitB,$N85)=0,"",INDEX(CalcWitB,$N85)),"") | I85: =IF($M85<>"",INDEX(CalcAmtA,$M85),"") | J85: =IF($B85="","",IF($J84="",$C$8,$J84)+IF($I85="",0,$I85)+IF($E85="",0,$E85)-IF($H85="",0,$H85)) | K85: =IF($M85<>"",IF(INDEX(CalcNoteA,$M85)="","—",INDEX(CalcNoteA,$M85)),IF($N85<>"",IF(INDEX(CalcNoteB,$N85)="","—",INDEX(CalcNoteB,$N85)),"")) | M85: =IFERROR(MATCH($C$5&"|"&RIGHT("000000"&69,6),CalcRankKeyA,0),"") | N85: =IFERROR(MATCH($C$5&"|"&RIGHT("000000"&69,6),CalcRankKeyB,0),"")
A86: 70 | B86: =IF(AND($M86="",$N86=""),"",IF($M86<>"",INDEX(CalcDateA,$M86),INDEX(CalcDateB,$N86))) | C86: =IF($M86<>"","خرید سبد",IF($N86<>"",IF(N(INDEX(CalcDepB,$N86))>0,"دریافت بانکی","پرداخت بانکی"),"")) | D86: =IF($M86<>"",IF(INDEX(CalcDocA,$M86)="","—",INDEX(CalcDocA,$M86)),IF($N86<>"",INDEX(CalcBankB,$N86),"")) | E86: =IF($N86<>"",IF(INDEX(CalcDepB,$N86)=0,"",INDEX(CalcDepB,$N86)),"") | F86: =IF($M86<>"",IF(INDEX(CalcQtyA,$M86)=0,"",INDEX(CalcQtyA,$M86)),"") | G86: =IF($M86<>"",IF(INDEX(CalcPriceA,$M86)=0,"",INDEX(CalcPriceA,$M86)),"") | H86: =IF($N86<>"",IF(INDEX(CalcWitB,$N86)=0,"",INDEX(CalcWitB,$N86)),"") | I86: =IF($M86<>"",INDEX(CalcAmtA,$M86),"") | J86: =IF($B86="","",IF($J85="",$C$8,$J85)+IF($I86="",0,$I86)+IF($E86="",0,$E86)-IF($H86="",0,$H86)) | K86: =IF($M86<>"",IF(INDEX(CalcNoteA,$M86)="","—",INDEX(CalcNoteA,$M86)),IF($N86<>"",IF(INDEX(CalcNoteB,$N86)="","—",INDEX(CalcNoteB,$N86)),"")) | M86: =IFERROR(MATCH($C$5&"|"&RIGHT("000000"&70,6),CalcRankKeyA,0),"") | N86: =IFERROR(MATCH($C$5&"|"&RIGHT("000000"&70,6),CalcRankKeyB,0),"")
A87: 71 | B87: =IF(AND($M87="",$N87=""),"",IF($M87<>"",INDEX(CalcDateA,$M87),INDEX(CalcDateB,$N87))) | C87: =IF($M87<>"","خرید سبد",IF($N87<>"",IF(N(INDEX(CalcDepB,$N87))>0,"دریافت بانکی","پرداخت بانکی"),"")) | D87: =IF($M87<>"",IF(INDEX(CalcDocA,$M87)="","—",INDEX(CalcDocA,$M87)),IF($N87<>"",INDEX(CalcBankB,$N87),"")) | E87: =IF($N87<>"",IF(INDEX(CalcDepB,$N87)=0,"",INDEX(CalcDepB,$N87)),"") | F87: =IF($M87<>"",IF(INDEX(CalcQtyA,$M87)=0,"",INDEX(CalcQtyA,$M87)),"") | G87: =IF($M87<>"",IF(INDEX(CalcPriceA,$M87)=0,"",INDEX(CalcPriceA,$M87)),"") | H87: =IF($N87<>"",IF(INDEX(CalcWitB,$N87)=0,"",INDEX(CalcWitB,$N87)),"") | I87: =IF($M87<>"",INDEX(CalcAmtA,$M87),"") | J87: =IF($B87="","",IF($J86="",$C$8,$J86)+IF($I87="",0,$I87)+IF($E87="",0,$E87)-IF($H87="",0,$H87)) | K87: =IF($M87<>"",IF(INDEX(CalcNoteA,$M87)="","—",INDEX(CalcNoteA,$M87)),IF($N87<>"",IF(INDEX(CalcNoteB,$N87)="","—",INDEX(CalcNoteB,$N87)),"")) | M87: =IFERROR(MATCH($C$5&"|"&RIGHT("000000"&71,6),CalcRankKeyA,0),"") | N87: =IFERROR(MATCH($C$5&"|"&RIGHT("000000"&71,6),CalcRankKeyB,0),"")
A88: 72 | B88: =IF(AND($M88="",$N88=""),"",IF($M88<>"",INDEX(CalcDateA,$M88),INDEX(CalcDateB,$N88))) | C88: =IF($M88<>"","خرید سبد",IF($N88<>"",IF(N(INDEX(CalcDepB,$N88))>0,"دریافت بانکی","پرداخت بانکی"),"")) | D88: =IF($M88<>"",IF(INDEX(CalcDocA,$M88)="","—",INDEX(CalcDocA,$M88)),IF($N88<>"",INDEX(CalcBankB,$N88),"")) | E88: =IF($N88<>"",IF(INDEX(CalcDepB,$N88)=0,"",INDEX(CalcDepB,$N88)),"") | F88: =IF($M88<>"",IF(INDEX(CalcQtyA,$M88)=0,"",INDEX(CalcQtyA,$M88)),"") | G88: =IF($M88<>"",IF(INDEX(CalcPriceA,$M88)=0,"",INDEX(CalcPriceA,$M88)),"") | H88: =IF($N88<>"",IF(INDEX(CalcWitB,$N88)=0,"",INDEX(CalcWitB,$N88)),"") | I88: =IF($M88<>"",INDEX(CalcAmtA,$M88),"") | J88: =IF($B88="","",IF($J87="",$C$8,$J87)+IF($I88="",0,$I88)+IF($E88="",0,$E88)-IF($H88="",0,$H88)) | K88: =IF($M88<>"",IF(INDEX(CalcNoteA,$M88)="","—",INDEX(CalcNoteA,$M88)),IF($N88<>"",IF(INDEX(CalcNoteB,$N88)="","—",INDEX(CalcNoteB,$N88)),"")) | M88: =IFERROR(MATCH($C$5&"|"&RIGHT("000000"&72,6),CalcRankKeyA,0),"") | N88: =IFERROR(MATCH($C$5&"|"&RIGHT("000000"&72,6),CalcRankKeyB,0),"")
A89: 73 | B89: =IF(AND($M89="",$N89=""),"",IF($M89<>"",INDEX(CalcDateA,$M89),INDEX(CalcDateB,$N89))) | C89: =IF($M89<>"","خرید سبد",IF($N89<>"",IF(N(INDEX(CalcDepB,$N89))>0,"دریافت بانکی","پرداخت بانکی"),"")) | D89: =IF($M89<>"",IF(INDEX(CalcDocA,$M89)="","—",INDEX(CalcDocA,$M89)),IF($N89<>"",INDEX(CalcBankB,$N89),"")) | E89: =IF($N89<>"",IF(INDEX(CalcDepB,$N89)=0,"",INDEX(CalcDepB,$N89)),"") | F89: =IF($M89<>"",IF(INDEX(CalcQtyA,$M89)=0,"",INDEX(CalcQtyA,$M89)),"") | G89: =IF($M89<>"",IF(INDEX(CalcPriceA,$M89)=0,"",INDEX(CalcPriceA,$M89)),"") | H89: =IF($N89<>"",IF(INDEX(CalcWitB,$N89)=0,"",INDEX(CalcWitB,$N89)),"") | I89: =IF($M89<>"",INDEX(CalcAmtA,$M89),"") | J89: =IF($B89="","",IF($J88="",$C$8,$J88)+IF($I89="",0,$I89)+IF($E89="",0,$E89)-IF($H89="",0,$H89)) | K89: =IF($M89<>"",IF(INDEX(CalcNoteA,$M89)="","—",INDEX(CalcNoteA,$M89)),IF($N89<>"",IF(INDEX(CalcNoteB,$N89)="","—",INDEX(CalcNoteB,$N89)),"")) | M89: =IFERROR(MATCH($C$5&"|"&RIGHT("000000"&73,6),CalcRankKeyA,0),"") | N89: =IFERROR(MATCH($C$5&"|"&RIGHT("000000"&73,6),CalcRankKeyB,0),"")
A90: 74 | B90: =IF(AND($M90="",$N90=""),"",IF($M90<>"",INDEX(CalcDateA,$M90),INDEX(CalcDateB,$N90))) | C90: =IF($M90<>"","خرید سبد",IF($N90<>"",IF(N(INDEX(CalcDepB,$N90))>0,"دریافت بانکی","پرداخت بانکی"),"")) | D90: =IF($M90<>"",IF(INDEX(CalcDocA,$M90)="","—",INDEX(CalcDocA,$M90)),IF($N90<>"",INDEX(CalcBankB,$N90),"")) | E90: =IF($N90<>"",IF(INDEX(CalcDepB,$N90)=0,"",INDEX(CalcDepB,$N90)),"") | F90: =IF($M90<>"",IF(INDEX(CalcQtyA,$M90)=0,"",INDEX(CalcQtyA,$M90)),"") | G90: =IF($M90<>"",IF(INDEX(CalcPriceA,$M90)=0,"",INDEX(CalcPriceA,$M90)),"") | H90: =IF($N90<>"",IF(INDEX(CalcWitB,$N90)=0,"",INDEX(CalcWitB,$N90)),"") | I90: =IF($M90<>"",INDEX(CalcAmtA,$M90),"") | J90: =IF($B90="","",IF($J89="",$C$8,$J89)+IF($I90="",0,$I90)+IF($E90="",0,$E90)-IF($H90="",0,$H90)) | K90: =IF($M90<>"",IF(INDEX(CalcNoteA,$M90)="","—",INDEX(CalcNoteA,$M90)),IF($N90<>"",IF(INDEX(CalcNoteB,$N90)="","—",INDEX(CalcNoteB,$N90)),"")) | M90: =IFERROR(MATCH($C$5&"|"&RIGHT("000000"&74,6),CalcRankKeyA,0),"") | N90: =IFERROR(MATCH($C$5&"|"&RIGHT("000000"&74,6),CalcRankKeyB,0),"")
A91: 75 | B91: =IF(AND($M91="",$N91=""),"",IF($M91<>"",INDEX(CalcDateA,$M91),INDEX(CalcDateB,$N91))) | C91: =IF($M91<>"","خرید سبد",IF($N91<>"",IF(N(INDEX(CalcDepB,$N91))>0,"دریافت بانکی","پرداخت بانکی"),"")) | D91: =IF($M91<>"",IF(INDEX(CalcDocA,$M91)="","—",INDEX(CalcDocA,$M91)),IF($N91<>"",INDEX(CalcBankB,$N91),"")) | E91: =IF($N91<>"",IF(INDEX(CalcDepB,$N91)=0,"",INDEX(CalcDepB,$N91)),"") | F91: =IF($M91<>"",IF(INDEX(CalcQtyA,$M91)=0,"",INDEX(CalcQtyA,$M91)),"") | G91: =IF($M91<>"",IF(INDEX(CalcPriceA,$M91)=0,"",INDEX(CalcPriceA,$M91)),"") | H91: =IF($N91<>"",IF(INDEX(CalcWitB,$N91)=0,"",INDEX(CalcWitB,$N91)),"") | I91: =IF($M91<>"",INDEX(CalcAmtA,$M91),"") | J91: =IF($B91="","",IF($J90="",$C$8,$J90)+IF($I91="",0,$I91)+IF($E91="",0,$E91)-IF($H91="",0,$H91)) | K91: =IF($M91<>"",IF(INDEX(CalcNoteA,$M91)="","—",INDEX(CalcNoteA,$M91)),IF($N91<>"",IF(INDEX(CalcNoteB,$N91)="","—",INDEX(CalcNoteB,$N91)),"")) | M91: =IFERROR(MATCH($C$5&"|"&RIGHT("000000"&75,6),CalcRankKeyA,0),"") | N91: =IFERROR(MATCH($C$5&"|"&RIGHT("000000"&75,6),CalcRankKeyB,0),"")
A92: 76 | B92: =IF(AND($M92="",$N92=""),"",IF($M92<>"",INDEX(CalcDateA,$M92),INDEX(CalcDateB,$N92))) | C92: =IF($M92<>"","خرید سبد",IF($N92<>"",IF(N(INDEX(CalcDepB,$N92))>0,"دریافت بانکی","پرداخت بانکی"),"")) | D92: =IF($M92<>"",IF(INDEX(CalcDocA,$M92)="","—",INDEX(CalcDocA,$M92)),IF($N92<>"",INDEX(CalcBankB,$N92),"")) | E92: =IF($N92<>"",IF(INDEX(CalcDepB,$N92)=0,"",INDEX(CalcDepB,$N92)),"") | F92: =IF($M92<>"",IF(INDEX(CalcQtyA,$M92)=0,"",INDEX(CalcQtyA,$M92)),"") | G92: =IF($M92<>"",IF(INDEX(CalcPriceA,$M92)=0,"",INDEX(CalcPriceA,$M92)),"") | H92: =IF($N92<>"",IF(INDEX(CalcWitB,$N92)=0,"",INDEX(CalcWitB,$N92)),"") | I92: =IF($M92<>"",INDEX(CalcAmtA,$M92),"") | J92: =IF($B92="","",IF($J91="",$C$8,$J91)+IF($I92="",0,$I92)+IF($E92="",0,$E92)-IF($H92="",0,$H92)) | K92: =IF($M92<>"",IF(INDEX(CalcNoteA,$M92)="","—",INDEX(CalcNoteA,$M92)),IF($N92<>"",IF(INDEX(CalcNoteB,$N92)="","—",INDEX(CalcNoteB,$N92)),"")) | M92: =IFERROR(MATCH($C$5&"|"&RIGHT("000000"&76,6),CalcRankKeyA,0),"") | N92: =IFERROR(MATCH($C$5&"|"&RIGHT("000000"&76,6),CalcRankKeyB,0),"")
A93: 77 | B93: =IF(AND($M93="",$N93=""),"",IF($M93<>"",INDEX(CalcDateA,$M93),INDEX(CalcDateB,$N93))) | C93: =IF($M93<>"","خرید سبد",IF($N93<>"",IF(N(INDEX(CalcDepB,$N93))>0,"دریافت بانکی","پرداخت بانکی"),"")) | D93: =IF($M93<>"",IF(INDEX(CalcDocA,$M93)="","—",INDEX(CalcDocA,$M93)),IF($N93<>"",INDEX(CalcBankB,$N93),"")) | E93: =IF($N93<>"",IF(INDEX(CalcDepB,$N93)=0,"",INDEX(CalcDepB,$N93)),"") | F93: =IF($M93<>"",IF(INDEX(CalcQtyA,$M93)=0,"",INDEX(CalcQtyA,$M93)),"") | G93: =IF($M93<>"",IF(INDEX(CalcPriceA,$M93)=0,"",INDEX(CalcPriceA,$M93)),"") | H93: =IF($N93<>"",IF(INDEX(CalcWitB,$N93)=0,"",INDEX(CalcWitB,$N93)),"") | I93: =IF($M93<>"",INDEX(CalcAmtA,$M93),"") | J93: =IF($B93="","",IF($J92="",$C$8,$J92)+IF($I93="",0,$I93)+IF($E93="",0,$E93)-IF($H93="",0,$H93)) | K93: =IF($M93<>"",IF(INDEX(CalcNoteA,$M93)="","—",INDEX(CalcNoteA,$M93)),IF($N93<>"",IF(INDEX(CalcNoteB,$N93)="","—",INDEX(CalcNoteB,$N93)),"")) | M93: =IFERROR(MATCH($C$5&"|"&RIGHT("000000"&77,6),CalcRankKeyA,0),"") | N93: =IFERROR(MATCH($C$5&"|"&RIGHT("000000"&77,6),CalcRankKeyB,0),"")
A94: 78 | B94: =IF(AND($M94="",$N94=""),"",IF($M94<>"",INDEX(CalcDateA,$M94),INDEX(CalcDateB,$N94))) | C94: =IF($M94<>"","خرید سبد",IF($N94<>"",IF(N(INDEX(CalcDepB,$N94))>0,"دریافت بانکی","پرداخت بانکی"),"")) | D94: =IF($M94<>"",IF(INDEX(CalcDocA,$M94)="","—",INDEX(CalcDocA,$M94)),IF($N94<>"",INDEX(CalcBankB,$N94),"")) | E94: =IF($N94<>"",IF(INDEX(CalcDepB,$N94)=0,"",INDEX(CalcDepB,$N94)),"") | F94: =IF($M94<>"",IF(INDEX(CalcQtyA,$M94)=0,"",INDEX(CalcQtyA,$M94)),"") | G94: =IF($M94<>"",IF(INDEX(CalcPriceA,$M94)=0,"",INDEX(CalcPriceA,$M94)),"") | H94: =IF($N94<>"",IF(INDEX(CalcWitB,$N94)=0,"",INDEX(CalcWitB,$N94)),"") | I94: =IF($M94<>"",INDEX(CalcAmtA,$M94),"") | J94: =IF($B94="","",IF($J93="",$C$8,$J93)+IF($I94="",0,$I94)+IF($E94="",0,$E94)-IF($H94="",0,$H94)) | K94: =IF($M94<>"",IF(INDEX(CalcNoteA,$M94)="","—",INDEX(CalcNoteA,$M94)),IF($N94<>"",IF(INDEX(CalcNoteB,$N94)="","—",INDEX(CalcNoteB,$N94)),"")) | M94: =IFERROR(MATCH($C$5&"|"&RIGHT("000000"&78,6),CalcRankKeyA,0),"") | N94: =IFERROR(MATCH($C$5&"|"&RIGHT("000000"&78,6),CalcRankKeyB,0),"")
A95: 79 | B95: =IF(AND($M95="",$N95=""),"",IF($M95<>"",INDEX(CalcDateA,$M95),INDEX(CalcDateB,$N95))) | C95: =IF($M95<>"","خرید سبد",IF($N95<>"",IF(N(INDEX(CalcDepB,$N95))>0,"دریافت بانکی","پرداخت بانکی"),"")) | D95: =IF($M95<>"",IF(INDEX(CalcDocA,$M95)="","—",INDEX(CalcDocA,$M95)),IF($N95<>"",INDEX(CalcBankB,$N95),"")) | E95: =IF($N95<>"",IF(INDEX(CalcDepB,$N95)=0,"",INDEX(CalcDepB,$N95)),"") | F95: =IF($M95<>"",IF(INDEX(CalcQtyA,$M95)=0,"",INDEX(CalcQtyA,$M95)),"") | G95: =IF($M95<>"",IF(INDEX(CalcPriceA,$M95)=0,"",INDEX(CalcPriceA,$M95)),"") | H95: =IF($N95<>"",IF(INDEX(CalcWitB,$N95)=0,"",INDEX(CalcWitB,$N95)),"") | I95: =IF($M95<>"",INDEX(CalcAmtA,$M95),"") | J95: =IF($B95="","",IF($J94="",$C$8,$J94)+IF($I95="",0,$I95)+IF($E95="",0,$E95)-IF($H95="",0,$H95)) | K95: =IF($M95<>"",IF(INDEX(CalcNoteA,$M95)="","—",INDEX(CalcNoteA,$M95)),IF($N95<>"",IF(INDEX(CalcNoteB,$N95)="","—",INDEX(CalcNoteB,$N95)),"")) | M95: =IFERROR(MATCH($C$5&"|"&RIGHT("000000"&79,6),CalcRankKeyA,0),"") | N95: =IFERROR(MATCH($C$5&"|"&RIGHT("000000"&79,6),CalcRankKeyB,0),"")
A96: 80 | B96: =IF(AND($M96="",$N96=""),"",IF($M96<>"",INDEX(CalcDateA,$M96),INDEX(CalcDateB,$N96))) | C96: =IF($M96<>"","خرید سبد",IF($N96<>"",IF(N(INDEX(CalcDepB,$N96))>0,"دریافت بانکی","پرداخت بانکی"),"")) | D96: =IF($M96<>"",IF(INDEX(CalcDocA,$M96)="","—",INDEX(CalcDocA,$M96)),IF($N96<>"",INDEX(CalcBankB,$N96),"")) | E96: =IF($N96<>"",IF(INDEX(CalcDepB,$N96)=0,"",INDEX(CalcDepB,$N96)),"") | F96: =IF($M96<>"",IF(INDEX(CalcQtyA,$M96)=0,"",INDEX(CalcQtyA,$M96)),"") | G96: =IF($M96<>"",IF(INDEX(CalcPriceA,$M96)=0,"",INDEX(CalcPriceA,$M96)),"") | H96: =IF($N96<>"",IF(INDEX(CalcWitB,$N96)=0,"",INDEX(CalcWitB,$N96)),"") | I96: =IF($M96<>"",INDEX(CalcAmtA,$M96),"") | J96: =IF($B96="","",IF($J95="",$C$8,$J95)+IF($I96="",0,$I96)+IF($E96="",0,$E96)-IF($H96="",0,$H96)) | K96: =IF($M96<>"",IF(INDEX(CalcNoteA,$M96)="","—",INDEX(CalcNoteA,$M96)),IF($N96<>"",IF(INDEX(CalcNoteB,$N96)="","—",INDEX(CalcNoteB,$N96)),"")) | M96: =IFERROR(MATCH($C$5&"|"&RIGHT("000000"&80,6),CalcRankKeyA,0),"") | N96: =IFERROR(MATCH($C$5&"|"&RIGHT("000000"&80,6),CalcRankKeyB,0),"")
A97: 81 | B97: =IF(AND($M97="",$N97=""),"",IF($M97<>"",INDEX(CalcDateA,$M97),INDEX(CalcDateB,$N97))) | C97: =IF($M97<>"","خرید سبد",IF($N97<>"",IF(N(INDEX(CalcDepB,$N97))>0,"دریافت بانکی","پرداخت بانکی"),"")) | D97: =IF($M97<>"",IF(INDEX(CalcDocA,$M97)="","—",INDEX(CalcDocA,$M97)),IF($N97<>"",INDEX(CalcBankB,$N97),"")) | E97: =IF($N97<>"",IF(INDEX(CalcDepB,$N97)=0,"",INDEX(CalcDepB,$N97)),"") | F97: =IF($M97<>"",IF(INDEX(CalcQtyA,$M97)=0,"",INDEX(CalcQtyA,$M97)),"") | G97: =IF($M97<>"",IF(INDEX(CalcPriceA,$M97)=0,"",INDEX(CalcPriceA,$M97)),"") | H97: =IF($N97<>"",IF(INDEX(CalcWitB,$N97)=0,"",INDEX(CalcWitB,$N97)),"") | I97: =IF($M97<>"",INDEX(CalcAmtA,$M97),"") | J97: =IF($B97="","",IF($J96="",$C$8,$J96)+IF($I97="",0,$I97)+IF($E97="",0,$E97)-IF($H97="",0,$H97)) | K97: =IF($M97<>"",IF(INDEX(CalcNoteA,$M97)="","—",INDEX(CalcNoteA,$M97)),IF($N97<>"",IF(INDEX(CalcNoteB,$N97)="","—",INDEX(CalcNoteB,$N97)),"")) | M97: =IFERROR(MATCH($C$5&"|"&RIGHT("000000"&81,6),CalcRankKeyA,0),"") | N97: =IFERROR(MATCH($C$5&"|"&RIGHT("000000"&81,6),CalcRankKeyB,0),"")
A98: 82 | B98: =IF(AND($M98="",$N98=""),"",IF($M98<>"",INDEX(CalcDateA,$M98),INDEX(CalcDateB,$N98))) | C98: =IF($M98<>"","خرید سبد",IF($N98<>"",IF(N(INDEX(CalcDepB,$N98))>0,"دریافت بانکی","پرداخت بانکی"),"")) | D98: =IF($M98<>"",IF(INDEX(CalcDocA,$M98)="","—",INDEX(CalcDocA,$M98)),IF($N98<>"",INDEX(CalcBankB,$N98),"")) | E98: =IF($N98<>"",IF(INDEX(CalcDepB,$N98)=0,"",INDEX(CalcDepB,$N98)),"") | F98: =IF($M98<>"",IF(INDEX(CalcQtyA,$M98)=0,"",INDEX(CalcQtyA,$M98)),"") | G98: =IF($M98<>"",IF(INDEX(CalcPriceA,$M98)=0,"",INDEX(CalcPriceA,$M98)),"") | H98: =IF($N98<>"",IF(INDEX(CalcWitB,$N98)=0,"",INDEX(CalcWitB,$N98)),"") | I98: =IF($M98<>"",INDEX(CalcAmtA,$M98),"") | J98: =IF($B98="","",IF($J97="",$C$8,$J97)+IF($I98="",0,$I98)+IF($E98="",0,$E98)-IF($H98="",0,$H98)) | K98: =IF($M98<>"",IF(INDEX(CalcNoteA,$M98)="","—",INDEX(CalcNoteA,$M98)),IF($N98<>"",IF(INDEX(CalcNoteB,$N98)="","—",INDEX(CalcNoteB,$N98)),"")) | M98: =IFERROR(MATCH($C$5&"|"&RIGHT("000000"&82,6),CalcRankKeyA,0),"") | N98: =IFERROR(MATCH($C$5&"|"&RIGHT("000000"&82,6),CalcRankKeyB,0),"")
A99: 83 | B99: =IF(AND($M99="",$N99=""),"",IF($M99<>"",INDEX(CalcDateA,$M99),INDEX(CalcDateB,$N99))) | C99: =IF($M99<>"","خرید سبد",IF($N99<>"",IF(N(INDEX(CalcDepB,$N99))>0,"دریافت بانکی","پرداخت بانکی"),"")) | D99: =IF($M99<>"",IF(INDEX(CalcDocA,$M99)="","—",INDEX(CalcDocA,$M99)),IF($N99<>"",INDEX(CalcBankB,$N99),"")) | E99: =IF($N99<>"",IF(INDEX(CalcDepB,$N99)=0,"",INDEX(CalcDepB,$N99)),"") | F99: =IF($M99<>"",IF(INDEX(CalcQtyA,$M99)=0,"",INDEX(CalcQtyA,$M99)),"") | G99: =IF($M99<>"",IF(INDEX(CalcPriceA,$M99)=0,"",INDEX(CalcPriceA,$M99)),"") | H99: =IF($N99<>"",IF(INDEX(CalcWitB,$N99)=0,"",INDEX(CalcWitB,$N99)),"") | I99: =IF($M99<>"",INDEX(CalcAmtA,$M99),"") | J99: =IF($B99="","",IF($J98="",$C$8,$J98)+IF($I99="",0,$I99)+IF($E99="",0,$E99)-IF($H99="",0,$H99)) | K99: =IF($M99<>"",IF(INDEX(CalcNoteA,$M99)="","—",INDEX(CalcNoteA,$M99)),IF($N99<>"",IF(INDEX(CalcNoteB,$N99)="","—",INDEX(CalcNoteB,$N99)),"")) | M99: =IFERROR(MATCH($C$5&"|"&RIGHT("000000"&83,6),CalcRankKeyA,0),"") | N99: =IFERROR(MATCH($C$5&"|"&RIGHT("000000"&83,6),CalcRankKeyB,0),"")
A100: 84 | B100: =IF(AND($M100="",$N100=""),"",IF($M100<>"",INDEX(CalcDateA,$M100),INDEX(CalcDateB,$N100))) | C100: =IF($M100<>"","خرید سبد",IF($N100<>"",IF(N(INDEX(CalcDepB,$N100))>0,"دریافت بانکی","پرداخت بانکی"),"")) | D100: =IF($M100<>"",IF(INDEX(CalcDocA,$M100)="","—",INDEX(CalcDocA,$M100)),IF($N100<>"",INDEX(CalcBankB,$N100),"")) | E100: =IF($N100<>"",IF(INDEX(CalcDepB,$N100)=0,"",INDEX(CalcDepB,$N100)),"") | F100: =IF($M100<>"",IF(INDEX(CalcQtyA,$M100)=0,"",INDEX(CalcQtyA,$M100)),"") | G100: =IF($M100<>"",IF(INDEX(CalcPriceA,$M100)=0,"",INDEX(CalcPriceA,$M100)),"") | H100: =IF($N100<>"",IF(INDEX(CalcWitB,$N100)=0,"",INDEX(CalcWitB,$N100)),"") | I100: =IF($M100<>"",INDEX(CalcAmtA,$M100),"") | J100: =IF($B100="","",IF($J99="",$C$8,$J99)+IF($I100="",0,$I100)+IF($E100="",0,$E100)-IF($H100="",0,$H100)) | K100: =IF($M100<>"",IF(INDEX(CalcNoteA,$M100)="","—",INDEX(CalcNoteA,$M100)),IF($N100<>"",IF(INDEX(CalcNoteB,$N100)="","—",INDEX(CalcNoteB,$N100)),"")) | M100: =IFERROR(MATCH($C$5&"|"&RIGHT("000000"&84,6),CalcRankKeyA,0),"") | N100: =IFERROR(MATCH($C$5&"|"&RIGHT("000000"&84,6),CalcRankKeyB,0),"")
A101: 85 | B101: =IF(AND($M101="",$N101=""),"",IF($M101<>"",INDEX(CalcDateA,$M101),INDEX(CalcDateB,$N101))) | C101: =IF($M101<>"","خرید سبد",IF($N101<>"",IF(N(INDEX(CalcDepB,$N101))>0,"دریافت بانکی","پرداخت بانکی"),"")) | D101: =IF($M101<>"",IF(INDEX(CalcDocA,$M101)="","—",INDEX(CalcDocA,$M101)),IF($N101<>"",INDEX(CalcBankB,$N101),"")) | E101: =IF($N101<>"",IF(INDEX(CalcDepB,$N101)=0,"",INDEX(CalcDepB,$N101)),"") | F101: =IF($M101<>"",IF(INDEX(CalcQtyA,$M101)=0,"",INDEX(CalcQtyA,$M101)),"") | G101: =IF($M101<>"",IF(INDEX(CalcPriceA,$M101)=0,"",INDEX(CalcPriceA,$M101)),"") | H101: =IF($N101<>"",IF(INDEX(CalcWitB,$N101)=0,"",INDEX(CalcWitB,$N101)),"") | I101: =IF($M101<>"",INDEX(CalcAmtA,$M101),"") | J101: =IF($B101="","",IF($J100="",$C$8,$J100)+IF($I101="",0,$I101)+IF($E101="",0,$E101)-IF($H101="",0,$H101)) | K101: =IF($M101<>"",IF(INDEX(CalcNoteA,$M101)="","—",INDEX(CalcNoteA,$M101)),IF($N101<>"",IF(INDEX(CalcNoteB,$N101)="","—",INDEX(CalcNoteB,$N101)),"")) | M101: =IFERROR(MATCH($C$5&"|"&RIGHT("000000"&85,6),CalcRankKeyA,0),"") | N101: =IFERROR(MATCH($C$5&"|"&RIGHT("000000"&85,6),CalcRankKeyB,0),"")
A102: 86 | B102: =IF(AND($M102="",$N102=""),"",IF($M102<>"",INDEX(CalcDateA,$M102),INDEX(CalcDateB,$N102))) | C102: =IF($M102<>"","خرید سبد",IF($N102<>"",IF(N(INDEX(CalcDepB,$N102))>0,"دریافت بانکی","پرداخت بانکی"),"")) | D102: =IF($M102<>"",IF(INDEX(CalcDocA,$M102)="","—",INDEX(CalcDocA,$M102)),IF($N102<>"",INDEX(CalcBankB,$N102),"")) | E102: =IF($N102<>"",IF(INDEX(CalcDepB,$N102)=0,"",INDEX(CalcDepB,$N102)),"") | F102: =IF($M102<>"",IF(INDEX(CalcQtyA,$M102)=0,"",INDEX(CalcQtyA,$M102)),"") | G102: =IF($M102<>"",IF(INDEX(CalcPriceA,$M102)=0,"",INDEX(CalcPriceA,$M102)),"") | H102: =IF($N102<>"",IF(INDEX(CalcWitB,$N102)=0,"",INDEX(CalcWitB,$N102)),"") | I102: =IF($M102<>"",INDEX(CalcAmtA,$M102),"") | J102: =IF($B102="","",IF($J101="",$C$8,$J101)+IF($I102="",0,$I102)+IF($E102="",0,$E102)-IF($H102="",0,$H102)) | K102: =IF($M102<>"",IF(INDEX(CalcNoteA,$M102)="","—",INDEX(CalcNoteA,$M102)),IF($N102<>"",IF(INDEX(CalcNoteB,$N102)="","—",INDEX(CalcNoteB,$N102)),"")) | M102: =IFERROR(MATCH($C$5&"|"&RIGHT("000000"&86,6),CalcRankKeyA,0),"") | N102: =IFERROR(MATCH($C$5&"|"&RIGHT("000000"&86,6),CalcRankKeyB,0),"")
A103: 87 | B103: =IF(AND($M103="",$N103=""),"",IF($M103<>"",INDEX(CalcDateA,$M103),INDEX(CalcDateB,$N103))) | C103: =IF($M103<>"","خرید سبد",IF($N103<>"",IF(N(INDEX(CalcDepB,$N103))>0,"دریافت بانکی","پرداخت بانکی"),"")) | D103: =IF($M103<>"",IF(INDEX(CalcDocA,$M103)="","—",INDEX(CalcDocA,$M103)),IF($N103<>"",INDEX(CalcBankB,$N103),"")) | E103: =IF($N103<>"",IF(INDEX(CalcDepB,$N103)=0,"",INDEX(CalcDepB,$N103)),"") | F103: =IF($M103<>"",IF(INDEX(CalcQtyA,$M103)=0,"",INDEX(CalcQtyA,$M103)),"") | G103: =IF($M103<>"",IF(INDEX(CalcPriceA,$M103)=0,"",INDEX(CalcPriceA,$M103)),"") | H103: =IF($N103<>"",IF(INDEX(CalcWitB,$N103)=0,"",INDEX(CalcWitB,$N103)),"") | I103: =IF($M103<>"",INDEX(CalcAmtA,$M103),"") | J103: =IF($B103="","",IF($J102="",$C$8,$J102)+IF($I103="",0,$I103)+IF($E103="",0,$E103)-IF($H103="",0,$H103)) | K103: =IF($M103<>"",IF(INDEX(CalcNoteA,$M103)="","—",INDEX(CalcNoteA,$M103)),IF($N103<>"",IF(INDEX(CalcNoteB,$N103)="","—",INDEX(CalcNoteB,$N103)),"")) | M103: =IFERROR(MATCH($C$5&"|"&RIGHT("000000"&87,6),CalcRankKeyA,0),"") | N103: =IFERROR(MATCH($C$5&"|"&RIGHT("000000"&87,6),CalcRankKeyB,0),"")
...

Sheet Summary
A1: =IF(Sync!$N$6="","مازندشت",Sync!$N$6)&" — "&IF(Sync!$N$9="","سورتینگ و بسته‌بندی مرکبات",Sync!$N$9) -> 250000000 — 90000000
A2: =IF(Sync!$N$7="","باغدشت، بخش مرکزی، شهرستان قائم‌شهر، استان مازندران، ایران",Sync!$N$7)&" | MAZANDASHT · CITRUS SORTING & PACKING" -> باغدشت، بخش مرکزی، شهرستان قائم‌شهر، استان مازندران، ایران | MAZANDASHT · CITRUS SORTING & PACKING
A3: خلاصه دفتر سبد — همه فروشندگان و انواع سبد
A4: جدول بالا: گردش هر فروشنده سبد (از Entry و پرداخت‌های Transactions) — جدول پایین: جمع خرید به تفکیک نوع سبد. همه‌چیز خودکار.
A5: جمع کل خرید سبد (ریال) | C5: جمع پرداخت به فروشندگان (ریال) | E5: مانده کل (بدهی ما) | G5: تعداد فروشندگان سبد
A6: =SUM(CalcAmtA) -> #REF! | C6: =SUMPRODUCT(SUMIF(CalcPartyB,PkBskParty,CalcWitB)) -> 179500000 | E6: =SUM(CalcAmtA)-SUMPRODUCT(SUMIF(CalcPartyB,PkBskParty,CalcWitB))+SUMPRODUCT(SUMIF(CalcPartyB,PkBskParty,CalcDepB)) -> #REF! | G6: =NBskParty -> 3
A8: الف) گردش فروشندگان سبد
A9: ردیف | B9: کد | C9: نام فروشنده | D9: تعداد سبد | E9: جمع خرید (ریال) | F9: جمع پرداخت (ریال) | G9: جمع دریافت (ریال) | H9: مانده (ریال) | I9: وضعیت
A10: =IF($B10="","",1) -> 1 | B10: =IF(1>NBskParty,"",INDEX(PkBskParty,1)) -> S001 | C10: =IF($B10="","",IFERROR(IF(VLOOKUP($B10,AcctTbl,4,0)="","(بدون نام)",VLOOKUP($B10,AcctTbl,4,0)),"—")) -> حسن کوچکزاده | D10: =IF($B10="","",SUMIF(CalcPartyA,$B10,CalcQtyA)) -> #REF! | E10: =IF($B10="","",SUMIF(CalcPartyA,$B10,CalcAmtA)) -> #REF! | F10: =IF($B10="","",SUMIF(CalcPartyB,$B10,CalcWitB)) -> 95000000 | G10: =IF($B10="","",SUMIF(CalcPartyB,$B10,CalcDepB)) -> 0 | H10: =IF($B10="","",$E10-$F10+$G10) -> #REF! | I10: =IF($B10="","",IF(ROUND($H10,0)>0,"● بستانکار",IF(ROUND($H10,0)<0,"● بدهکار","تسویه"))) -> #REF!
A11: =IF($B11="","",2) -> 2 | B11: =IF(2>NBskParty,"",INDEX(PkBskParty,2)) -> S002 | C11: =IF($B11="","",IFERROR(IF(VLOOKUP($B11,AcctTbl,4,0)="","(بدون نام)",VLOOKUP($B11,AcctTbl,4,0)),"—")) -> سید محمد موسویان | D11: =IF($B11="","",SUMIF(CalcPartyA,$B11,CalcQtyA)) -> 7473 | E11: =IF($B11="","",SUMIF(CalcPartyA,$B11,CalcAmtA)) -> 202765000 | F11: =IF($B11="","",SUMIF(CalcPartyB,$B11,CalcWitB)) -> 84500000 | G11: =IF($B11="","",SUMIF(CalcPartyB,$B11,CalcDepB)) -> 0 | H11: =IF($B11="","",$E11-$F11+$G11) -> 118265000 | I11: =IF($B11="","",IF(ROUND($H11,0)>0,"● بستانکار",IF(ROUND($H11,0)<0,"● بدهکار","تسویه"))) -> ● بستانکار
A12: =IF($B12="","",3) -> 3 | B12: =IF(3>NBskParty,"",INDEX(PkBskParty,3)) -> S003 | C12: =IF($B12="","",IFERROR(IF(VLOOKUP($B12,AcctTbl,4,0)="","(بدون نام)",VLOOKUP($B12,AcctTbl,4,0)),"—")) -> سید ربیع موسویان | D12: =IF($B12="","",SUMIF(CalcPartyA,$B12,CalcQtyA)) -> 2891 | E12: =IF($B12="","",SUMIF(CalcPartyA,$B12,CalcAmtA)) -> 127197000 | F12: =IF($B12="","",SUMIF(CalcPartyB,$B12,CalcWitB)) -> 0 | G12: =IF($B12="","",SUMIF(CalcPartyB,$B12,CalcDepB)) -> 0 | H12: =IF($B12="","",$E12-$F12+$G12) -> 127197000 | I12: =IF($B12="","",IF(ROUND($H12,0)>0,"● بستانکار",IF(ROUND($H12,0)<0,"● بدهکار","تسویه"))) -> ● بستانکار
A13: =IF($B13="","",4) | B13: =IF(4>NBskParty,"",INDEX(PkBskParty,4)) | C13: =IF($B13="","",IFERROR(IF(VLOOKUP($B13,AcctTbl,4,0)="","(بدون نام)",VLOOKUP($B13,AcctTbl,4,0)),"—")) | D13: =IF($B13="","",SUMIF(CalcPartyA,$B13,CalcQtyA)) | E13: =IF($B13="","",SUMIF(CalcPartyA,$B13,CalcAmtA)) | F13: =IF($B13="","",SUMIF(CalcPartyB,$B13,CalcWitB)) | G13: =IF($B13="","",SUMIF(CalcPartyB,$B13,CalcDepB)) | H13: =IF($B13="","",$E13-$F13+$G13) | I13: =IF($B13="","",IF(ROUND($H13,0)>0,"● بستانکار",IF(ROUND($H13,0)<0,"● بدهکار","تسویه")))
A14: =IF($B14="","",5) | B14: =IF(5>NBskParty,"",INDEX(PkBskParty,5)) | C14: =IF($B14="","",IFERROR(IF(VLOOKUP($B14,AcctTbl,4,0)="","(بدون نام)",VLOOKUP($B14,AcctTbl,4,0)),"—")) | D14: =IF($B14="","",SUMIF(CalcPartyA,$B14,CalcQtyA)) | E14: =IF($B14="","",SUMIF(CalcPartyA,$B14,CalcAmtA)) | F14: =IF($B14="","",SUMIF(CalcPartyB,$B14,CalcWitB)) | G14: =IF($B14="","",SUMIF(CalcPartyB,$B14,CalcDepB)) | H14: =IF($B14="","",$E14-$F14+$G14) | I14: =IF($B14="","",IF(ROUND($H14,0)>0,"● بستانکار",IF(ROUND($H14,0)<0,"● بدهکار","تسویه")))
A15: =IF($B15="","",6) | B15: =IF(6>NBskParty,"",INDEX(PkBskParty,6)) | C15: =IF($B15="","",IFERROR(IF(VLOOKUP($B15,AcctTbl,4,0)="","(بدون نام)",VLOOKUP($B15,AcctTbl,4,0)),"—")) | D15: =IF($B15="","",SUMIF(CalcPartyA,$B15,CalcQtyA)) | E15: =IF($B15="","",SUMIF(CalcPartyA,$B15,CalcAmtA)) | F15: =IF($B15="","",SUMIF(CalcPartyB,$B15,CalcWitB)) | G15: =IF($B15="","",SUMIF(CalcPartyB,$B15,CalcDepB)) | H15: =IF($B15="","",$E15-$F15+$G15) | I15: =IF($B15="","",IF(ROUND($H15,0)>0,"● بستانکار",IF(ROUND($H15,0)<0,"● بدهکار","تسویه")))
A16: =IF($B16="","",7) | B16: =IF(7>NBskParty,"",INDEX(PkBskParty,7)) | C16: =IF($B16="","",IFERROR(IF(VLOOKUP($B16,AcctTbl,4,0)="","(بدون نام)",VLOOKUP($B16,AcctTbl,4,0)),"—")) | D16: =IF($B16="","",SUMIF(CalcPartyA,$B16,CalcQtyA)) | E16: =IF($B16="","",SUMIF(CalcPartyA,$B16,CalcAmtA)) | F16: =IF($B16="","",SUMIF(CalcPartyB,$B16,CalcWitB)) | G16: =IF($B16="","",SUMIF(CalcPartyB,$B16,CalcDepB)) | H16: =IF($B16="","",$E16-$F16+$G16) | I16: =IF($B16="","",IF(ROUND($H16,0)>0,"● بستانکار",IF(ROUND($H16,0)<0,"● بدهکار","تسویه")))
A17: =IF($B17="","",8) | B17: =IF(8>NBskParty,"",INDEX(PkBskParty,8)) | C17: =IF($B17="","",IFERROR(IF(VLOOKUP($B17,AcctTbl,4,0)="","(بدون نام)",VLOOKUP($B17,AcctTbl,4,0)),"—")) | D17: =IF($B17="","",SUMIF(CalcPartyA,$B17,CalcQtyA)) | E17: =IF($B17="","",SUMIF(CalcPartyA,$B17,CalcAmtA)) | F17: =IF($B17="","",SUMIF(CalcPartyB,$B17,CalcWitB)) | G17: =IF($B17="","",SUMIF(CalcPartyB,$B17,CalcDepB)) | H17: =IF($B17="","",$E17-$F17+$G17) | I17: =IF($B17="","",IF(ROUND($H17,0)>0,"● بستانکار",IF(ROUND($H17,0)<0,"● بدهکار","تسویه")))
A18: =IF($B18="","",9) | B18: =IF(9>NBskParty,"",INDEX(PkBskParty,9)) | C18: =IF($B18="","",IFERROR(IF(VLOOKUP($B18,AcctTbl,4,0)="","(بدون نام)",VLOOKUP($B18,AcctTbl,4,0)),"—")) | D18: =IF($B18="","",SUMIF(CalcPartyA,$B18,CalcQtyA)) | E18: =IF($B18="","",SUMIF(CalcPartyA,$B18,CalcAmtA)) | F18: =IF($B18="","",SUMIF(CalcPartyB,$B18,CalcWitB)) | G18: =IF($B18="","",SUMIF(CalcPartyB,$B18,CalcDepB)) | H18: =IF($B18="","",$E18-$F18+$G18) | I18: =IF($B18="","",IF(ROUND($H18,0)>0,"● بستانکار",IF(ROUND($H18,0)<0,"● بدهکار","تسویه")))
A19: =IF($B19="","",10) | B19: =IF(10>NBskParty,"",INDEX(PkBskParty,10)) | C19: =IF($B19="","",IFERROR(IF(VLOOKUP($B19,AcctTbl,4,0)="","(بدون نام)",VLOOKUP($B19,AcctTbl,4,0)),"—")) | D19: =IF($B19="","",SUMIF(CalcPartyA,$B19,CalcQtyA)) | E19: =IF($B19="","",SUMIF(CalcPartyA,$B19,CalcAmtA)) | F19: =IF($B19="","",SUMIF(CalcPartyB,$B19,CalcWitB)) | G19: =IF($B19="","",SUMIF(CalcPartyB,$B19,CalcDepB)) | H19: =IF($B19="","",$E19-$F19+$G19) | I19: =IF($B19="","",IF(ROUND($H19,0)>0,"● بستانکار",IF(ROUND($H19,0)<0,"● بدهکار","تسویه")))
A20: =IF($B20="","",11) | B20: =IF(11>NBskParty,"",INDEX(PkBskParty,11)) | C20: =IF($B20="","",IFERROR(IF(VLOOKUP($B20,AcctTbl,4,0)="","(بدون نام)",VLOOKUP($B20,AcctTbl,4,0)),"—")) | D20: =IF($B20="","",SUMIF(CalcPartyA,$B20,CalcQtyA)) | E20: =IF($B20="","",SUMIF(CalcPartyA,$B20,CalcAmtA)) | F20: =IF($B20="","",SUMIF(CalcPartyB,$B20,CalcWitB)) | G20: =IF($B20="","",SUMIF(CalcPartyB,$B20,CalcDepB)) | H20: =IF($B20="","",$E20-$F20+$G20) | I20: =IF($B20="","",IF(ROUND($H20,0)>0,"● بستانکار",IF(ROUND($H20,0)<0,"● بدهکار","تسویه")))
A21: =IF($B21="","",12) | B21: =IF(12>NBskParty,"",INDEX(PkBskParty,12)) | C21: =IF($B21="","",IFERROR(IF(VLOOKUP($B21,AcctTbl,4,0)="","(بدون نام)",VLOOKUP($B21,AcctTbl,4,0)),"—")) | D21: =IF($B21="","",SUMIF(CalcPartyA,$B21,CalcQtyA)) | E21: =IF($B21="","",SUMIF(CalcPartyA,$B21,CalcAmtA)) | F21: =IF($B21="","",SUMIF(CalcPartyB,$B21,CalcWitB)) | G21: =IF($B21="","",SUMIF(CalcPartyB,$B21,CalcDepB)) | H21: =IF($B21="","",$E21-$F21+$G21) | I21: =IF($B21="","",IF(ROUND($H21,0)>0,"● بستانکار",IF(ROUND($H21,0)<0,"● بدهکار","تسویه")))
A22: =IF($B22="","",13) | B22: =IF(13>NBskParty,"",INDEX(PkBskParty,13)) | C22: =IF($B22="","",IFERROR(IF(VLOOKUP($B22,AcctTbl,4,0)="","(بدون نام)",VLOOKUP($B22,AcctTbl,4,0)),"—")) | D22: =IF($B22="","",SUMIF(CalcPartyA,$B22,CalcQtyA)) | E22: =IF($B22="","",SUMIF(CalcPartyA,$B22,CalcAmtA)) | F22: =IF($B22="","",SUMIF(CalcPartyB,$B22,CalcWitB)) | G22: =IF($B22="","",SUMIF(CalcPartyB,$B22,CalcDepB)) | H22: =IF($B22="","",$E22-$F22+$G22) | I22: =IF($B22="","",IF(ROUND($H22,0)>0,"● بستانکار",IF(ROUND($H22,0)<0,"● بدهکار","تسویه")))
A23: =IF($B23="","",14) | B23: =IF(14>NBskParty,"",INDEX(PkBskParty,14)) | C23: =IF($B23="","",IFERROR(IF(VLOOKUP($B23,AcctTbl,4,0)="","(بدون نام)",VLOOKUP($B23,AcctTbl,4,0)),"—")) | D23: =IF($B23="","",SUMIF(CalcPartyA,$B23,CalcQtyA)) | E23: =IF($B23="","",SUMIF(CalcPartyA,$B23,CalcAmtA)) | F23: =IF($B23="","",SUMIF(CalcPartyB,$B23,CalcWitB)) | G23: =IF($B23="","",SUMIF(CalcPartyB,$B23,CalcDepB)) | H23: =IF($B23="","",$E23-$F23+$G23) | I23: =IF($B23="","",IF(ROUND($H23,0)>0,"● بستانکار",IF(ROUND($H23,0)<0,"● بدهکار","تسویه")))
A24: =IF($B24="","",15) | B24: =IF(15>NBskParty,"",INDEX(PkBskParty,15)) | C24: =IF($B24="","",IFERROR(IF(VLOOKUP($B24,AcctTbl,4,0)="","(بدون نام)",VLOOKUP($B24,AcctTbl,4,0)),"—")) | D24: =IF($B24="","",SUMIF(CalcPartyA,$B24,CalcQtyA)) | E24: =IF($B24="","",SUMIF(CalcPartyA,$B24,CalcAmtA)) | F24: =IF($B24="","",SUMIF(CalcPartyB,$B24,CalcWitB)) | G24: =IF($B24="","",SUMIF(CalcPartyB,$B24,CalcDepB)) | H24: =IF($B24="","",$E24-$F24+$G24) | I24: =IF($B24="","",IF(ROUND($H24,0)>0,"● بستانکار",IF(ROUND($H24,0)<0,"● بدهکار","تسویه")))
A25: =IF($B25="","",16) | B25: =IF(16>NBskParty,"",INDEX(PkBskParty,16)) | C25: =IF($B25="","",IFERROR(IF(VLOOKUP($B25,AcctTbl,4,0)="","(بدون نام)",VLOOKUP($B25,AcctTbl,4,0)),"—")) | D25: =IF($B25="","",SUMIF(CalcPartyA,$B25,CalcQtyA)) | E25: =IF($B25="","",SUMIF(CalcPartyA,$B25,CalcAmtA)) | F25: =IF($B25="","",SUMIF(CalcPartyB,$B25,CalcWitB)) | G25: =IF($B25="","",SUMIF(CalcPartyB,$B25,CalcDepB)) | H25: =IF($B25="","",$E25-$F25+$G25) | I25: =IF($B25="","",IF(ROUND($H25,0)>0,"● بستانکار",IF(ROUND($H25,0)<0,"● بدهکار","تسویه")))
A26: =IF($B26="","",17) | B26: =IF(17>NBskParty,"",INDEX(PkBskParty,17)) | C26: =IF($B26="","",IFERROR(IF(VLOOKUP($B26,AcctTbl,4,0)="","(بدون نام)",VLOOKUP($B26,AcctTbl,4,0)),"—")) | D26: =IF($B26="","",SUMIF(CalcPartyA,$B26,CalcQtyA)) | E26: =IF($B26="","",SUMIF(CalcPartyA,$B26,CalcAmtA)) | F26: =IF($B26="","",SUMIF(CalcPartyB,$B26,CalcWitB)) | G26: =IF($B26="","",SUMIF(CalcPartyB,$B26,CalcDepB)) | H26: =IF($B26="","",$E26-$F26+$G26) | I26: =IF($B26="","",IF(ROUND($H26,0)>0,"● بستانکار",IF(ROUND($H26,0)<0,"● بدهکار","تسویه")))
A27: =IF($B27="","",18) | B27: =IF(18>NBskParty,"",INDEX(PkBskParty,18)) | C27: =IF($B27="","",IFERROR(IF(VLOOKUP($B27,AcctTbl,4,0)="","(بدون نام)",VLOOKUP($B27,AcctTbl,4,0)),"—")) | D27: =IF($B27="","",SUMIF(CalcPartyA,$B27,CalcQtyA)) | E27: =IF($B27="","",SUMIF(CalcPartyA,$B27,CalcAmtA)) | F27: =IF($B27="","",SUMIF(CalcPartyB,$B27,CalcWitB)) | G27: =IF($B27="","",SUMIF(CalcPartyB,$B27,CalcDepB)) | H27: =IF($B27="","",$E27-$F27+$G27) | I27: =IF($B27="","",IF(ROUND($H27,0)>0,"● بستانکار",IF(ROUND($H27,0)<0,"● بدهکار","تسویه")))
A28: =IF($B28="","",19) | B28: =IF(19>NBskParty,"",INDEX(PkBskParty,19)) | C28: =IF($B28="","",IFERROR(IF(VLOOKUP($B28,AcctTbl,4,0)="","(بدون نام)",VLOOKUP($B28,AcctTbl,4,0)),"—")) | D28: =IF($B28="","",SUMIF(CalcPartyA,$B28,CalcQtyA)) | E28: =IF($B28="","",SUMIF(CalcPartyA,$B28,CalcAmtA)) | F28: =IF($B28="","",SUMIF(CalcPartyB,$B28,CalcWitB)) | G28: =IF($B28="","",SUMIF(CalcPartyB,$B28,CalcDepB)) | H28: =IF($B28="","",$E28-$F28+$G28) | I28: =IF($B28="","",IF(ROUND($H28,0)>0,"● بستانکار",IF(ROUND($H28,0)<0,"● بدهکار","تسویه")))
A29: =IF($B29="","",20) | B29: =IF(20>NBskParty,"",INDEX(PkBskParty,20)) | C29: =IF($B29="","",IFERROR(IF(VLOOKUP($B29,AcctTbl,4,0)="","(بدون نام)",VLOOKUP($B29,AcctTbl,4,0)),"—")) | D29: =IF($B29="","",SUMIF(CalcPartyA,$B29,CalcQtyA)) | E29: =IF($B29="","",SUMIF(CalcPartyA,$B29,CalcAmtA)) | F29: =IF($B29="","",SUMIF(CalcPartyB,$B29,CalcWitB)) | G29: =IF($B29="","",SUMIF(CalcPartyB,$B29,CalcDepB)) | H29: =IF($B29="","",$E29-$F29+$G29) | I29: =IF($B29="","",IF(ROUND($H29,0)>0,"● بستانکار",IF(ROUND($H29,0)<0,"● بدهکار","تسویه")))
A30: =IF($B30="","",21) | B30: =IF(21>NBskParty,"",INDEX(PkBskParty,21)) | C30: =IF($B30="","",IFERROR(IF(VLOOKUP($B30,AcctTbl,4,0)="","(بدون نام)",VLOOKUP($B30,AcctTbl,4,0)),"—")) | D30: =IF($B30="","",SUMIF(CalcPartyA,$B30,CalcQtyA)) | E30: =IF($B30="","",SUMIF(CalcPartyA,$B30,CalcAmtA)) | F30: =IF($B30="","",SUMIF(CalcPartyB,$B30,CalcWitB)) | G30: =IF($B30="","",SUMIF(CalcPartyB,$B30,CalcDepB)) | H30: =IF($B30="","",$E30-$F30+$G30) | I30: =IF($B30="","",IF(ROUND($H30,0)>0,"● بستانکار",IF(ROUND($H30,0)<0,"● بدهکار","تسویه")))
A31: =IF($B31="","",22) | B31: =IF(22>NBskParty,"",INDEX(PkBskParty,22)) | C31: =IF($B31="","",IFERROR(IF(VLOOKUP($B31,AcctTbl,4,0)="","(بدون نام)",VLOOKUP($B31,AcctTbl,4,0)),"—")) | D31: =IF($B31="","",SUMIF(CalcPartyA,$B31,CalcQtyA)) | E31: =IF($B31="","",SUMIF(CalcPartyA,$B31,CalcAmtA)) | F31: =IF($B31="","",SUMIF(CalcPartyB,$B31,CalcWitB)) | G31: =IF($B31="","",SUMIF(CalcPartyB,$B31,CalcDepB)) | H31: =IF($B31="","",$E31-$F31+$G31) | I31: =IF($B31="","",IF(ROUND($H31,0)>0,"● بستانکار",IF(ROUND($H31,0)<0,"● بدهکار","تسویه")))
A32: =IF($B32="","",23) | B32: =IF(23>NBskParty,"",INDEX(PkBskParty,23)) | C32: =IF($B32="","",IFERROR(IF(VLOOKUP($B32,AcctTbl,4,0)="","(بدون نام)",VLOOKUP($B32,AcctTbl,4,0)),"—")) | D32: =IF($B32="","",SUMIF(CalcPartyA,$B32,CalcQtyA)) | E32: =IF($B32="","",SUMIF(CalcPartyA,$B32,CalcAmtA)) | F32: =IF($B32="","",SUMIF(CalcPartyB,$B32,CalcWitB)) | G32: =IF($B32="","",SUMIF(CalcPartyB,$B32,CalcDepB)) | H32: =IF($B32="","",$E32-$F32+$G32) | I32: =IF($B32="","",IF(ROUND($H32,0)>0,"● بستانکار",IF(ROUND($H32,0)<0,"● بدهکار","تسویه")))
A33: =IF($B33="","",24) | B33: =IF(24>NBskParty,"",INDEX(PkBskParty,24)) | C33: =IF($B33="","",IFERROR(IF(VLOOKUP($B33,AcctTbl,4,0)="","(بدون نام)",VLOOKUP($B33,AcctTbl,4,0)),"—")) | D33: =IF($B33="","",SUMIF(CalcPartyA,$B33,CalcQtyA)) | E33: =IF($B33="","",SUMIF(CalcPartyA,$B33,CalcAmtA)) | F33: =IF($B33="","",SUMIF(CalcPartyB,$B33,CalcWitB)) | G33: =IF($B33="","",SUMIF(CalcPartyB,$B33,CalcDepB)) | H33: =IF($B33="","",$E33-$F33+$G33) | I33: =IF($B33="","",IF(ROUND($H33,0)>0,"● بستانکار",IF(ROUND($H33,0)<0,"● بدهکار","تسویه")))
A34: =IF($B34="","",25) | B34: =IF(25>NBskParty,"",INDEX(PkBskParty,25)) | C34: =IF($B34="","",IFERROR(IF(VLOOKUP($B34,AcctTbl,4,0)="","(بدون نام)",VLOOKUP($B34,AcctTbl,4,0)),"—")) | D34: =IF($B34="","",SUMIF(CalcPartyA,$B34,CalcQtyA)) | E34: =IF($B34="","",SUMIF(CalcPartyA,$B34,CalcAmtA)) | F34: =IF($B34="","",SUMIF(CalcPartyB,$B34,CalcWitB)) | G34: =IF($B34="","",SUMIF(CalcPartyB,$B34,CalcDepB)) | H34: =IF($B34="","",$E34-$F34+$G34) | I34: =IF($B34="","",IF(ROUND($H34,0)>0,"● بستانکار",IF(ROUND($H34,0)<0,"● بدهکار","تسویه")))
A35: =IF($B35="","",26) | B35: =IF(26>NBskParty,"",INDEX(PkBskParty,26)) | C35: =IF($B35="","",IFERROR(IF(VLOOKUP($B35,AcctTbl,4,0)="","(بدون نام)",VLOOKUP($B35,AcctTbl,4,0)),"—")) | D35: =IF($B35="","",SUMIF(CalcPartyA,$B35,CalcQtyA)) | E35: =IF($B35="","",SUMIF(CalcPartyA,$B35,CalcAmtA)) | F35: =IF($B35="","",SUMIF(CalcPartyB,$B35,CalcWitB)) | G35: =IF($B35="","",SUMIF(CalcPartyB,$B35,CalcDepB)) | H35: =IF($B35="","",$E35-$F35+$G35) | I35: =IF($B35="","",IF(ROUND($H35,0)>0,"● بستانکار",IF(ROUND($H35,0)<0,"● بدهکار","تسویه")))
A36: =IF($B36="","",27) | B36: =IF(27>NBskParty,"",INDEX(PkBskParty,27)) | C36: =IF($B36="","",IFERROR(IF(VLOOKUP($B36,AcctTbl,4,0)="","(بدون نام)",VLOOKUP($B36,AcctTbl,4,0)),"—")) | D36: =IF($B36="","",SUMIF(CalcPartyA,$B36,CalcQtyA)) | E36: =IF($B36="","",SUMIF(CalcPartyA,$B36,CalcAmtA)) | F36: =IF($B36="","",SUMIF(CalcPartyB,$B36,CalcWitB)) | G36: =IF($B36="","",SUMIF(CalcPartyB,$B36,CalcDepB)) | H36: =IF($B36="","",$E36-$F36+$G36) | I36: =IF($B36="","",IF(ROUND($H36,0)>0,"● بستانکار",IF(ROUND($H36,0)<0,"● بدهکار","تسویه")))
A37: =IF($B37="","",28) | B37: =IF(28>NBskParty,"",INDEX(PkBskParty,28)) | C37: =IF($B37="","",IFERROR(IF(VLOOKUP($B37,AcctTbl,4,0)="","(بدون نام)",VLOOKUP($B37,AcctTbl,4,0)),"—")) | D37: =IF($B37="","",SUMIF(CalcPartyA,$B37,CalcQtyA)) | E37: =IF($B37="","",SUMIF(CalcPartyA,$B37,CalcAmtA)) | F37: =IF($B37="","",SUMIF(CalcPartyB,$B37,CalcWitB)) | G37: =IF($B37="","",SUMIF(CalcPartyB,$B37,CalcDepB)) | H37: =IF($B37="","",$E37-$F37+$G37) | I37: =IF($B37="","",IF(ROUND($H37,0)>0,"● بستانکار",IF(ROUND($H37,0)<0,"● بدهکار","تسویه")))
A38: =IF($B38="","",29) | B38: =IF(29>NBskParty,"",INDEX(PkBskParty,29)) | C38: =IF($B38="","",IFERROR(IF(VLOOKUP($B38,AcctTbl,4,0)="","(بدون نام)",VLOOKUP($B38,AcctTbl,4,0)),"—")) | D38: =IF($B38="","",SUMIF(CalcPartyA,$B38,CalcQtyA)) | E38: =IF($B38="","",SUMIF(CalcPartyA,$B38,CalcAmtA)) | F38: =IF($B38="","",SUMIF(CalcPartyB,$B38,CalcWitB)) | G38: =IF($B38="","",SUMIF(CalcPartyB,$B38,CalcDepB)) | H38: =IF($B38="","",$E38-$F38+$G38) | I38: =IF($B38="","",IF(ROUND($H38,0)>0,"● بستانکار",IF(ROUND($H38,0)<0,"● بدهکار","تسویه")))
A39: =IF($B39="","",30) | B39: =IF(30>NBskParty,"",INDEX(PkBskParty,30)) | C39: =IF($B39="","",IFERROR(IF(VLOOKUP($B39,AcctTbl,4,0)="","(بدون نام)",VLOOKUP($B39,AcctTbl,4,0)),"—")) | D39: =IF($B39="","",SUMIF(CalcPartyA,$B39,CalcQtyA)) | E39: =IF($B39="","",SUMIF(CalcPartyA,$B39,CalcAmtA)) | F39: =IF($B39="","",SUMIF(CalcPartyB,$B39,CalcWitB)) | G39: =IF($B39="","",SUMIF(CalcPartyB,$B39,CalcDepB)) | H39: =IF($B39="","",$E39-$F39+$G39) | I39: =IF($B39="","",IF(ROUND($H39,0)>0,"● بستانکار",IF(ROUND($H39,0)<0,"● بدهکار","تسویه")))
A40: =IF($B40="","",31) | B40: =IF(31>NBskParty,"",INDEX(PkBskParty,31)) | C40: =IF($B40="","",IFERROR(IF(VLOOKUP($B40,AcctTbl,4,0)="","(بدون نام)",VLOOKUP($B40,AcctTbl,4,0)),"—")) | D40: =IF($B40="","",SUMIF(CalcPartyA,$B40,CalcQtyA)) | E40: =IF($B40="","",SUMIF(CalcPartyA,$B40,CalcAmtA)) | F40: =IF($B40="","",SUMIF(CalcPartyB,$B40,CalcWitB)) | G40: =IF($B40="","",SUMIF(CalcPartyB,$B40,CalcDepB)) | H40: =IF($B40="","",$E40-$F40+$G40) | I40: =IF($B40="","",IF(ROUND($H40,0)>0,"● بستانکار",IF(ROUND($H40,0)<0,"● بدهکار","تسویه")))
A41: =IF($B41="","",32) | B41: =IF(32>NBskParty,"",INDEX(PkBskParty,32)) | C41: =IF($B41="","",IFERROR(IF(VLOOKUP($B41,AcctTbl,4,0)="","(بدون نام)",VLOOKUP($B41,AcctTbl,4,0)),"—")) | D41: =IF($B41="","",SUMIF(CalcPartyA,$B41,CalcQtyA)) | E41: =IF($B41="","",SUMIF(CalcPartyA,$B41,CalcAmtA)) | F41: =IF($B41="","",SUMIF(CalcPartyB,$B41,CalcWitB)) | G41: =IF($B41="","",SUMIF(CalcPartyB,$B41,CalcDepB)) | H41: =IF($B41="","",$E41-$F41+$G41) | I41: =IF($B41="","",IF(ROUND($H41,0)>0,"● بستانکار",IF(ROUND($H41,0)<0,"● بدهکار","تسویه")))
A42: =IF($B42="","",33) | B42: =IF(33>NBskParty,"",INDEX(PkBskParty,33)) | C42: =IF($B42="","",IFERROR(IF(VLOOKUP($B42,AcctTbl,4,0)="","(بدون نام)",VLOOKUP($B42,AcctTbl,4,0)),"—")) | D42: =IF($B42="","",SUMIF(CalcPartyA,$B42,CalcQtyA)) | E42: =IF($B42="","",SUMIF(CalcPartyA,$B42,CalcAmtA)) | F42: =IF($B42="","",SUMIF(CalcPartyB,$B42,CalcWitB)) | G42: =IF($B42="","",SUMIF(CalcPartyB,$B42,CalcDepB)) | H42: =IF($B42="","",$E42-$F42+$G42) | I42: =IF($B42="","",IF(ROUND($H42,0)>0,"● بستانکار",IF(ROUND($H42,0)<0,"● بدهکار","تسویه")))
A43: =IF($B43="","",34) | B43: =IF(34>NBskParty,"",INDEX(PkBskParty,34)) | C43: =IF($B43="","",IFERROR(IF(VLOOKUP($B43,AcctTbl,4,0)="","(بدون نام)",VLOOKUP($B43,AcctTbl,4,0)),"—")) | D43: =IF($B43="","",SUMIF(CalcPartyA,$B43,CalcQtyA)) | E43: =IF($B43="","",SUMIF(CalcPartyA,$B43,CalcAmtA)) | F43: =IF($B43="","",SUMIF(CalcPartyB,$B43,CalcWitB)) | G43: =IF($B43="","",SUMIF(CalcPartyB,$B43,CalcDepB)) | H43: =IF($B43="","",$E43-$F43+$G43) | I43: =IF($B43="","",IF(ROUND($H43,0)>0,"● بستانکار",IF(ROUND($H43,0)<0,"● بدهکار","تسویه")))
A44: =IF($B44="","",35) | B44: =IF(35>NBskParty,"",INDEX(PkBskParty,35)) | C44: =IF($B44="","",IFERROR(IF(VLOOKUP($B44,AcctTbl,4,0)="","(بدون نام)",VLOOKUP($B44,AcctTbl,4,0)),"—")) | D44: =IF($B44="","",SUMIF(CalcPartyA,$B44,CalcQtyA)) | E44: =IF($B44="","",SUMIF(CalcPartyA,$B44,CalcAmtA)) | F44: =IF($B44="","",SUMIF(CalcPartyB,$B44,CalcWitB)) | G44: =IF($B44="","",SUMIF(CalcPartyB,$B44,CalcDepB)) | H44: =IF($B44="","",$E44-$F44+$G44) | I44: =IF($B44="","",IF(ROUND($H44,0)>0,"● بستانکار",IF(ROUND($H44,0)<0,"● بدهکار","تسویه")))
A45: =IF($B45="","",36) | B45: =IF(36>NBskParty,"",INDEX(PkBskParty,36)) | C45: =IF($B45="","",IFERROR(IF(VLOOKUP($B45,AcctTbl,4,0)="","(بدون نام)",VLOOKUP($B45,AcctTbl,4,0)),"—")) | D45: =IF($B45="","",SUMIF(CalcPartyA,$B45,CalcQtyA)) | E45: =IF($B45="","",SUMIF(CalcPartyA,$B45,CalcAmtA)) | F45: =IF($B45="","",SUMIF(CalcPartyB,$B45,CalcWitB)) | G45: =IF($B45="","",SUMIF(CalcPartyB,$B45,CalcDepB)) | H45: =IF($B45="","",$E45-$F45+$G45) | I45: =IF($B45="","",IF(ROUND($H45,0)>0,"● بستانکار",IF(ROUND($H45,0)<0,"● بدهکار","تسویه")))
A46: =IF($B46="","",37) | B46: =IF(37>NBskParty,"",INDEX(PkBskParty,37)) | C46: =IF($B46="","",IFERROR(IF(VLOOKUP($B46,AcctTbl,4,0)="","(بدون نام)",VLOOKUP($B46,AcctTbl,4,0)),"—")) | D46: =IF($B46="","",SUMIF(CalcPartyA,$B46,CalcQtyA)) | E46: =IF($B46="","",SUMIF(CalcPartyA,$B46,CalcAmtA)) | F46: =IF($B46="","",SUMIF(CalcPartyB,$B46,CalcWitB)) | G46: =IF($B46="","",SUMIF(CalcPartyB,$B46,CalcDepB)) | H46: =IF($B46="","",$E46-$F46+$G46) | I46: =IF($B46="","",IF(ROUND($H46,0)>0,"● بستانکار",IF(ROUND($H46,0)<0,"● بدهکار","تسویه")))
A47: =IF($B47="","",38) | B47: =IF(38>NBskParty,"",INDEX(PkBskParty,38)) | C47: =IF($B47="","",IFERROR(IF(VLOOKUP($B47,AcctTbl,4,0)="","(بدون نام)",VLOOKUP($B47,AcctTbl,4,0)),"—")) | D47: =IF($B47="","",SUMIF(CalcPartyA,$B47,CalcQtyA)) | E47: =IF($B47="","",SUMIF(CalcPartyA,$B47,CalcAmtA)) | F47: =IF($B47="","",SUMIF(CalcPartyB,$B47,CalcWitB)) | G47: =IF($B47="","",SUMIF(CalcPartyB,$B47,CalcDepB)) | H47: =IF($B47="","",$E47-$F47+$G47) | I47: =IF($B47="","",IF(ROUND($H47,0)>0,"● بستانکار",IF(ROUND($H47,0)<0,"● بدهکار","تسویه")))
A48: =IF($B48="","",39) | B48: =IF(39>NBskParty,"",INDEX(PkBskParty,39)) | C48: =IF($B48="","",IFERROR(IF(VLOOKUP($B48,AcctTbl,4,0)="","(بدون نام)",VLOOKUP($B48,AcctTbl,4,0)),"—")) | D48: =IF($B48="","",SUMIF(CalcPartyA,$B48,CalcQtyA)) | E48: =IF($B48="","",SUMIF(CalcPartyA,$B48,CalcAmtA)) | F48: =IF($B48="","",SUMIF(CalcPartyB,$B48,CalcWitB)) | G48: =IF($B48="","",SUMIF(CalcPartyB,$B48,CalcDepB)) | H48: =IF($B48="","",$E48-$F48+$G48) | I48: =IF($B48="","",IF(ROUND($H48,0)>0,"● بستانکار",IF(ROUND($H48,0)<0,"● بدهکار","تسویه")))
A49: =IF($B49="","",40) | B49: =IF(40>NBskParty,"",INDEX(PkBskParty,40)) | C49: =IF($B49="","",IFERROR(IF(VLOOKUP($B49,AcctTbl,4,0)="","(بدون نام)",VLOOKUP($B49,AcctTbl,4,0)),"—")) | D49: =IF($B49="","",SUMIF(CalcPartyA,$B49,CalcQtyA)) | E49: =IF($B49="","",SUMIF(CalcPartyA,$B49,CalcAmtA)) | F49: =IF($B49="","",SUMIF(CalcPartyB,$B49,CalcWitB)) | G49: =IF($B49="","",SUMIF(CalcPartyB,$B49,CalcDepB)) | H49: =IF($B49="","",$E49-$F49+$G49) | I49: =IF($B49="","",IF(ROUND($H49,0)>0,"● بستانکار",IF(ROUND($H49,0)<0,"● بدهکار","تسویه")))
A50: =IF($B50="","",41) | B50: =IF(41>NBskParty,"",INDEX(PkBskParty,41)) | C50: =IF($B50="","",IFERROR(IF(VLOOKUP($B50,AcctTbl,4,0)="","(بدون نام)",VLOOKUP($B50,AcctTbl,4,0)),"—")) | D50: =IF($B50="","",SUMIF(CalcPartyA,$B50,CalcQtyA)) | E50: =IF($B50="","",SUMIF(CalcPartyA,$B50,CalcAmtA)) | F50: =IF($B50="","",SUMIF(CalcPartyB,$B50,CalcWitB)) | G50: =IF($B50="","",SUMIF(CalcPartyB,$B50,CalcDepB)) | H50: =IF($B50="","",$E50-$F50+$G50) | I50: =IF($B50="","",IF(ROUND($H50,0)>0,"● بستانکار",IF(ROUND($H50,0)<0,"● بدهکار","تسویه")))
A51: =IF($B51="","",42) | B51: =IF(42>NBskParty,"",INDEX(PkBskParty,42)) | C51: =IF($B51="","",IFERROR(IF(VLOOKUP($B51,AcctTbl,4,0)="","(بدون نام)",VLOOKUP($B51,AcctTbl,4,0)),"—")) | D51: =IF($B51="","",SUMIF(CalcPartyA,$B51,CalcQtyA)) | E51: =IF($B51="","",SUMIF(CalcPartyA,$B51,CalcAmtA)) | F51: =IF($B51="","",SUMIF(CalcPartyB,$B51,CalcWitB)) | G51: =IF($B51="","",SUMIF(CalcPartyB,$B51,CalcDepB)) | H51: =IF($B51="","",$E51-$F51+$G51) | I51: =IF($B51="","",IF(ROUND($H51,0)>0,"● بستانکار",IF(ROUND($H51,0)<0,"● بدهکار","تسویه")))
A52: =IF($B52="","",43) | B52: =IF(43>NBskParty,"",INDEX(PkBskParty,43)) | C52: =IF($B52="","",IFERROR(IF(VLOOKUP($B52,AcctTbl,4,0)="","(بدون نام)",VLOOKUP($B52,AcctTbl,4,0)),"—")) | D52: =IF($B52="","",SUMIF(CalcPartyA,$B52,CalcQtyA)) | E52: =IF($B52="","",SUMIF(CalcPartyA,$B52,CalcAmtA)) | F52: =IF($B52="","",SUMIF(CalcPartyB,$B52,CalcWitB)) | G52: =IF($B52="","",SUMIF(CalcPartyB,$B52,CalcDepB)) | H52: =IF($B52="","",$E52-$F52+$G52) | I52: =IF($B52="","",IF(ROUND($H52,0)>0,"● بستانکار",IF(ROUND($H52,0)<0,"● بدهکار","تسویه")))
A53: =IF($B53="","",44) | B53: =IF(44>NBskParty,"",INDEX(PkBskParty,44)) | C53: =IF($B53="","",IFERROR(IF(VLOOKUP($B53,AcctTbl,4,0)="","(بدون نام)",VLOOKUP($B53,AcctTbl,4,0)),"—")) | D53: =IF($B53="","",SUMIF(CalcPartyA,$B53,CalcQtyA)) | E53: =IF($B53="","",SUMIF(CalcPartyA,$B53,CalcAmtA)) | F53: =IF($B53="","",SUMIF(CalcPartyB,$B53,CalcWitB)) | G53: =IF($B53="","",SUMIF(CalcPartyB,$B53,CalcDepB)) | H53: =IF($B53="","",$E53-$F53+$G53) | I53: =IF($B53="","",IF(ROUND($H53,0)>0,"● بستانکار",IF(ROUND($H53,0)<0,"● بدهکار","تسویه")))
A54: =IF($B54="","",45) | B54: =IF(45>NBskParty,"",INDEX(PkBskParty,45)) | C54: =IF($B54="","",IFERROR(IF(VLOOKUP($B54,AcctTbl,4,0)="","(بدون نام)",VLOOKUP($B54,AcctTbl,4,0)),"—")) | D54: =IF($B54="","",SUMIF(CalcPartyA,$B54,CalcQtyA)) | E54: =IF($B54="","",SUMIF(CalcPartyA,$B54,CalcAmtA)) | F54: =IF($B54="","",SUMIF(CalcPartyB,$B54,CalcWitB)) | G54: =IF($B54="","",SUMIF(CalcPartyB,$B54,CalcDepB)) | H54: =IF($B54="","",$E54-$F54+$G54) | I54: =IF($B54="","",IF(ROUND($H54,0)>0,"● بستانکار",IF(ROUND($H54,0)<0,"● بدهکار","تسویه")))
A55: =IF($B55="","",46) | B55: =IF(46>NBskParty,"",INDEX(PkBskParty,46)) | C55: =IF($B55="","",IFERROR(IF(VLOOKUP($B55,AcctTbl,4,0)="","(بدون نام)",VLOOKUP($B55,AcctTbl,4,0)),"—")) | D55: =IF($B55="","",SUMIF(CalcPartyA,$B55,CalcQtyA)) | E55: =IF($B55="","",SUMIF(CalcPartyA,$B55,CalcAmtA)) | F55: =IF($B55="","",SUMIF(CalcPartyB,$B55,CalcWitB)) | G55: =IF($B55="","",SUMIF(CalcPartyB,$B55,CalcDepB)) | H55: =IF($B55="","",$E55-$F55+$G55) | I55: =IF($B55="","",IF(ROUND($H55,0)>0,"● بستانکار",IF(ROUND($H55,0)<0,"● بدهکار","تسویه")))
A56: =IF($B56="","",47) | B56: =IF(47>NBskParty,"",INDEX(PkBskParty,47)) | C56: =IF($B56="","",IFERROR(IF(VLOOKUP($B56,AcctTbl,4,0)="","(بدون نام)",VLOOKUP($B56,AcctTbl,4,0)),"—")) | D56: =IF($B56="","",SUMIF(CalcPartyA,$B56,CalcQtyA)) | E56: =IF($B56="","",SUMIF(CalcPartyA,$B56,CalcAmtA)) | F56: =IF($B56="","",SUMIF(CalcPartyB,$B56,CalcWitB)) | G56: =IF($B56="","",SUMIF(CalcPartyB,$B56,CalcDepB)) | H56: =IF($B56="","",$E56-$F56+$G56) | I56: =IF($B56="","",IF(ROUND($H56,0)>0,"● بستانکار",IF(ROUND($H56,0)<0,"● بدهکار","تسویه")))
A57: =IF($B57="","",48) | B57: =IF(48>NBskParty,"",INDEX(PkBskParty,48)) | C57: =IF($B57="","",IFERROR(IF(VLOOKUP($B57,AcctTbl,4,0)="","(بدون نام)",VLOOKUP($B57,AcctTbl,4,0)),"—")) | D57: =IF($B57="","",SUMIF(CalcPartyA,$B57,CalcQtyA)) | E57: =IF($B57="","",SUMIF(CalcPartyA,$B57,CalcAmtA)) | F57: =IF($B57="","",SUMIF(CalcPartyB,$B57,CalcWitB)) | G57: =IF($B57="","",SUMIF(CalcPartyB,$B57,CalcDepB)) | H57: =IF($B57="","",$E57-$F57+$G57) | I57: =IF($B57="","",IF(ROUND($H57,0)>0,"● بستانکار",IF(ROUND($H57,0)<0,"● بدهکار","تسویه")))
A58: =IF($B58="","",49) | B58: =IF(49>NBskParty,"",INDEX(PkBskParty,49)) | C58: =IF($B58="","",IFERROR(IF(VLOOKUP($B58,AcctTbl,4,0)="","(بدون نام)",VLOOKUP($B58,AcctTbl,4,0)),"—")) | D58: =IF($B58="","",SUMIF(CalcPartyA,$B58,CalcQtyA)) | E58: =IF($B58="","",SUMIF(CalcPartyA,$B58,CalcAmtA)) | F58: =IF($B58="","",SUMIF(CalcPartyB,$B58,CalcWitB)) | G58: =IF($B58="","",SUMIF(CalcPartyB,$B58,CalcDepB)) | H58: =IF($B58="","",$E58-$F58+$G58) | I58: =IF($B58="","",IF(ROUND($H58,0)>0,"● بستانکار",IF(ROUND($H58,0)<0,"● بدهکار","تسویه")))
A59: =IF($B59="","",50) | B59: =IF(50>NBskParty,"",INDEX(PkBskParty,50)) | C59: =IF($B59="","",IFERROR(IF(VLOOKUP($B59,AcctTbl,4,0)="","(بدون نام)",VLOOKUP($B59,AcctTbl,4,0)),"—")) | D59: =IF($B59="","",SUMIF(CalcPartyA,$B59,CalcQtyA)) | E59: =IF($B59="","",SUMIF(CalcPartyA,$B59,CalcAmtA)) | F59: =IF($B59="","",SUMIF(CalcPartyB,$B59,CalcWitB)) | G59: =IF($B59="","",SUMIF(CalcPartyB,$B59,CalcDepB)) | H59: =IF($B59="","",$E59-$F59+$G59) | I59: =IF($B59="","",IF(ROUND($H59,0)>0,"● بستانکار",IF(ROUND($H59,0)<0,"● بدهکار","تسویه")))
A60: =IF($B60="","",51) | B60: =IF(51>NBskParty,"",INDEX(PkBskParty,51)) | C60: =IF($B60="","",IFERROR(IF(VLOOKUP($B60,AcctTbl,4,0)="","(بدون نام)",VLOOKUP($B60,AcctTbl,4,0)),"—")) | D60: =IF($B60="","",SUMIF(CalcPartyA,$B60,CalcQtyA)) | E60: =IF($B60="","",SUMIF(CalcPartyA,$B60,CalcAmtA)) | F60: =IF($B60="","",SUMIF(CalcPartyB,$B60,CalcWitB)) | G60: =IF($B60="","",SUMIF(CalcPartyB,$B60,CalcDepB)) | H60: =IF($B60="","",$E60-$F60+$G60) | I60: =IF($B60="","",IF(ROUND($H60,0)>0,"● بستانکار",IF(ROUND($H60,0)<0,"● بدهکار","تسویه")))
A61: =IF($B61="","",52) | B61: =IF(52>NBskParty,"",INDEX(PkBskParty,52)) | C61: =IF($B61="","",IFERROR(IF(VLOOKUP($B61,AcctTbl,4,0)="","(بدون نام)",VLOOKUP($B61,AcctTbl,4,0)),"—")) | D61: =IF($B61="","",SUMIF(CalcPartyA,$B61,CalcQtyA)) | E61: =IF($B61="","",SUMIF(CalcPartyA,$B61,CalcAmtA)) | F61: =IF($B61="","",SUMIF(CalcPartyB,$B61,CalcWitB)) | G61: =IF($B61="","",SUMIF(CalcPartyB,$B61,CalcDepB)) | H61: =IF($B61="","",$E61-$F61+$G61) | I61: =IF($B61="","",IF(ROUND($H61,0)>0,"● بستانکار",IF(ROUND($H61,0)<0,"● بدهکار","تسویه")))
A62: =IF($B62="","",53) | B62: =IF(53>NBskParty,"",INDEX(PkBskParty,53)) | C62: =IF($B62="","",IFERROR(IF(VLOOKUP($B62,AcctTbl,4,0)="","(بدون نام)",VLOOKUP($B62,AcctTbl,4,0)),"—")) | D62: =IF($B62="","",SUMIF(CalcPartyA,$B62,CalcQtyA)) | E62: =IF($B62="","",SUMIF(CalcPartyA,$B62,CalcAmtA)) | F62: =IF($B62="","",SUMIF(CalcPartyB,$B62,CalcWitB)) | G62: =IF($B62="","",SUMIF(CalcPartyB,$B62,CalcDepB)) | H62: =IF($B62="","",$E62-$F62+$G62) | I62: =IF($B62="","",IF(ROUND($H62,0)>0,"● بستانکار",IF(ROUND($H62,0)<0,"● بدهکار","تسویه")))
A63: =IF($B63="","",54) | B63: =IF(54>NBskParty,"",INDEX(PkBskParty,54)) | C63: =IF($B63="","",IFERROR(IF(VLOOKUP($B63,AcctTbl,4,0)="","(بدون نام)",VLOOKUP($B63,AcctTbl,4,0)),"—")) | D63: =IF($B63="","",SUMIF(CalcPartyA,$B63,CalcQtyA)) | E63: =IF($B63="","",SUMIF(CalcPartyA,$B63,CalcAmtA)) | F63: =IF($B63="","",SUMIF(CalcPartyB,$B63,CalcWitB)) | G63: =IF($B63="","",SUMIF(CalcPartyB,$B63,CalcDepB)) | H63: =IF($B63="","",$E63-$F63+$G63) | I63: =IF($B63="","",IF(ROUND($H63,0)>0,"● بستانکار",IF(ROUND($H63,0)<0,"● بدهکار","تسویه")))
A64: =IF($B64="","",55) | B64: =IF(55>NBskParty,"",INDEX(PkBskParty,55)) | C64: =IF($B64="","",IFERROR(IF(VLOOKUP($B64,AcctTbl,4,0)="","(بدون نام)",VLOOKUP($B64,AcctTbl,4,0)),"—")) | D64: =IF($B64="","",SUMIF(CalcPartyA,$B64,CalcQtyA)) | E64: =IF($B64="","",SUMIF(CalcPartyA,$B64,CalcAmtA)) | F64: =IF($B64="","",SUMIF(CalcPartyB,$B64,CalcWitB)) | G64: =IF($B64="","",SUMIF(CalcPartyB,$B64,CalcDepB)) | H64: =IF($B64="","",$E64-$F64+$G64) | I64: =IF($B64="","",IF(ROUND($H64,0)>0,"● بستانکار",IF(ROUND($H64,0)<0,"● بدهکار","تسویه")))
A65: =IF($B65="","",56) | B65: =IF(56>NBskParty,"",INDEX(PkBskParty,56)) | C65: =IF($B65="","",IFERROR(IF(VLOOKUP($B65,AcctTbl,4,0)="","(بدون نام)",VLOOKUP($B65,AcctTbl,4,0)),"—")) | D65: =IF($B65="","",SUMIF(CalcPartyA,$B65,CalcQtyA)) | E65: =IF($B65="","",SUMIF(CalcPartyA,$B65,CalcAmtA)) | F65: =IF($B65="","",SUMIF(CalcPartyB,$B65,CalcWitB)) | G65: =IF($B65="","",SUMIF(CalcPartyB,$B65,CalcDepB)) | H65: =IF($B65="","",$E65-$F65+$G65) | I65: =IF($B65="","",IF(ROUND($H65,0)>0,"● بستانکار",IF(ROUND($H65,0)<0,"● بدهکار","تسویه")))
A66: =IF($B66="","",57) | B66: =IF(57>NBskParty,"",INDEX(PkBskParty,57)) | C66: =IF($B66="","",IFERROR(IF(VLOOKUP($B66,AcctTbl,4,0)="","(بدون نام)",VLOOKUP($B66,AcctTbl,4,0)),"—")) | D66: =IF($B66="","",SUMIF(CalcPartyA,$B66,CalcQtyA)) | E66: =IF($B66="","",SUMIF(CalcPartyA,$B66,CalcAmtA)) | F66: =IF($B66="","",SUMIF(CalcPartyB,$B66,CalcWitB)) | G66: =IF($B66="","",SUMIF(CalcPartyB,$B66,CalcDepB)) | H66: =IF($B66="","",$E66-$F66+$G66) | I66: =IF($B66="","",IF(ROUND($H66,0)>0,"● بستانکار",IF(ROUND($H66,0)<0,"● بدهکار","تسویه")))
A67: =IF($B67="","",58) | B67: =IF(58>NBskParty,"",INDEX(PkBskParty,58)) | C67: =IF($B67="","",IFERROR(IF(VLOOKUP($B67,AcctTbl,4,0)="","(بدون نام)",VLOOKUP($B67,AcctTbl,4,0)),"—")) | D67: =IF($B67="","",SUMIF(CalcPartyA,$B67,CalcQtyA)) | E67: =IF($B67="","",SUMIF(CalcPartyA,$B67,CalcAmtA)) | F67: =IF($B67="","",SUMIF(CalcPartyB,$B67,CalcWitB)) | G67: =IF($B67="","",SUMIF(CalcPartyB,$B67,CalcDepB)) | H67: =IF($B67="","",$E67-$F67+$G67) | I67: =IF($B67="","",IF(ROUND($H67,0)>0,"● بستانکار",IF(ROUND($H67,0)<0,"● بدهکار","تسویه")))
A68: =IF($B68="","",59) | B68: =IF(59>NBskParty,"",INDEX(PkBskParty,59)) | C68: =IF($B68="","",IFERROR(IF(VLOOKUP($B68,AcctTbl,4,0)="","(بدون نام)",VLOOKUP($B68,AcctTbl,4,0)),"—")) | D68: =IF($B68="","",SUMIF(CalcPartyA,$B68,CalcQtyA)) | E68: =IF($B68="","",SUMIF(CalcPartyA,$B68,CalcAmtA)) | F68: =IF($B68="","",SUMIF(CalcPartyB,$B68,CalcWitB)) | G68: =IF($B68="","",SUMIF(CalcPartyB,$B68,CalcDepB)) | H68: =IF($B68="","",$E68-$F68+$G68) | I68: =IF($B68="","",IF(ROUND($H68,0)>0,"● بستانکار",IF(ROUND($H68,0)<0,"● بدهکار","تسویه")))
A69: =IF($B69="","",60) | B69: =IF(60>NBskParty,"",INDEX(PkBskParty,60)) | C69: =IF($B69="","",IFERROR(IF(VLOOKUP($B69,AcctTbl,4,0)="","(بدون نام)",VLOOKUP($B69,AcctTbl,4,0)),"—")) | D69: =IF($B69="","",SUMIF(CalcPartyA,$B69,CalcQtyA)) | E69: =IF($B69="","",SUMIF(CalcPartyA,$B69,CalcAmtA)) | F69: =IF($B69="","",SUMIF(CalcPartyB,$B69,CalcWitB)) | G69: =IF($B69="","",SUMIF(CalcPartyB,$B69,CalcDepB)) | H69: =IF($B69="","",$E69-$F69+$G69) | I69: =IF($B69="","",IF(ROUND($H69,0)>0,"● بستانکار",IF(ROUND($H69,0)<0,"● بدهکار","تسویه")))
A70: =IF($B70="","",61) | B70: =IF(61>NBskParty,"",INDEX(PkBskParty,61)) | C70: =IF($B70="","",IFERROR(IF(VLOOKUP($B70,AcctTbl,4,0)="","(بدون نام)",VLOOKUP($B70,AcctTbl,4,0)),"—")) | D70: =IF($B70="","",SUMIF(CalcPartyA,$B70,CalcQtyA)) | E70: =IF($B70="","",SUMIF(CalcPartyA,$B70,CalcAmtA)) | F70: =IF($B70="","",SUMIF(CalcPartyB,$B70,CalcWitB)) | G70: =IF($B70="","",SUMIF(CalcPartyB,$B70,CalcDepB)) | H70: =IF($B70="","",$E70-$F70+$G70) | I70: =IF($B70="","",IF(ROUND($H70,0)>0,"● بستانکار",IF(ROUND($H70,0)<0,"● بدهکار","تسویه")))
A71: =IF($B71="","",62) | B71: =IF(62>NBskParty,"",INDEX(PkBskParty,62)) | C71: =IF($B71="","",IFERROR(IF(VLOOKUP($B71,AcctTbl,4,0)="","(بدون نام)",VLOOKUP($B71,AcctTbl,4,0)),"—")) | D71: =IF($B71="","",SUMIF(CalcPartyA,$B71,CalcQtyA)) | E71: =IF($B71="","",SUMIF(CalcPartyA,$B71,CalcAmtA)) | F71: =IF($B71="","",SUMIF(CalcPartyB,$B71,CalcWitB)) | G71: =IF($B71="","",SUMIF(CalcPartyB,$B71,CalcDepB)) | H71: =IF($B71="","",$E71-$F71+$G71) | I71: =IF($B71="","",IF(ROUND($H71,0)>0,"● بستانکار",IF(ROUND($H71,0)<0,"● بدهکار","تسویه")))
A72: =IF($B72="","",63) | B72: =IF(63>NBskParty,"",INDEX(PkBskParty,63)) | C72: =IF($B72="","",IFERROR(IF(VLOOKUP($B72,AcctTbl,4,0)="","(بدون نام)",VLOOKUP($B72,AcctTbl,4,0)),"—")) | D72: =IF($B72="","",SUMIF(CalcPartyA,$B72,CalcQtyA)) | E72: =IF($B72="","",SUMIF(CalcPartyA,$B72,CalcAmtA)) | F72: =IF($B72="","",SUMIF(CalcPartyB,$B72,CalcWitB)) | G72: =IF($B72="","",SUMIF(CalcPartyB,$B72,CalcDepB)) | H72: =IF($B72="","",$E72-$F72+$G72) | I72: =IF($B72="","",IF(ROUND($H72,0)>0,"● بستانکار",IF(ROUND($H72,0)<0,"● بدهکار","تسویه")))
A73: =IF($B73="","",64) | B73: =IF(64>NBskParty,"",INDEX(PkBskParty,64)) | C73: =IF($B73="","",IFERROR(IF(VLOOKUP($B73,AcctTbl,4,0)="","(بدون نام)",VLOOKUP($B73,AcctTbl,4,0)),"—")) | D73: =IF($B73="","",SUMIF(CalcPartyA,$B73,CalcQtyA)) | E73: =IF($B73="","",SUMIF(CalcPartyA,$B73,CalcAmtA)) | F73: =IF($B73="","",SUMIF(CalcPartyB,$B73,CalcWitB)) | G73: =IF($B73="","",SUMIF(CalcPartyB,$B73,CalcDepB)) | H73: =IF($B73="","",$E73-$F73+$G73) | I73: =IF($B73="","",IF(ROUND($H73,0)>0,"● بستانکار",IF(ROUND($H73,0)<0,"● بدهکار","تسویه")))
A74: =IF($B74="","",65) | B74: =IF(65>NBskParty,"",INDEX(PkBskParty,65)) | C74: =IF($B74="","",IFERROR(IF(VLOOKUP($B74,AcctTbl,4,0)="","(بدون نام)",VLOOKUP($B74,AcctTbl,4,0)),"—")) | D74: =IF($B74="","",SUMIF(CalcPartyA,$B74,CalcQtyA)) | E74: =IF($B74="","",SUMIF(CalcPartyA,$B74,CalcAmtA)) | F74: =IF($B74="","",SUMIF(CalcPartyB,$B74,CalcWitB)) | G74: =IF($B74="","",SUMIF(CalcPartyB,$B74,CalcDepB)) | H74: =IF($B74="","",$E74-$F74+$G74) | I74: =IF($B74="","",IF(ROUND($H74,0)>0,"● بستانکار",IF(ROUND($H74,0)<0,"● بدهکار","تسویه")))
A75: =IF($B75="","",66) | B75: =IF(66>NBskParty,"",INDEX(PkBskParty,66)) | C75: =IF($B75="","",IFERROR(IF(VLOOKUP($B75,AcctTbl,4,0)="","(بدون نام)",VLOOKUP($B75,AcctTbl,4,0)),"—")) | D75: =IF($B75="","",SUMIF(CalcPartyA,$B75,CalcQtyA)) | E75: =IF($B75="","",SUMIF(CalcPartyA,$B75,CalcAmtA)) | F75: =IF($B75="","",SUMIF(CalcPartyB,$B75,CalcWitB)) | G75: =IF($B75="","",SUMIF(CalcPartyB,$B75,CalcDepB)) | H75: =IF($B75="","",$E75-$F75+$G75) | I75: =IF($B75="","",IF(ROUND($H75,0)>0,"● بستانکار",IF(ROUND($H75,0)<0,"● بدهکار","تسویه")))
A76: =IF($B76="","",67) | B76: =IF(67>NBskParty,"",INDEX(PkBskParty,67)) | C76: =IF($B76="","",IFERROR(IF(VLOOKUP($B76,AcctTbl,4,0)="","(بدون نام)",VLOOKUP($B76,AcctTbl,4,0)),"—")) | D76: =IF($B76="","",SUMIF(CalcPartyA,$B76,CalcQtyA)) | E76: =IF($B76="","",SUMIF(CalcPartyA,$B76,CalcAmtA)) | F76: =IF($B76="","",SUMIF(CalcPartyB,$B76,CalcWitB)) | G76: =IF($B76="","",SUMIF(CalcPartyB,$B76,CalcDepB)) | H76: =IF($B76="","",$E76-$F76+$G76) | I76: =IF($B76="","",IF(ROUND($H76,0)>0,"● بستانکار",IF(ROUND($H76,0)<0,"● بدهکار","تسویه")))
A77: =IF($B77="","",68) | B77: =IF(68>NBskParty,"",INDEX(PkBskParty,68)) | C77: =IF($B77="","",IFERROR(IF(VLOOKUP($B77,AcctTbl,4,0)="","(بدون نام)",VLOOKUP($B77,AcctTbl,4,0)),"—")) | D77: =IF($B77="","",SUMIF(CalcPartyA,$B77,CalcQtyA)) | E77: =IF($B77="","",SUMIF(CalcPartyA,$B77,CalcAmtA)) | F77: =IF($B77="","",SUMIF(CalcPartyB,$B77,CalcWitB)) | G77: =IF($B77="","",SUMIF(CalcPartyB,$B77,CalcDepB)) | H77: =IF($B77="","",$E77-$F77+$G77) | I77: =IF($B77="","",IF(ROUND($H77,0)>0,"● بستانکار",IF(ROUND($H77,0)<0,"● بدهکار","تسویه")))
A78: =IF($B78="","",69) | B78: =IF(69>NBskParty,"",INDEX(PkBskParty,69)) | C78: =IF($B78="","",IFERROR(IF(VLOOKUP($B78,AcctTbl,4,0)="","(بدون نام)",VLOOKUP($B78,AcctTbl,4,0)),"—")) | D78: =IF($B78="","",SUMIF(CalcPartyA,$B78,CalcQtyA)) | E78: =IF($B78="","",SUMIF(CalcPartyA,$B78,CalcAmtA)) | F78: =IF($B78="","",SUMIF(CalcPartyB,$B78,CalcWitB)) | G78: =IF($B78="","",SUMIF(CalcPartyB,$B78,CalcDepB)) | H78: =IF($B78="","",$E78-$F78+$G78) | I78: =IF($B78="","",IF(ROUND($H78,0)>0,"● بستانکار",IF(ROUND($H78,0)<0,"● بدهکار","تسویه")))
A79: =IF($B79="","",70) | B79: =IF(70>NBskParty,"",INDEX(PkBskParty,70)) | C79: =IF($B79="","",IFERROR(IF(VLOOKUP($B79,AcctTbl,4,0)="","(بدون نام)",VLOOKUP($B79,AcctTbl,4,0)),"—")) | D79: =IF($B79="","",SUMIF(CalcPartyA,$B79,CalcQtyA)) | E79: =IF($B79="","",SUMIF(CalcPartyA,$B79,CalcAmtA)) | F79: =IF($B79="","",SUMIF(CalcPartyB,$B79,CalcWitB)) | G79: =IF($B79="","",SUMIF(CalcPartyB,$B79,CalcDepB)) | H79: =IF($B79="","",$E79-$F79+$G79) | I79: =IF($B79="","",IF(ROUND($H79,0)>0,"● بستانکار",IF(ROUND($H79,0)<0,"● بدهکار","تسویه")))
A80: =IF($B80="","",71) | B80: =IF(71>NBskParty,"",INDEX(PkBskParty,71)) | C80: =IF($B80="","",IFERROR(IF(VLOOKUP($B80,AcctTbl,4,0)="","(بدون نام)",VLOOKUP($B80,AcctTbl,4,0)),"—")) | D80: =IF($B80="","",SUMIF(CalcPartyA,$B80,CalcQtyA)) | E80: =IF($B80="","",SUMIF(CalcPartyA,$B80,CalcAmtA)) | F80: =IF($B80="","",SUMIF(CalcPartyB,$B80,CalcWitB)) | G80: =IF($B80="","",SUMIF(CalcPartyB,$B80,CalcDepB)) | H80: =IF($B80="","",$E80-$F80+$G80) | I80: =IF($B80="","",IF(ROUND($H80,0)>0,"● بستانکار",IF(ROUND($H80,0)<0,"● بدهکار","تسویه")))
A81: =IF($B81="","",72) | B81: =IF(72>NBskParty,"",INDEX(PkBskParty,72)) | C81: =IF($B81="","",IFERROR(IF(VLOOKUP($B81,AcctTbl,4,0)="","(بدون نام)",VLOOKUP($B81,AcctTbl,4,0)),"—")) | D81: =IF($B81="","",SUMIF(CalcPartyA,$B81,CalcQtyA)) | E81: =IF($B81="","",SUMIF(CalcPartyA,$B81,CalcAmtA)) | F81: =IF($B81="","",SUMIF(CalcPartyB,$B81,CalcWitB)) | G81: =IF($B81="","",SUMIF(CalcPartyB,$B81,CalcDepB)) | H81: =IF($B81="","",$E81-$F81+$G81) | I81: =IF($B81="","",IF(ROUND($H81,0)>0,"● بستانکار",IF(ROUND($H81,0)<0,"● بدهکار","تسویه")))
A82: =IF($B82="","",73) | B82: =IF(73>NBskParty,"",INDEX(PkBskParty,73)) | C82: =IF($B82="","",IFERROR(IF(VLOOKUP($B82,AcctTbl,4,0)="","(بدون نام)",VLOOKUP($B82,AcctTbl,4,0)),"—")) | D82: =IF($B82="","",SUMIF(CalcPartyA,$B82,CalcQtyA)) | E82: =IF($B82="","",SUMIF(CalcPartyA,$B82,CalcAmtA)) | F82: =IF($B82="","",SUMIF(CalcPartyB,$B82,CalcWitB)) | G82: =IF($B82="","",SUMIF(CalcPartyB,$B82,CalcDepB)) | H82: =IF($B82="","",$E82-$F82+$G82) | I82: =IF($B82="","",IF(ROUND($H82,0)>0,"● بستانکار",IF(ROUND($H82,0)<0,"● بدهکار","تسویه")))
A83: =IF($B83="","",74) | B83: =IF(74>NBskParty,"",INDEX(PkBskParty,74)) | C83: =IF($B83="","",IFERROR(IF(VLOOKUP($B83,AcctTbl,4,0)="","(بدون نام)",VLOOKUP($B83,AcctTbl,4,0)),"—")) | D83: =IF($B83="","",SUMIF(CalcPartyA,$B83,CalcQtyA)) | E83: =IF($B83="","",SUMIF(CalcPartyA,$B83,CalcAmtA)) | F83: =IF($B83="","",SUMIF(CalcPartyB,$B83,CalcWitB)) | G83: =IF($B83="","",SUMIF(CalcPartyB,$B83,CalcDepB)) | H83: =IF($B83="","",$E83-$F83+$G83) | I83: =IF($B83="","",IF(ROUND($H83,0)>0,"● بستانکار",IF(ROUND($H83,0)<0,"● بدهکار","تسویه")))
A84: =IF($B84="","",75) | B84: =IF(75>NBskParty,"",INDEX(PkBskParty,75)) | C84: =IF($B84="","",IFERROR(IF(VLOOKUP($B84,AcctTbl,4,0)="","(بدون نام)",VLOOKUP($B84,AcctTbl,4,0)),"—")) | D84: =IF($B84="","",SUMIF(CalcPartyA,$B84,CalcQtyA)) | E84: =IF($B84="","",SUMIF(CalcPartyA,$B84,CalcAmtA)) | F84: =IF($B84="","",SUMIF(CalcPartyB,$B84,CalcWitB)) | G84: =IF($B84="","",SUMIF(CalcPartyB,$B84,CalcDepB)) | H84: =IF($B84="","",$E84-$F84+$G84) | I84: =IF($B84="","",IF(ROUND($H84,0)>0,"● بستانکار",IF(ROUND($H84,0)<0,"● بدهکار","تسویه")))
A85: =IF($B85="","",76) | B85: =IF(76>NBskParty,"",INDEX(PkBskParty,76)) | C85: =IF($B85="","",IFERROR(IF(VLOOKUP($B85,AcctTbl,4,0)="","(بدون نام)",VLOOKUP($B85,AcctTbl,4,0)),"—")) | D85: =IF($B85="","",SUMIF(CalcPartyA,$B85,CalcQtyA)) | E85: =IF($B85="","",SUMIF(CalcPartyA,$B85,CalcAmtA)) | F85: =IF($B85="","",SUMIF(CalcPartyB,$B85,CalcWitB)) | G85: =IF($B85="","",SUMIF(CalcPartyB,$B85,CalcDepB)) | H85: =IF($B85="","",$E85-$F85+$G85) | I85: =IF($B85="","",IF(ROUND($H85,0)>0,"● بستانکار",IF(ROUND($H85,0)<0,"● بدهکار","تسویه")))
A86: =IF($B86="","",77) | B86: =IF(77>NBskParty,"",INDEX(PkBskParty,77)) | C86: =IF($B86="","",IFERROR(IF(VLOOKUP($B86,AcctTbl,4,0)="","(بدون نام)",VLOOKUP($B86,AcctTbl,4,0)),"—")) | D86: =IF($B86="","",SUMIF(CalcPartyA,$B86,CalcQtyA)) | E86: =IF($B86="","",SUMIF(CalcPartyA,$B86,CalcAmtA)) | F86: =IF($B86="","",SUMIF(CalcPartyB,$B86,CalcWitB)) | G86: =IF($B86="","",SUMIF(CalcPartyB,$B86,CalcDepB)) | H86: =IF($B86="","",$E86-$F86+$G86) | I86: =IF($B86="","",IF(ROUND($H86,0)>0,"● بستانکار",IF(ROUND($H86,0)<0,"● بدهکار","تسویه")))
A87: =IF($B87="","",78) | B87: =IF(78>NBskParty,"",INDEX(PkBskParty,78)) | C87: =IF($B87="","",IFERROR(IF(VLOOKUP($B87,AcctTbl,4,0)="","(بدون نام)",VLOOKUP($B87,AcctTbl,4,0)),"—")) | D87: =IF($B87="","",SUMIF(CalcPartyA,$B87,CalcQtyA)) | E87: =IF($B87="","",SUMIF(CalcPartyA,$B87,CalcAmtA)) | F87: =IF($B87="","",SUMIF(CalcPartyB,$B87,CalcWitB)) | G87: =IF($B87="","",SUMIF(CalcPartyB,$B87,CalcDepB)) | H87: =IF($B87="","",$E87-$F87+$G87) | I87: =IF($B87="","",IF(ROUND($H87,0)>0,"● بستانکار",IF(ROUND($H87,0)<0,"● بدهکار","تسویه")))
A88: =IF($B88="","",79) | B88: =IF(79>NBskParty,"",INDEX(PkBskParty,79)) | C88: =IF($B88="","",IFERROR(IF(VLOOKUP($B88,AcctTbl,4,0)="","(بدون نام)",VLOOKUP($B88,AcctTbl,4,0)),"—")) | D88: =IF($B88="","",SUMIF(CalcPartyA,$B88,CalcQtyA)) | E88: =IF($B88="","",SUMIF(CalcPartyA,$B88,CalcAmtA)) | F88: =IF($B88="","",SUMIF(CalcPartyB,$B88,CalcWitB)) | G88: =IF($B88="","",SUMIF(CalcPartyB,$B88,CalcDepB)) | H88: =IF($B88="","",$E88-$F88+$G88) | I88: =IF($B88="","",IF(ROUND($H88,0)>0,"● بستانکار",IF(ROUND($H88,0)<0,"● بدهکار","تسویه")))
A89: =IF($B89="","",80) | B89: =IF(80>NBskParty,"",INDEX(PkBskParty,80)) | C89: =IF($B89="","",IFERROR(IF(VLOOKUP($B89,AcctTbl,4,0)="","(بدون نام)",VLOOKUP($B89,AcctTbl,4,0)),"—")) | D89: =IF($B89="","",SUMIF(CalcPartyA,$B89,CalcQtyA)) | E89: =IF($B89="","",SUMIF(CalcPartyA,$B89,CalcAmtA)) | F89: =IF($B89="","",SUMIF(CalcPartyB,$B89,CalcWitB)) | G89: =IF($B89="","",SUMIF(CalcPartyB,$B89,CalcDepB)) | H89: =IF($B89="","",$E89-$F89+$G89) | I89: =IF($B89="","",IF(ROUND($H89,0)>0,"● بستانکار",IF(ROUND($H89,0)<0,"● بدهکار","تسویه")))
A90: =IF($B90="","",81) | B90: =IF(81>NBskParty,"",INDEX(PkBskParty,81)) | C90: =IF($B90="","",IFERROR(IF(VLOOKUP($B90,AcctTbl,4,0)="","(بدون نام)",VLOOKUP($B90,AcctTbl,4,0)),"—")) | D90: =IF($B90="","",SUMIF(CalcPartyA,$B90,CalcQtyA)) | E90: =IF($B90="","",SUMIF(CalcPartyA,$B90,CalcAmtA)) | F90: =IF($B90="","",SUMIF(CalcPartyB,$B90,CalcWitB)) | G90: =IF($B90="","",SUMIF(CalcPartyB,$B90,CalcDepB)) | H90: =IF($B90="","",$E90-$F90+$G90) | I90: =IF($B90="","",IF(ROUND($H90,0)>0,"● بستانکار",IF(ROUND($H90,0)<0,"● بدهکار","تسویه")))
A91: =IF($B91="","",82) | B91: =IF(82>NBskParty,"",INDEX(PkBskParty,82)) | C91: =IF($B91="","",IFERROR(IF(VLOOKUP($B91,AcctTbl,4,0)="","(بدون نام)",VLOOKUP($B91,AcctTbl,4,0)),"—")) | D91: =IF($B91="","",SUMIF(CalcPartyA,$B91,CalcQtyA)) | E91: =IF($B91="","",SUMIF(CalcPartyA,$B91,CalcAmtA)) | F91: =IF($B91="","",SUMIF(CalcPartyB,$B91,CalcWitB)) | G91: =IF($B91="","",SUMIF(CalcPartyB,$B91,CalcDepB)) | H91: =IF($B91="","",$E91-$F91+$G91) | I91: =IF($B91="","",IF(ROUND($H91,0)>0,"● بستانکار",IF(ROUND($H91,0)<0,"● بدهکار","تسویه")))
A92: =IF($B92="","",83) | B92: =IF(83>NBskParty,"",INDEX(PkBskParty,83)) | C92: =IF($B92="","",IFERROR(IF(VLOOKUP($B92,AcctTbl,4,0)="","(بدون نام)",VLOOKUP($B92,AcctTbl,4,0)),"—")) | D92: =IF($B92="","",SUMIF(CalcPartyA,$B92,CalcQtyA)) | E92: =IF($B92="","",SUMIF(CalcPartyA,$B92,CalcAmtA)) | F92: =IF($B92="","",SUMIF(CalcPartyB,$B92,CalcWitB)) | G92: =IF($B92="","",SUMIF(CalcPartyB,$B92,CalcDepB)) | H92: =IF($B92="","",$E92-$F92+$G92) | I92: =IF($B92="","",IF(ROUND($H92,0)>0,"● بستانکار",IF(ROUND($H92,0)<0,"● بدهکار","تسویه")))
A93: =IF($B93="","",84) | B93: =IF(84>NBskParty,"",INDEX(PkBskParty,84)) | C93: =IF($B93="","",IFERROR(IF(VLOOKUP($B93,AcctTbl,4,0)="","(بدون نام)",VLOOKUP($B93,AcctTbl,4,0)),"—")) | D93: =IF($B93="","",SUMIF(CalcPartyA,$B93,CalcQtyA)) | E93: =IF($B93="","",SUMIF(CalcPartyA,$B93,CalcAmtA)) | F93: =IF($B93="","",SUMIF(CalcPartyB,$B93,CalcWitB)) | G93: =IF($B93="","",SUMIF(CalcPartyB,$B93,CalcDepB)) | H93: =IF($B93="","",$E93-$F93+$G93) | I93: =IF($B93="","",IF(ROUND($H93,0)>0,"● بستانکار",IF(ROUND($H93,0)<0,"● بدهکار","تسویه")))
A94: =IF($B94="","",85) | B94: =IF(85>NBskParty,"",INDEX(PkBskParty,85)) | C94: =IF($B94="","",IFERROR(IF(VLOOKUP($B94,AcctTbl,4,0)="","(بدون نام)",VLOOKUP($B94,AcctTbl,4,0)),"—")) | D94: =IF($B94="","",SUMIF(CalcPartyA,$B94,CalcQtyA)) | E94: =IF($B94="","",SUMIF(CalcPartyA,$B94,CalcAmtA)) | F94: =IF($B94="","",SUMIF(CalcPartyB,$B94,CalcWitB)) | G94: =IF($B94="","",SUMIF(CalcPartyB,$B94,CalcDepB)) | H94: =IF($B94="","",$E94-$F94+$G94) | I94: =IF($B94="","",IF(ROUND($H94,0)>0,"● بستانکار",IF(ROUND($H94,0)<0,"● بدهکار","تسویه")))
A95: =IF($B95="","",86) | B95: =IF(86>NBskParty,"",INDEX(PkBskParty,86)) | C95: =IF($B95="","",IFERROR(IF(VLOOKUP($B95,AcctTbl,4,0)="","(بدون نام)",VLOOKUP($B95,AcctTbl,4,0)),"—")) | D95: =IF($B95="","",SUMIF(CalcPartyA,$B95,CalcQtyA)) | E95: =IF($B95="","",SUMIF(CalcPartyA,$B95,CalcAmtA)) | F95: =IF($B95="","",SUMIF(CalcPartyB,$B95,CalcWitB)) | G95: =IF($B95="","",SUMIF(CalcPartyB,$B95,CalcDepB)) | H95: =IF($B95="","",$E95-$F95+$G95) | I95: =IF($B95="","",IF(ROUND($H95,0)>0,"● بستانکار",IF(ROUND($H95,0)<0,"● بدهکار","تسویه")))
A96: =IF($B96="","",87) | B96: =IF(87>NBskParty,"",INDEX(PkBskParty,87)) | C96: =IF($B96="","",IFERROR(IF(VLOOKUP($B96,AcctTbl,4,0)="","(بدون نام)",VLOOKUP($B96,AcctTbl,4,0)),"—")) | D96: =IF($B96="","",SUMIF(CalcPartyA,$B96,CalcQtyA)) | E96: =IF($B96="","",SUMIF(CalcPartyA,$B96,CalcAmtA)) | F96: =IF($B96="","",SUMIF(CalcPartyB,$B96,CalcWitB)) | G96: =IF($B96="","",SUMIF(CalcPartyB,$B96,CalcDepB)) | H96: =IF($B96="","",$E96-$F96+$G96) | I96: =IF($B96="","",IF(ROUND($H96,0)>0,"● بستانکار",IF(ROUND($H96,0)<0,"● بدهکار","تسویه")))
A97: =IF($B97="","",88) | B97: =IF(88>NBskParty,"",INDEX(PkBskParty,88)) | C97: =IF($B97="","",IFERROR(IF(VLOOKUP($B97,AcctTbl,4,0)="","(بدون نام)",VLOOKUP($B97,AcctTbl,4,0)),"—")) | D97: =IF($B97="","",SUMIF(CalcPartyA,$B97,CalcQtyA)) | E97: =IF($B97="","",SUMIF(CalcPartyA,$B97,CalcAmtA)) | F97: =IF($B97="","",SUMIF(CalcPartyB,$B97,CalcWitB)) | G97: =IF($B97="","",SUMIF(CalcPartyB,$B97,CalcDepB)) | H97: =IF($B97="","",$E97-$F97+$G97) | I97: =IF($B97="","",IF(ROUND($H97,0)>0,"● بستانکار",IF(ROUND($H97,0)<0,"● بدهکار","تسویه")))
A98: =IF($B98="","",89) | B98: =IF(89>NBskParty,"",INDEX(PkBskParty,89)) | C98: =IF($B98="","",IFERROR(IF(VLOOKUP($B98,AcctTbl,4,0)="","(بدون نام)",VLOOKUP($B98,AcctTbl,4,0)),"—")) | D98: =IF($B98="","",SUMIF(CalcPartyA,$B98,CalcQtyA)) | E98: =IF($B98="","",SUMIF(CalcPartyA,$B98,CalcAmtA)) | F98: =IF($B98="","",SUMIF(CalcPartyB,$B98,CalcWitB)) | G98: =IF($B98="","",SUMIF(CalcPartyB,$B98,CalcDepB)) | H98: =IF($B98="","",$E98-$F98+$G98) | I98: =IF($B98="","",IF(ROUND($H98,0)>0,"● بستانکار",IF(ROUND($H98,0)<0,"● بدهکار","تسویه")))
A99: =IF($B99="","",90) | B99: =IF(90>NBskParty,"",INDEX(PkBskParty,90)) | C99: =IF($B99="","",IFERROR(IF(VLOOKUP($B99,AcctTbl,4,0)="","(بدون نام)",VLOOKUP($B99,AcctTbl,4,0)),"—")) | D99: =IF($B99="","",SUMIF(CalcPartyA,$B99,CalcQtyA)) | E99: =IF($B99="","",SUMIF(CalcPartyA,$B99,CalcAmtA)) | F99: =IF($B99="","",SUMIF(CalcPartyB,$B99,CalcWitB)) | G99: =IF($B99="","",SUMIF(CalcPartyB,$B99,CalcDepB)) | H99: =IF($B99="","",$E99-$F99+$G99) | I99: =IF($B99="","",IF(ROUND($H99,0)>0,"● بستانکار",IF(ROUND($H99,0)<0,"● بدهکار","تسویه")))
A100: =IF($B100="","",91) | B100: =IF(91>NBskParty,"",INDEX(PkBskParty,91)) | C100: =IF($B100="","",IFERROR(IF(VLOOKUP($B100,AcctTbl,4,0)="","(بدون نام)",VLOOKUP($B100,AcctTbl,4,0)),"—")) | D100: =IF($B100="","",SUMIF(CalcPartyA,$B100,CalcQtyA)) | E100: =IF($B100="","",SUMIF(CalcPartyA,$B100,CalcAmtA)) | F100: =IF($B100="","",SUMIF(CalcPartyB,$B100,CalcWitB)) | G100: =IF($B100="","",SUMIF(CalcPartyB,$B100,CalcDepB)) | H100: =IF($B100="","",$E100-$F100+$G100) | I100: =IF($B100="","",IF(ROUND($H100,0)>0,"● بستانکار",IF(ROUND($H100,0)<0,"● بدهکار","تسویه")))
A101: =IF($B101="","",92) | B101: =IF(92>NBskParty,"",INDEX(PkBskParty,92)) | C101: =IF($B101="","",IFERROR(IF(VLOOKUP($B101,AcctTbl,4,0)="","(بدون نام)",VLOOKUP($B101,AcctTbl,4,0)),"—")) | D101: =IF($B101="","",SUMIF(CalcPartyA,$B101,CalcQtyA)) | E101: =IF($B101="","",SUMIF(CalcPartyA,$B101,CalcAmtA)) | F101: =IF($B101="","",SUMIF(CalcPartyB,$B101,CalcWitB)) | G101: =IF($B101="","",SUMIF(CalcPartyB,$B101,CalcDepB)) | H101: =IF($B101="","",$E101-$F101+$G101) | I101: =IF($B101="","",IF(ROUND($H101,0)>0,"● بستانکار",IF(ROUND($H101,0)<0,"● بدهکار","تسویه")))
...

Sheet Sync
A1: مازندشت — سورتینگ و بسته‌بندی مرکبات
A2: باغدشت، بخش مرکزی، شهرستان قائم‌شهر، استان مازندران، ایران | MAZANDASHT · CITRUS SORTING & PACKING
A3: برگه فنی — آینه‌ی فایل مادر (INFO: حساب‌ها و انواع سبد) و تراکنش‌های بانکی (پرداخت به فروشندگان سبد). فرمول‌ها را تغییر ندهید. اگر همه سلول‌ها خالی شدند یعنی لینک به‌روز نشده: Data ← Edit Links ← Update Values.
A5: Accounts · Code | B5: · Nature | C5: · Sub | D5: · Name | E5: · Acct Group | F5: · Audit Group | H5: Baskets · Type | J5: Txn Entry · C | K5: Txn Entry · D | L5: Txn Entry · E | M5: Txn Entry · G | N5: Txn Entry · M | O5: Txn Entry · N | P5: Txn Entry · R
A6: =IF([1]Accounts!$D$7="","",[1]Accounts!$A$7) -> C001 | B6: =IF([1]Accounts!$D$7="","",[1]Accounts!$B$7) -> فروشنده | C6: =IF([1]Accounts!$D$7="","",[1]Accounts!$C$7) -> عمده | D6: =IF([1]Accounts!$D$7="","",[1]Accounts!$D$7) -> زینب زاهدی | E6: =IF([1]Accounts!$D$7="","",[1]Accounts!$J$7) -> کلیدی | F6: =IF([1]Accounts!$D$7="","",[1]Accounts!$K$7) -> پایش کامل | H6: =IF([1]Baskets!$B$7="","",[1]Baskets!$B$7) -> 6ک مشکی | J6: =IF([2]Entry!$C$9="","",[2]Entry!$C$9) -> 1405/07/01 | K6: =IF([2]Entry!$D$9="","",[2]Entry!$D$9) -> 08:30 | L6: =IF([2]Entry!$E$9="","",[2]Entry!$E$9) -> BANK01 – ملت — جاری شرکت | M6: =IF([2]Entry!$G$9="","",[2]Entry!$G$9) -> C001 | N6: =IF([2]Entry!$M$9="","",[2]Entry!$M$9) -> 250000000 | O6: =IF([2]Entry!$N$9="","",[2]Entry!$N$9) | P6: =IF([2]Entry!$R$9="","",[2]Entry!$R$9) -> واریز بابت خرید مرکبات (ردیف نمونه)
A7: =IF([1]Accounts!$D$8="","",[1]Accounts!$A$8) -> C002 | B7: =IF([1]Accounts!$D$8="","",[1]Accounts!$B$8) -> فروشنده | C7: =IF([1]Accounts!$D$8="","",[1]Accounts!$C$8) -> صادراتی | D7: =IF([1]Accounts!$D$8="","",[1]Accounts!$D$8) -> سید عباس موسوی | E7: =IF([1]Accounts!$D$8="","",[1]Accounts!$J$8) -> کلیدی | F7: =IF([1]Accounts!$D$8="","",[1]Accounts!$K$8) -> پایش کامل | H7: =IF([1]Baskets!$B$8="","",[1]Baskets!$B$8) -> درب6ک | J7: =IF([2]Entry!$C$10="","",[2]Entry!$C$10) -> 1405/07/01 | K7: =IF([2]Entry!$D$10="","",[2]Entry!$D$10) -> 10:15 | L7: =IF([2]Entry!$E$10="","",[2]Entry!$E$10) -> BANK01 – ملت — جاری شرکت | M7: =IF([2]Entry!$G$10="","",[2]Entry!$G$10) -> X001 | N7: =IF([2]Entry!$M$10="","",[2]Entry!$M$10) | O7: =IF([2]Entry!$N$10="","",[2]Entry!$N$10) -> 1200000 | P7: =IF([2]Entry!$R$10="","",[2]Entry!$R$10) -> کارمزد بانکی (نمونه)
A8: =IF([1]Accounts!$D$9="","",[1]Accounts!$A$9) -> C003 | B8: =IF([1]Accounts!$D$9="","",[1]Accounts!$B$9) -> فروشنده | C8: =IF([1]Accounts!$D$9="","",[1]Accounts!$C$9) -> خرده‌فروش | D8: =IF([1]Accounts!$D$9="","",[1]Accounts!$D$9) -> حاج احمد عیسی پور | E8: =IF([1]Accounts!$D$9="","",[1]Accounts!$J$9) -> عادی | F8: =IF([1]Accounts!$D$9="","",[1]Accounts!$K$9) -> نمونه‌ای | H8: =IF([1]Baskets!$B$9="","",[1]Baskets!$B$9) -> 9ک مشکی | J8: =IF([2]Entry!$C$11="","",[2]Entry!$C$11) -> 1405/07/02 | K8: =IF([2]Entry!$D$11="","",[2]Entry!$D$11) -> 09:00 | L8: =IF([2]Entry!$E$11="","",[2]Entry!$E$11) -> BANK01 – ملت — جاری شرکت | M8: =IF([2]Entry!$G$11="","",[2]Entry!$G$11) -> S002 | N8: =IF([2]Entry!$M$11="","",[2]Entry!$M$11) | O8: =IF([2]Entry!$N$11="","",[2]Entry!$N$11) -> 80000000 | P8: =IF([2]Entry!$R$11="","",[2]Entry!$R$11) -> خرید پرتقال از میدان بار (نمونه)
A9: =IF([1]Accounts!$D$10="","",[1]Accounts!$A$10) -> C004 | B9: =IF([1]Accounts!$D$10="","",[1]Accounts!$B$10) -> فروشنده | C9: =IF([1]Accounts!$D$10="","",[1]Accounts!$C$10) -> 0 | D9: =IF([1]Accounts!$D$10="","",[1]Accounts!$D$10) -> امید زاهدی | E9: =IF([1]Accounts!$D$10="","",[1]Accounts!$J$10) -> 0 | F9: =IF([1]Accounts!$D$10="","",[1]Accounts!$K$10) -> 0 | H9: =IF([1]Baskets!$B$10="","",[1]Baskets!$B$10) -> ریلی کوچک آبی | J9: =IF([2]Entry!$C$12="","",[2]Entry!$C$12) -> 1405/07/02 | K9: =IF([2]Entry!$D$12="","",[2]Entry!$D$12) -> 12:45 | L9: =IF([2]Entry!$E$12="","",[2]Entry!$E$12) -> BANK02 – صادرات — جاری شرکت | M9: =IF([2]Entry!$G$12="","",[2]Entry!$G$12) -> C002 | N9: =IF([2]Entry!$M$12="","",[2]Entry!$M$12) -> 90000000 | O9: =IF([2]Entry!$N$12="","",[2]Entry!$N$12) | P9: =IF([2]Entry!$R$12="","",[2]Entry!$R$12) -> واریز مشتری — مغایرت عمدی برای نمایش × (نمونه)
A10: =IF([1]Accounts!$D$11="","",[1]Accounts!$A$11) -> C005 | B10: =IF([1]Accounts!$D$11="","",[1]Accounts!$B$11) -> فروشنده | C10: =IF([1]Accounts!$D$11="","",[1]Accounts!$C$11) -> 0 | D10: =IF([1]Accounts!$D$11="","",[1]Accounts!$D$11) -> بار شخصی قاسم زاهدی | E10: =IF([1]Accounts!$D$11="","",[1]Accounts!$J$11) -> 0 | F10: =IF([1]Accounts!$D$11="","",[1]Accounts!$K$11) -> 0 | H10: =IF([1]Baskets!$B$11="","",[1]Baskets!$B$11) -> تک رج آبی بزرگ | J10: =IF([2]Entry!$C$13="","",[2]Entry!$C$13) -> 1405/07/03 | K10: =IF([2]Entry!$D$13="","",[2]Entry!$D$13) -> 11:20 | L10: =IF([2]Entry!$E$13="","",[2]Entry!$E$13) -> BANK02 – صادرات — جاری شرکت | M10: =IF([2]Entry!$G$13="","",[2]Entry!$G$13) -> X003 | N10: =IF([2]Entry!$M$13="","",[2]Entry!$M$13) | O10: =IF([2]Entry!$N$13="","",[2]Entry!$N$13) -> 15000000 | P10: =IF([2]Entry!$R$13="","",[2]Entry!$R$13) -> برداشت نقدی به صندوق — بدون گروه (نمونه)
A11: =IF([1]Accounts!$D$12="","",[1]Accounts!$A$12) -> C006 | B11: =IF([1]Accounts!$D$12="","",[1]Accounts!$B$12) -> فروشنده | C11: =IF([1]Accounts!$D$12="","",[1]Accounts!$C$12) -> 0 | D11: =IF([1]Accounts!$D$12="","",[1]Accounts!$D$12) -> هوشنگ عیسی پور | E11: =IF([1]Accounts!$D$12="","",[1]Accounts!$J$12) -> 0 | F11: =IF([1]Accounts!$D$12="","",[1]Accounts!$K$12) -> 0 | H11: =IF([1]Baskets!$B$12="","",[1]Baskets!$B$12) -> آبی25*20 | J11: =IF([2]Entry!$C$14="","",[2]Entry!$C$14) -> 1405/07/01 | K11: =IF([2]Entry!$D$14="","",[2]Entry!$D$14) -> 08:30 | L11: =IF([2]Entry!$E$14="","",[2]Entry!$E$14) -> BANK01 – ملت — جاری شرکت | M11: =IF([2]Entry!$G$14="","",[2]Entry!$G$14) -> C001 | N11: =IF([2]Entry!$M$14="","",[2]Entry!$M$14) -> 250000000 | O11: =IF([2]Entry!$N$14="","",[2]Entry!$N$14) | P11: =IF([2]Entry!$R$14="","",[2]Entry!$R$14) -> ردیف تکراری — اثر آن را بر ستون وضعیت ببینید (نمونه)
A12: =IF([1]Accounts!$D$13="","",[1]Accounts!$A$13) -> C007 | B12: =IF([1]Accounts!$D$13="","",[1]Accounts!$B$13) -> فروشنده | C12: =IF([1]Accounts!$D$13="","",[1]Accounts!$C$13) -> 0 | D12: =IF([1]Accounts!$D$13="","",[1]Accounts!$D$13) -> علی آهنگر | E12: =IF([1]Accounts!$D$13="","",[1]Accounts!$J$13) -> 0 | F12: =IF([1]Accounts!$D$13="","",[1]Accounts!$K$13) -> 0 | H12: =IF([1]Baskets!$B$13="","",[1]Baskets!$B$13) -> 8ک مشکی | J12: =IF([2]Entry!$C$15="","",[2]Entry!$C$15) -> 1405/07/04 | K12: =IF([2]Entry!$D$15="","",[2]Entry!$D$15) -> 10:30 | L12: =IF([2]Entry!$E$15="","",[2]Entry!$E$15) -> BANK01 – ملت — جاری شرکت | M12: =IF([2]Entry!$G$15="","",[2]Entry!$G$15) -> SL001 | N12: =IF([2]Entry!$M$15="","",[2]Entry!$M$15) -> 300000000 | O12: =IF([2]Entry!$N$15="","",[2]Entry!$N$15) | P12: =IF([2]Entry!$R$15="","",[2]Entry!$R$15) -> واریز فروشنده SL001 (نمونه)
A13: =IF([1]Accounts!$D$14="","",[1]Accounts!$A$14) -> C008 | B13: =IF([1]Accounts!$D$14="","",[1]Accounts!$B$14) -> فروشنده | C13: =IF([1]Accounts!$D$14="","",[1]Accounts!$C$14) -> 0 | D13: =IF([1]Accounts!$D$14="","",[1]Accounts!$D$14) -> صفدر مسلمی | E13: =IF([1]Accounts!$D$14="","",[1]Accounts!$J$14) -> 0 | F13: =IF([1]Accounts!$D$14="","",[1]Accounts!$K$14) -> 0 | H13: =IF([1]Baskets!$B$14="","",[1]Baskets!$B$14) | J13: =IF([2]Entry!$C$16="","",[2]Entry!$C$16) -> 1405/07/09 | K13: =IF([2]Entry!$D$16="","",[2]Entry!$D$16) -> 11:30 | L13: =IF([2]Entry!$E$16="","",[2]Entry!$E$16) -> BANK02 – صادرات — جاری شرکت | M13: =IF([2]Entry!$G$16="","",[2]Entry!$G$16) -> SL002 | N13: =IF([2]Entry!$M$16="","",[2]Entry!$M$16) -> 1600000000 | O13: =IF([2]Entry!$N$16="","",[2]Entry!$N$16) | P13: =IF([2]Entry!$R$16="","",[2]Entry!$R$16) -> تسویه فروشنده SL002 (نمونه)
A14: =IF([1]Accounts!$D$15="","",[1]Accounts!$A$15) -> C009 | B14: =IF([1]Accounts!$D$15="","",[1]Accounts!$B$15) -> فروشنده | C14: =IF([1]Accounts!$D$15="","",[1]Accounts!$C$15) -> 0 | D14: =IF([1]Accounts!$D$15="","",[1]Accounts!$D$15) -> همایون بابایی | E14: =IF([1]Accounts!$D$15="","",[1]Accounts!$J$15) -> 0 | F14: =IF([1]Accounts!$D$15="","",[1]Accounts!$K$15) -> 0 | H14: =IF([1]Baskets!$B$15="","",[1]Baskets!$B$15) | J14: =IF([2]Entry!$C$17="","",[2]Entry!$C$17) -> 1405/07/05 | K14: =IF([2]Entry!$D$17="","",[2]Entry!$D$17) -> 13:00 | L14: =IF([2]Entry!$E$17="","",[2]Entry!$E$17) -> BANK01 – ملت — جاری شرکت | M14: =IF([2]Entry!$G$17="","",[2]Entry!$G$17) -> E002 | N14: =IF([2]Entry!$M$17="","",[2]Entry!$M$17) | O14: =IF([2]Entry!$N$17="","",[2]Entry!$N$17) -> 25000000 | P14: =IF([2]Entry!$R$17="","",[2]Entry!$R$17) -> دستمزد هفتگی (نمونه)
A15: =IF([1]Accounts!$D$16="","",[1]Accounts!$A$16) -> C010 | B15: =IF([1]Accounts!$D$16="","",[1]Accounts!$B$16) -> فروشنده | C15: =IF([1]Accounts!$D$16="","",[1]Accounts!$C$16) -> 0 | D15: =IF([1]Accounts!$D$16="","",[1]Accounts!$D$16) -> دبیر فرجی | E15: =IF([1]Accounts!$D$16="","",[1]Accounts!$J$16) -> 0 | F15: =IF([1]Accounts!$D$16="","",[1]Accounts!$K$16) -> 0 | H15: =IF([1]Baskets!$B$16="","",[1]Baskets!$B$16) | J15: =IF([2]Entry!$C$18="","",[2]Entry!$C$18) -> 1405/07/06 | K15: =IF([2]Entry!$D$18="","",[2]Entry!$D$18) -> 16:30 | L15: =IF([2]Entry!$E$18="","",[2]Entry!$E$18) -> BANK02 – صادرات — جاری شرکت | M15: =IF([2]Entry!$G$18="","",[2]Entry!$G$18) -> S002 | N15: =IF([2]Entry!$M$18="","",[2]Entry!$M$18) | O15: =IF([2]Entry!$N$18="","",[2]Entry!$N$18) -> 4500000 | P15: =IF([2]Entry!$R$18="","",[2]Entry!$R$18) -> خرید رنگ و واکس بسته‌بندی (نمونه)
A16: =IF([1]Accounts!$D$17="","",[1]Accounts!$A$17) -> C011 | B16: =IF([1]Accounts!$D$17="","",[1]Accounts!$B$17) -> فروشنده | C16: =IF([1]Accounts!$D$17="","",[1]Accounts!$C$17) -> 0 | D16: =IF([1]Accounts!$D$17="","",[1]Accounts!$D$17) -> محمود علیجانی | E16: =IF([1]Accounts!$D$17="","",[1]Accounts!$J$17) -> 0 | F16: =IF([1]Accounts!$D$17="","",[1]Accounts!$K$17) -> 0 | H16: =IF([1]Baskets!$B$17="","",[1]Baskets!$B$17) | J16: =IF([2]Entry!$C$19="","",[2]Entry!$C$19) -> 1405/07/07 | K16: =IF([2]Entry!$D$19="","",[2]Entry!$D$19) -> 09:15 | L16: =IF([2]Entry!$E$19="","",[2]Entry!$E$19) -> BANK01 – ملت — جاری شرکت | M16: =IF([2]Entry!$G$19="","",[2]Entry!$G$19) -> E003 | N16: =IF([2]Entry!$M$19="","",[2]Entry!$M$19) | O16: =IF([2]Entry!$N$19="","",[2]Entry!$N$19) -> 8000000 | P16: =IF([2]Entry!$R$19="","",[2]Entry!$R$19) -> خوراک سالن (نمونه)
A17: =IF([1]Accounts!$D$18="","",[1]Accounts!$A$18) -> C012 | B17: =IF([1]Accounts!$D$18="","",[1]Accounts!$B$18) -> فروشنده | C17: =IF([1]Accounts!$D$18="","",[1]Accounts!$C$18) -> 0 | D17: =IF([1]Accounts!$D$18="","",[1]Accounts!$D$18) -> افشین بشتکار | E17: =IF([1]Accounts!$D$18="","",[1]Accounts!$J$18) -> 0 | F17: =IF([1]Accounts!$D$18="","",[1]Accounts!$K$18) -> 0 | H17: =IF([1]Baskets!$B$18="","",[1]Baskets!$B$18) | J17: =IF([2]Entry!$C$20="","",[2]Entry!$C$20) -> 1405/07/08 | K17: =IF([2]Entry!$D$20="","",[2]Entry!$D$20) -> 12:00 | L17: =IF([2]Entry!$E$20="","",[2]Entry!$E$20) -> BANK01 – ملت — جاری شرکت | M17: =IF([2]Entry!$G$20="","",[2]Entry!$G$20) -> E001 | N17: =IF([2]Entry!$M$20="","",[2]Entry!$M$20) | O17: =IF([2]Entry!$N$20="","",[2]Entry!$N$20) -> 20000000 | P17: =IF([2]Entry!$R$20="","",[2]Entry!$R$20) -> برداشت شخصی مدیریت (نمونه)
A18: =IF([1]Accounts!$D$19="","",[1]Accounts!$A$19) -> C013 | B18: =IF([1]Accounts!$D$19="","",[1]Accounts!$B$19) -> فروشنده | C18: =IF([1]Accounts!$D$19="","",[1]Accounts!$C$19) -> 0 | D18: =IF([1]Accounts!$D$19="","",[1]Accounts!$D$19) -> میرقربان موسویان | E18: =IF([1]Accounts!$D$19="","",[1]Accounts!$J$19) -> 0 | F18: =IF([1]Accounts!$D$19="","",[1]Accounts!$K$19) -> 0 | H18: =IF([1]Baskets!$B$19="","",[1]Baskets!$B$19) | J18: =IF([2]Entry!$C$21="","",[2]Entry!$C$21) -> 1405/07/07 | K18: =IF([2]Entry!$D$21="","",[2]Entry!$D$21) -> 10:00 | L18: =IF([2]Entry!$E$21="","",[2]Entry!$E$21) -> BANK01 – ملت — جاری شرکت | M18: =IF([2]Entry!$G$21="","",[2]Entry!$G$21) -> S001 | N18: =IF([2]Entry!$M$21="","",[2]Entry!$M$21) | O18: =IF([2]Entry!$N$21="","",[2]Entry!$N$21) -> 15000000 | P18: =IF([2]Entry!$R$21="","",[2]Entry!$R$21) -> پیش‌پرداخت باغ آقای رستمی (نمونه)
A19: =IF([1]Accounts!$D$20="","",[1]Accounts!$A$20) -> C014 | B19: =IF([1]Accounts!$D$20="","",[1]Accounts!$B$20) -> فروشنده | C19: =IF([1]Accounts!$D$20="","",[1]Accounts!$C$20) -> 0 | D19: =IF([1]Accounts!$D$20="","",[1]Accounts!$D$20) -> باباجانی (تراجیکلا) | E19: =IF([1]Accounts!$D$20="","",[1]Accounts!$J$20) -> 0 | F19: =IF([1]Accounts!$D$20="","",[1]Accounts!$K$20) -> 0 | H19: =IF([1]Baskets!$B$20="","",[1]Baskets!$B$20) | J19: =IF([2]Entry!$C$22="","",[2]Entry!$C$22) -> 1405/07/15 | K19: =IF([2]Entry!$D$22="","",[2]Entry!$D$22) -> 09:00 | L19: =IF([2]Entry!$E$22="","",[2]Entry!$E$22) -> BANK01 – ملت — جاری شرکت | M19: =IF([2]Entry!$G$22="","",[2]Entry!$G$22) -> S001 | N19: =IF([2]Entry!$M$22="","",[2]Entry!$M$22) | O19: =IF([2]Entry!$N$22="","",[2]Entry!$N$22) -> 80000000 | P19: =IF([2]Entry!$R$22="","",[2]Entry!$R$22) -> پاس شدن چک ۲۴۰۱۲۳۴۵ — تسویه خرید باغ (نمونه)
A20: =IF([1]Accounts!$D$21="","",[1]Accounts!$A$21) -> C015 | B20: =IF([1]Accounts!$D$21="","",[1]Accounts!$B$21) -> فروشنده | C20: =IF([1]Accounts!$D$21="","",[1]Accounts!$C$21) -> 0 | D20: =IF([1]Accounts!$D$21="","",[1]Accounts!$D$21) -> کاظم میرزازاده | E20: =IF([1]Accounts!$D$21="","",[1]Accounts!$J$21) -> 0 | F20: =IF([1]Accounts!$D$21="","",[1]Accounts!$K$21) -> 0 | H20: =IF([1]Baskets!$B$21="","",[1]Baskets!$B$21) | J20: =IF([2]Entry!$C$23="","",[2]Entry!$C$23) -> 1405/07/11 | K20: =IF([2]Entry!$D$23="","",[2]Entry!$D$23) -> 10:00 | L20: =IF([2]Entry!$E$23="","",[2]Entry!$E$23) -> BANK01 – ملت — جاری شرکت | M20: =IF([2]Entry!$G$23="","",[2]Entry!$G$23) -> CAP001 | N20: =IF([2]Entry!$M$23="","",[2]Entry!$M$23) -> 400000000 | O20: =IF([2]Entry!$N$23="","",[2]Entry!$N$23) | P20: =IF([2]Entry!$R$23="","",[2]Entry!$R$23) -> فروش زمین شخصی و آورده نقدی صاحب سرمایه (نمونه)
A21: =IF([1]Accounts!$D$22="","",[1]Accounts!$A$22) -> C016 | B21: =IF([1]Accounts!$D$22="","",[1]Accounts!$B$22) -> فروشنده | C21: =IF([1]Accounts!$D$22="","",[1]Accounts!$C$22) -> 0 | D21: =IF([1]Accounts!$D$22="","",[1]Accounts!$D$22) -> علی جانبرارپور | E21: =IF([1]Accounts!$D$22="","",[1]Accounts!$J$22) -> 0 | F21: =IF([1]Accounts!$D$22="","",[1]Accounts!$K$22) -> 0 | H21: =IF([1]Baskets!$B$22="","",[1]Baskets!$B$22) | J21: =IF([2]Entry!$C$24="","",[2]Entry!$C$24) -> 1405/07/12 | K21: =IF([2]Entry!$D$24="","",[2]Entry!$D$24) -> 09:30 | L21: =IF([2]Entry!$E$24="","",[2]Entry!$E$24) -> BANK02 – صادرات — جاری شرکت | M21: =IF([2]Entry!$G$24="","",[2]Entry!$G$24) -> L001 | N21: =IF([2]Entry!$M$24="","",[2]Entry!$M$24) -> 200000000 | O21: =IF([2]Entry!$N$24="","",[2]Entry!$N$24) | P21: =IF([2]Entry!$R$24="","",[2]Entry!$R$24) -> دریافت وام بانک ملت (نمونه)
A22: =IF([1]Accounts!$D$23="","",[1]Accounts!$A$23) -> C017 | B22: =IF([1]Accounts!$D$23="","",[1]Accounts!$B$23) -> فروشنده | C22: =IF([1]Accounts!$D$23="","",[1]Accounts!$C$23) -> 0 | D22: =IF([1]Accounts!$D$23="","",[1]Accounts!$D$23) -> لیلا محمودنیا | E22: =IF([1]Accounts!$D$23="","",[1]Accounts!$J$23) -> 0 | F22: =IF([1]Accounts!$D$23="","",[1]Accounts!$K$23) -> 0 | H22: =IF([1]Baskets!$B$23="","",[1]Baskets!$B$23) | J22: =IF([2]Entry!$C$25="","",[2]Entry!$C$25) -> 1405/07/16 | K22: =IF([2]Entry!$D$25="","",[2]Entry!$D$25) -> 10:00 | L22: =IF([2]Entry!$E$25="","",[2]Entry!$E$25) -> BANK02 – صادرات — جاری شرکت | M22: =IF([2]Entry!$G$25="","",[2]Entry!$G$25) -> L001 | N22: =IF([2]Entry!$M$25="","",[2]Entry!$M$25) | O22: =IF([2]Entry!$N$25="","",[2]Entry!$N$25) -> 20000000 | P22: =IF([2]Entry!$R$25="","",[2]Entry!$R$25) -> پرداخت قسط وام — اصل (نمونه)
A23: =IF([1]Accounts!$D$24="","",[1]Accounts!$A$24) -> C018 | B23: =IF([1]Accounts!$D$24="","",[1]Accounts!$B$24) -> فروشنده | C23: =IF([1]Accounts!$D$24="","",[1]Accounts!$C$24) -> 0 | D23: =IF([1]Accounts!$D$24="","",[1]Accounts!$D$24) -> اسماعیل خانیا | E23: =IF([1]Accounts!$D$24="","",[1]Accounts!$J$24) -> 0 | F23: =IF([1]Accounts!$D$24="","",[1]Accounts!$K$24) -> 0 | H23: =IF([1]Baskets!$B$24="","",[1]Baskets!$B$24) | J23: =IF([2]Entry!$C$26="","",[2]Entry!$C$26) -> 1405/07/16 | K23: =IF([2]Entry!$D$26="","",[2]Entry!$D$26) -> 10:05 | L23: =IF([2]Entry!$E$26="","",[2]Entry!$E$26) -> BANK01 – ملت — جاری شرکت | M23: =IF([2]Entry!$G$26="","",[2]Entry!$G$26) -> L001 | N23: =IF([2]Entry!$M$26="","",[2]Entry!$M$26) | O23: =IF([2]Entry!$N$26="","",[2]Entry!$N$26) -> 2000000 | P23: =IF([2]Entry!$R$26="","",[2]Entry!$R$26) -> بهره و کارمزد اقساط وام — گروه هزینه (نمونه)
A24: =IF([1]Accounts!$D$25="","",[1]Accounts!$A$25) -> C019 | B24: =IF([1]Accounts!$D$25="","",[1]Accounts!$B$25) -> فروشنده | C24: =IF([1]Accounts!$D$25="","",[1]Accounts!$C$25) -> 0 | D24: =IF([1]Accounts!$D$25="","",[1]Accounts!$D$25) -> یوسف یوسف نژاد | E24: =IF([1]Accounts!$D$25="","",[1]Accounts!$J$25) -> 0 | F24: =IF([1]Accounts!$D$25="","",[1]Accounts!$K$25) -> 0 | H24: =IF([1]Baskets!$B$25="","",[1]Baskets!$B$25) | J24: =IF([2]Entry!$C$27="","",[2]Entry!$C$27) -> 1405/07/18 | K24: =IF([2]Entry!$D$27="","",[2]Entry!$D$27) -> 11:00 | L24: =IF([2]Entry!$E$27="","",[2]Entry!$E$27) -> BANK01 – ملت — جاری شرکت | M24: =IF([2]Entry!$G$27="","",[2]Entry!$G$27) -> F002 | N24: =IF([2]Entry!$M$27="","",[2]Entry!$M$27) | O24: =IF([2]Entry!$N$27="","",[2]Entry!$N$27) -> 150000000 | P24: =IF([2]Entry!$R$27="","",[2]Entry!$R$27) -> خرید خودرو وانت حمل بار — دارایی ثابت شرکت (نمونه)
A25: =IF([1]Accounts!$D$26="","",[1]Accounts!$A$26) -> C020 | B25: =IF([1]Accounts!$D$26="","",[1]Accounts!$B$26) -> فروشنده | C25: =IF([1]Accounts!$D$26="","",[1]Accounts!$C$26) -> 0 | D25: =IF([1]Accounts!$D$26="","",[1]Accounts!$D$26) -> علی نوایی | E25: =IF([1]Accounts!$D$26="","",[1]Accounts!$J$26) -> 0 | F25: =IF([1]Accounts!$D$26="","",[1]Accounts!$K$26) -> 0 | H25: =IF([1]Baskets!$B$26="","",[1]Baskets!$B$26) | J25: =IF([2]Entry!$C$28="","",[2]Entry!$C$28) -> 1405/07/15 | K25: =IF([2]Entry!$D$28="","",[2]Entry!$D$28) -> 10:30 | L25: =IF([2]Entry!$E$28="","",[2]Entry!$E$28) -> BANK01 – ملت — جاری شرکت | M25: =IF([2]Entry!$G$28="","",[2]Entry!$G$28) -> S004 | N25: =IF([2]Entry!$M$28="","",[2]Entry!$M$28) | O25: =IF([2]Entry!$N$28="","",[2]Entry!$N$28) -> 25000000 | P25: =IF([2]Entry!$R$28="","",[2]Entry!$R$28) -> پرداخت بابت سبد خریداری‌شده — تسویه فایل Baskets.xlsx (نمونه)
A26: =IF([1]Accounts!$D$27="","",[1]Accounts!$A$27) -> C021 | B26: =IF([1]Accounts!$D$27="","",[1]Accounts!$B$27) -> فروشنده | C26: =IF([1]Accounts!$D$27="","",[1]Accounts!$C$27) -> 0 | D26: =IF([1]Accounts!$D$27="","",[1]Accounts!$D$27) -> دومیری | E26: =IF([1]Accounts!$D$27="","",[1]Accounts!$J$27) -> 0 | F26: =IF([1]Accounts!$D$27="","",[1]Accounts!$K$27) -> 0 | H26: =IF([1]Baskets!$B$27="","",[1]Baskets!$B$27) | J26: =IF([2]Entry!$C$29="","",[2]Entry!$C$29) -> 1405/07/20 | K26: =IF([2]Entry!$D$29="","",[2]Entry!$D$29) -> 12:00 | L26: =IF([2]Entry!$E$29="","",[2]Entry!$E$29) -> BANK01 – ملت — جاری شرکت | M26: =IF([2]Entry!$G$29="","",[2]Entry!$G$29) -> C099 | N26: =IF([2]Entry!$M$29="","",[2]Entry!$M$29) -> 5000000 | O26: =IF([2]Entry!$N$29="","",[2]Entry!$N$29) | P26: =IF([2]Entry!$R$29="","",[2]Entry!$R$29) -> مشتری جدید — هنوز در INFO تعریف نشده (نمونه برای شیت کنترل)
A27: =IF([1]Accounts!$D$28="","",[1]Accounts!$A$28) -> C022 | B27: =IF([1]Accounts!$D$28="","",[1]Accounts!$B$28) -> فروشنده | C27: =IF([1]Accounts!$D$28="","",[1]Accounts!$C$28) -> 0 | D27: =IF([1]Accounts!$D$28="","",[1]Accounts!$D$28) -> شمسعلی علیجانی | E27: =IF([1]Accounts!$D$28="","",[1]Accounts!$J$28) -> 0 | F27: =IF([1]Accounts!$D$28="","",[1]Accounts!$K$28) -> 0 | H27: =IF([1]Baskets!$B$28="","",[1]Baskets!$B$28) | J27: =IF([2]Entry!$C$30="","",[2]Entry!$C$30) -> 1405/07/21 | K27: =IF([2]Entry!$D$30="","",[2]Entry!$D$30) -> 09:40 | L27: =IF([2]Entry!$E$30="","",[2]Entry!$E$30) -> BANK01 – ملت — جاری شرکت | M27: =IF([2]Entry!$G$30="","",[2]Entry!$G$30) -> X003 | N27: =IF([2]Entry!$M$30="","",[2]Entry!$M$30) | O27: =IF([2]Entry!$N$30="","",[2]Entry!$N$30) -> 3000000 | P27: =IF([2]Entry!$R$30="","",[2]Entry!$R$30) -> هزینه بدون زیرگروه — برای نمایش در شیت کنترل (نمونه)
A28: =IF([1]Accounts!$D$29="","",[1]Accounts!$A$29) -> C023 | B28: =IF([1]Accounts!$D$29="","",[1]Accounts!$B$29) -> فروشنده | C28: =IF([1]Accounts!$D$29="","",[1]Accounts!$C$29) -> 0 | D28: =IF([1]Accounts!$D$29="","",[1]Accounts!$D$29) -> یوسف نیا(موزیج) | E28: =IF([1]Accounts!$D$29="","",[1]Accounts!$J$29) -> 0 | F28: =IF([1]Accounts!$D$29="","",[1]Accounts!$K$29) -> 0 | H28: =IF([1]Baskets!$B$29="","",[1]Baskets!$B$29) | J28: =IF([2]Entry!$C$31="","",[2]Entry!$C$31) | K28: =IF([2]Entry!$D$31="","",[2]Entry!$D$31) | L28: =IF([2]Entry!$E$31="","",[2]Entry!$E$31) | M28: =IF([2]Entry!$G$31="","",[2]Entry!$G$31) | N28: =IF([2]Entry!$M$31="","",[2]Entry!$M$31) | O28: =IF([2]Entry!$N$31="","",[2]Entry!$N$31) | P28: =IF([2]Entry!$R$31="","",[2]Entry!$R$31)
A29: =IF([1]Accounts!$D$30="","",[1]Accounts!$A$30) -> C024 | B29: =IF([1]Accounts!$D$30="","",[1]Accounts!$B$30) -> فروشنده | C29: =IF([1]Accounts!$D$30="","",[1]Accounts!$C$30) -> 0 | D29: =IF([1]Accounts!$D$30="","",[1]Accounts!$D$30) -> کاظم ذبیح پور | E29: =IF([1]Accounts!$D$30="","",[1]Accounts!$J$30) -> 0 | F29: =IF([1]Accounts!$D$30="","",[1]Accounts!$K$30) -> 0 | H29: =IF([1]Baskets!$B$30="","",[1]Baskets!$B$30) | J29: =IF([2]Entry!$C$32="","",[2]Entry!$C$32) | K29: =IF([2]Entry!$D$32="","",[2]Entry!$D$32) | L29: =IF([2]Entry!$E$32="","",[2]Entry!$E$32) | M29: =IF([2]Entry!$G$32="","",[2]Entry!$G$32) | N29: =IF([2]Entry!$M$32="","",[2]Entry!$M$32) | O29: =IF([2]Entry!$N$32="","",[2]Entry!$N$32) | P29: =IF([2]Entry!$R$32="","",[2]Entry!$R$32)
A30: =IF([1]Accounts!$D$31="","",[1]Accounts!$A$31) -> C025 | B30: =IF([1]Accounts!$D$31="","",[1]Accounts!$B$31) -> فروشنده | C30: =IF([1]Accounts!$D$31="","",[1]Accounts!$C$31) -> 0 | D30: =IF([1]Accounts!$D$31="","",[1]Accounts!$D$31) -> علی غلام رضاپور | E30: =IF([1]Accounts!$D$31="","",[1]Accounts!$J$31) -> 0 | F30: =IF([1]Accounts!$D$31="","",[1]Accounts!$K$31) -> 0 | H30: =IF([1]Baskets!$B$31="","",[1]Baskets!$B$31) | J30: =IF([2]Entry!$C$33="","",[2]Entry!$C$33) | K30: =IF([2]Entry!$D$33="","",[2]Entry!$D$33) | L30: =IF([2]Entry!$E$33="","",[2]Entry!$E$33) | M30: =IF([2]Entry!$G$33="","",[2]Entry!$G$33) | N30: =IF([2]Entry!$M$33="","",[2]Entry!$M$33) | O30: =IF([2]Entry!$N$33="","",[2]Entry!$N$33) | P30: =IF([2]Entry!$R$33="","",[2]Entry!$R$33)
A31: =IF([1]Accounts!$D$32="","",[1]Accounts!$A$32) -> C026 | B31: =IF([1]Accounts!$D$32="","",[1]Accounts!$B$32) -> فروشنده | C31: =IF([1]Accounts!$D$32="","",[1]Accounts!$C$32) -> 0 | D31: =IF([1]Accounts!$D$32="","",[1]Accounts!$D$32) -> حسین شکرالله نیا | E31: =IF([1]Accounts!$D$32="","",[1]Accounts!$J$32) -> 0 | F31: =IF([1]Accounts!$D$32="","",[1]Accounts!$K$32) -> 0 | H31: =IF([1]Baskets!$B$32="","",[1]Baskets!$B$32) | J31: =IF([2]Entry!$C$34="","",[2]Entry!$C$34) | K31: =IF([2]Entry!$D$34="","",[2]Entry!$D$34) | L31: =IF([2]Entry!$E$34="","",[2]Entry!$E$34) | M31: =IF([2]Entry!$G$34="","",[2]Entry!$G$34) | N31: =IF([2]Entry!$M$34="","",[2]Entry!$M$34) | O31: =IF([2]Entry!$N$34="","",[2]Entry!$N$34) | P31: =IF([2]Entry!$R$34="","",[2]Entry!$R$34)
A32: =IF([1]Accounts!$D$33="","",[1]Accounts!$A$33) -> C027 | B32: =IF([1]Accounts!$D$33="","",[1]Accounts!$B$33) -> فروشنده | C32: =IF([1]Accounts!$D$33="","",[1]Accounts!$C$33) -> 0 | D32: =IF([1]Accounts!$D$33="","",[1]Accounts!$D$33) -> سید مهدی حسینی(دوست حاج هوشنگ) | E32: =IF([1]Accounts!$D$33="","",[1]Accounts!$J$33) -> 0 | F32: =IF([1]Accounts!$D$33="","",[1]Accounts!$K$33) -> 0 | H32: =IF([1]Baskets!$B$33="","",[1]Baskets!$B$33) | J32: =IF([2]Entry!$C$35="","",[2]Entry!$C$35) | K32: =IF([2]Entry!$D$35="","",[2]Entry!$D$35) | L32: =IF([2]Entry!$E$35="","",[2]Entry!$E$35) | M32: =IF([2]Entry!$G$35="","",[2]Entry!$G$35) | N32: =IF([2]Entry!$M$35="","",[2]Entry!$M$35) | O32: =IF([2]Entry!$N$35="","",[2]Entry!$N$35) | P32: =IF([2]Entry!$R$35="","",[2]Entry!$R$35)
A33: =IF([1]Accounts!$D$34="","",[1]Accounts!$A$34) -> C028 | B33: =IF([1]Accounts!$D$34="","",[1]Accounts!$B$34) -> فروشنده | C33: =IF([1]Accounts!$D$34="","",[1]Accounts!$C$34) -> 0 | D33: =IF([1]Accounts!$D$34="","",[1]Accounts!$D$34) -> آقای عزیزی | E33: =IF([1]Accounts!$D$34="","",[1]Accounts!$J$34) -> 0 | F33: =IF([1]Accounts!$D$34="","",[1]Accounts!$K$34) -> 0 | H33: =IF([1]Baskets!$B$34="","",[1]Baskets!$B$34) | J33: =IF([2]Entry!$C$36="","",[2]Entry!$C$36) | K33: =IF([2]Entry!$D$36="","",[2]Entry!$D$36) | L33: =IF([2]Entry!$E$36="","",[2]Entry!$E$36) | M33: =IF([2]Entry!$G$36="","",[2]Entry!$G$36) | N33: =IF([2]Entry!$M$36="","",[2]Entry!$M$36) | O33: =IF([2]Entry!$N$36="","",[2]Entry!$N$36) | P33: =IF([2]Entry!$R$36="","",[2]Entry!$R$36)
A34: =IF([1]Accounts!$D$35="","",[1]Accounts!$A$35) -> C029 | B34: =IF([1]Accounts!$D$35="","",[1]Accounts!$B$35) -> فروشنده | C34: =IF([1]Accounts!$D$35="","",[1]Accounts!$C$35) -> 0 | D34: =IF([1]Accounts!$D$35="","",[1]Accounts!$D$35) -> آقای حبیبی(بانک صادرات) | E34: =IF([1]Accounts!$D$35="","",[1]Accounts!$J$35) -> 0 | F34: =IF([1]Accounts!$D$35="","",[1]Accounts!$K$35) -> 0 | H34: =IF([1]Baskets!$B$35="","",[1]Baskets!$B$35) | J34: =IF([2]Entry!$C$37="","",[2]Entry!$C$37) | K34: =IF([2]Entry!$D$37="","",[2]Entry!$D$37) | L34: =IF([2]Entry!$E$37="","",[2]Entry!$E$37) | M34: =IF([2]Entry!$G$37="","",[2]Entry!$G$37) | N34: =IF([2]Entry!$M$37="","",[2]Entry!$M$37) | O34: =IF([2]Entry!$N$37="","",[2]Entry!$N$37) | P34: =IF([2]Entry!$R$37="","",[2]Entry!$R$37)
A35: =IF([1]Accounts!$D$36="","",[1]Accounts!$A$36) -> C030 | B35: =IF([1]Accounts!$D$36="","",[1]Accounts!$B$36) -> فروشنده | C35: =IF([1]Accounts!$D$36="","",[1]Accounts!$C$36) -> 0 | D35: =IF([1]Accounts!$D$36="","",[1]Accounts!$D$36) -> محمد علی اصغرزاده | E35: =IF([1]Accounts!$D$36="","",[1]Accounts!$J$36) -> 0 | F35: =IF([1]Accounts!$D$36="","",[1]Accounts!$K$36) -> 0 | H35: =IF([1]Baskets!$B$36="","",[1]Baskets!$B$36) | J35: =IF([2]Entry!$C$38="","",[2]Entry!$C$38) | K35: =IF([2]Entry!$D$38="","",[2]Entry!$D$38) | L35: =IF([2]Entry!$E$38="","",[2]Entry!$E$38) | M35: =IF([2]Entry!$G$38="","",[2]Entry!$G$38) | N35: =IF([2]Entry!$M$38="","",[2]Entry!$M$38) | O35: =IF([2]Entry!$N$38="","",[2]Entry!$N$38) | P35: =IF([2]Entry!$R$38="","",[2]Entry!$R$38)
A36: =IF([1]Accounts!$D$37="","",[1]Accounts!$A$37) -> C031 | B36: =IF([1]Accounts!$D$37="","",[1]Accounts!$B$37) -> فروشنده | C36: =IF([1]Accounts!$D$37="","",[1]Accounts!$C$37) -> 0 | D36: =IF([1]Accounts!$D$37="","",[1]Accounts!$D$37) -> فغان پور | E36: =IF([1]Accounts!$D$37="","",[1]Accounts!$J$37) -> 0 | F36: =IF([1]Accounts!$D$37="","",[1]Accounts!$K$37) -> 0 | J36: =IF([2]Entry!$C$39="","",[2]Entry!$C$39) | K36: =IF([2]Entry!$D$39="","",[2]Entry!$D$39) | L36: =IF([2]Entry!$E$39="","",[2]Entry!$E$39) | M36: =IF([2]Entry!$G$39="","",[2]Entry!$G$39) | N36: =IF([2]Entry!$M$39="","",[2]Entry!$M$39) | O36: =IF([2]Entry!$N$39="","",[2]Entry!$N$39) | P36: =IF([2]Entry!$R$39="","",[2]Entry!$R$39)
A37: =IF([1]Accounts!$D$38="","",[1]Accounts!$A$38) -> C032 | B37: =IF([1]Accounts!$D$38="","",[1]Accounts!$B$38) -> فروشنده | C37: =IF([1]Accounts!$D$38="","",[1]Accounts!$C$38) -> 0 | D37: =IF([1]Accounts!$D$38="","",[1]Accounts!$D$38) -> عباس پور(بهنمیر) | E37: =IF([1]Accounts!$D$38="","",[1]Accounts!$J$38) -> 0 | F37: =IF([1]Accounts!$D$38="","",[1]Accounts!$K$38) -> 0 | J37: =IF([2]Entry!$C$40="","",[2]Entry!$C$40) | K37: =IF([2]Entry!$D$40="","",[2]Entry!$D$40) | L37: =IF([2]Entry!$E$40="","",[2]Entry!$E$40) | M37: =IF([2]Entry!$G$40="","",[2]Entry!$G$40) | N37: =IF([2]Entry!$M$40="","",[2]Entry!$M$40) | O37: =IF([2]Entry!$N$40="","",[2]Entry!$N$40) | P37: =IF([2]Entry!$R$40="","",[2]Entry!$R$40)
A38: =IF([1]Accounts!$D$39="","",[1]Accounts!$A$39) -> C033 | B38: =IF([1]Accounts!$D$39="","",[1]Accounts!$B$39) -> فروشنده | C38: =IF([1]Accounts!$D$39="","",[1]Accounts!$C$39) -> 0 | D38: =IF([1]Accounts!$D$39="","",[1]Accounts!$D$39) -> رمضان خانیا(فرهاد پلنگ) | E38: =IF([1]Accounts!$D$39="","",[1]Accounts!$J$39) -> 0 | F38: =IF([1]Accounts!$D$39="","",[1]Accounts!$K$39) -> 0 | J38: =IF([2]Entry!$C$41="","",[2]Entry!$C$41) | K38: =IF([2]Entry!$D$41="","",[2]Entry!$D$41) | L38: =IF([2]Entry!$E$41="","",[2]Entry!$E$41) | M38: =IF([2]Entry!$G$41="","",[2]Entry!$G$41) | N38: =IF([2]Entry!$M$41="","",[2]Entry!$M$41) | O38: =IF([2]Entry!$N$41="","",[2]Entry!$N$41) | P38: =IF([2]Entry!$R$41="","",[2]Entry!$R$41)
A39: =IF([1]Accounts!$D$40="","",[1]Accounts!$A$40) -> C034 | B39: =IF([1]Accounts!$D$40="","",[1]Accounts!$B$40) -> فروشنده | C39: =IF([1]Accounts!$D$40="","",[1]Accounts!$C$40) -> 0 | D39: =IF([1]Accounts!$D$40="","",[1]Accounts!$D$40) -> محمد رضایی | E39: =IF([1]Accounts!$D$40="","",[1]Accounts!$J$40) -> 0 | F39: =IF([1]Accounts!$D$40="","",[1]Accounts!$K$40) -> 0 | J39: =IF([2]Entry!$C$42="","",[2]Entry!$C$42) | K39: =IF([2]Entry!$D$42="","",[2]Entry!$D$42) | L39: =IF([2]Entry!$E$42="","",[2]Entry!$E$42) | M39: =IF([2]Entry!$G$42="","",[2]Entry!$G$42) | N39: =IF([2]Entry!$M$42="","",[2]Entry!$M$42) | O39: =IF([2]Entry!$N$42="","",[2]Entry!$N$42) | P39: =IF([2]Entry!$R$42="","",[2]Entry!$R$42)
A40: =IF([1]Accounts!$D$41="","",[1]Accounts!$A$41) -> C035 | B40: =IF([1]Accounts!$D$41="","",[1]Accounts!$B$41) -> فروشنده | C40: =IF([1]Accounts!$D$41="","",[1]Accounts!$C$41) -> 0 | D40: =IF([1]Accounts!$D$41="","",[1]Accounts!$D$41) -> داریوش اسماعیلی | E40: =IF([1]Accounts!$D$41="","",[1]Accounts!$J$41) -> 0 | F40: =IF([1]Accounts!$D$41="","",[1]Accounts!$K$41) -> 0 | J40: =IF([2]Entry!$C$43="","",[2]Entry!$C$43) | K40: =IF([2]Entry!$D$43="","",[2]Entry!$D$43) | L40: =IF([2]Entry!$E$43="","",[2]Entry!$E$43) | M40: =IF([2]Entry!$G$43="","",[2]Entry!$G$43) | N40: =IF([2]Entry!$M$43="","",[2]Entry!$M$43) | O40: =IF([2]Entry!$N$43="","",[2]Entry!$N$43) | P40: =IF([2]Entry!$R$43="","",[2]Entry!$R$43)
A41: =IF([1]Accounts!$D$42="","",[1]Accounts!$A$42) -> C036 | B41: =IF([1]Accounts!$D$42="","",[1]Accounts!$B$42) -> فروشنده | C41: =IF([1]Accounts!$D$42="","",[1]Accounts!$C$42) -> 0 | D41: =IF([1]Accounts!$D$42="","",[1]Accounts!$D$42) -> محسن قبادی | E41: =IF([1]Accounts!$D$42="","",[1]Accounts!$J$42) -> 0 | F41: =IF([1]Accounts!$D$42="","",[1]Accounts!$K$42) -> 0 | J41: =IF([2]Entry!$C$44="","",[2]Entry!$C$44) | K41: =IF([2]Entry!$D$44="","",[2]Entry!$D$44) | L41: =IF([2]Entry!$E$44="","",[2]Entry!$E$44) | M41: =IF([2]Entry!$G$44="","",[2]Entry!$G$44) | N41: =IF([2]Entry!$M$44="","",[2]Entry!$M$44) | O41: =IF([2]Entry!$N$44="","",[2]Entry!$N$44) | P41: =IF([2]Entry!$R$44="","",[2]Entry!$R$44)
A42: =IF([1]Accounts!$D$43="","",[1]Accounts!$A$43) -> C037 | B42: =IF([1]Accounts!$D$43="","",[1]Accounts!$B$43) -> فروشنده | C42: =IF([1]Accounts!$D$43="","",[1]Accounts!$C$43) -> 0 | D42: =IF([1]Accounts!$D$43="","",[1]Accounts!$D$43) -> خانم قلی پور(یوسف نیا) | E42: =IF([1]Accounts!$D$43="","",[1]Accounts!$J$43) -> 0 | F42: =IF([1]Accounts!$D$43="","",[1]Accounts!$K$43) -> 0 | J42: =IF([2]Entry!$C$45="","",[2]Entry!$C$45) | K42: =IF([2]Entry!$D$45="","",[2]Entry!$D$45) | L42: =IF([2]Entry!$E$45="","",[2]Entry!$E$45) | M42: =IF([2]Entry!$G$45="","",[2]Entry!$G$45) | N42: =IF([2]Entry!$M$45="","",[2]Entry!$M$45) | O42: =IF([2]Entry!$N$45="","",[2]Entry!$N$45) | P42: =IF([2]Entry!$R$45="","",[2]Entry!$R$45)
A43: =IF([1]Accounts!$D$44="","",[1]Accounts!$A$44) -> C038 | B43: =IF([1]Accounts!$D$44="","",[1]Accounts!$B$44) -> فروشنده | C43: =IF([1]Accounts!$D$44="","",[1]Accounts!$C$44) -> 0 | D43: =IF([1]Accounts!$D$44="","",[1]Accounts!$D$44) -> مهدی ولیپور | E43: =IF([1]Accounts!$D$44="","",[1]Accounts!$J$44) -> 0 | F43: =IF([1]Accounts!$D$44="","",[1]Accounts!$K$44) -> 0 | J43: =IF([2]Entry!$C$46="","",[2]Entry!$C$46) | K43: =IF([2]Entry!$D$46="","",[2]Entry!$D$46) | L43: =IF([2]Entry!$E$46="","",[2]Entry!$E$46) | M43: =IF([2]Entry!$G$46="","",[2]Entry!$G$46) | N43: =IF([2]Entry!$M$46="","",[2]Entry!$M$46) | O43: =IF([2]Entry!$N$46="","",[2]Entry!$N$46) | P43: =IF([2]Entry!$R$46="","",[2]Entry!$R$46)
A44: =IF([1]Accounts!$D$45="","",[1]Accounts!$A$45) -> C039 | B44: =IF([1]Accounts!$D$45="","",[1]Accounts!$B$45) -> فروشنده | C44: =IF([1]Accounts!$D$45="","",[1]Accounts!$C$45) -> 0 | D44: =IF([1]Accounts!$D$45="","",[1]Accounts!$D$45) -> رمضان علی محمدیان | E44: =IF([1]Accounts!$D$45="","",[1]Accounts!$J$45) -> 0 | F44: =IF([1]Accounts!$D$45="","",[1]Accounts!$K$45) -> 0 | J44: =IF([2]Entry!$C$47="","",[2]Entry!$C$47) | K44: =IF([2]Entry!$D$47="","",[2]Entry!$D$47) | L44: =IF([2]Entry!$E$47="","",[2]Entry!$E$47) | M44: =IF([2]Entry!$G$47="","",[2]Entry!$G$47) | N44: =IF([2]Entry!$M$47="","",[2]Entry!$M$47) | O44: =IF([2]Entry!$N$47="","",[2]Entry!$N$47) | P44: =IF([2]Entry!$R$47="","",[2]Entry!$R$47)
A45: =IF([1]Accounts!$D$46="","",[1]Accounts!$A$46) -> C040 | B45: =IF([1]Accounts!$D$46="","",[1]Accounts!$B$46) -> فروشنده | C45: =IF([1]Accounts!$D$46="","",[1]Accounts!$C$46) -> 0 | D45: =IF([1]Accounts!$D$46="","",[1]Accounts!$D$46) -> محمود آهنگر | E45: =IF([1]Accounts!$D$46="","",[1]Accounts!$J$46) -> 0 | F45: =IF([1]Accounts!$D$46="","",[1]Accounts!$K$46) -> 0 | J45: =IF([2]Entry!$C$48="","",[2]Entry!$C$48) | K45: =IF([2]Entry!$D$48="","",[2]Entry!$D$48) | L45: =IF([2]Entry!$E$48="","",[2]Entry!$E$48) | M45: =IF([2]Entry!$G$48="","",[2]Entry!$G$48) | N45: =IF([2]Entry!$M$48="","",[2]Entry!$M$48) | O45: =IF([2]Entry!$N$48="","",[2]Entry!$N$48) | P45: =IF([2]Entry!$R$48="","",[2]Entry!$R$48)
A46: =IF([1]Accounts!$D$47="","",[1]Accounts!$A$47) -> C041 | B46: =IF([1]Accounts!$D$47="","",[1]Accounts!$B$47) -> فروشنده | C46: =IF([1]Accounts!$D$47="","",[1]Accounts!$C$47) -> 0 | D46: =IF([1]Accounts!$D$47="","",[1]Accounts!$D$47) -> محمد حسین عزیزی | E46: =IF([1]Accounts!$D$47="","",[1]Accounts!$J$47) -> 0 | F46: =IF([1]Accounts!$D$47="","",[1]Accounts!$K$47) -> 0 | J46: =IF([2]Entry!$C$49="","",[2]Entry!$C$49) | K46: =IF([2]Entry!$D$49="","",[2]Entry!$D$49) | L46: =IF([2]Entry!$E$49="","",[2]Entry!$E$49) | M46: =IF([2]Entry!$G$49="","",[2]Entry!$G$49) | N46: =IF([2]Entry!$M$49="","",[2]Entry!$M$49) | O46: =IF([2]Entry!$N$49="","",[2]Entry!$N$49) | P46: =IF([2]Entry!$R$49="","",[2]Entry!$R$49)
A47: =IF([1]Accounts!$D$48="","",[1]Accounts!$A$48) -> C042 | B47: =IF([1]Accounts!$D$48="","",[1]Accounts!$B$48) -> فروشنده | C47: =IF([1]Accounts!$D$48="","",[1]Accounts!$C$48) -> 0 | D47: =IF([1]Accounts!$D$48="","",[1]Accounts!$D$48) -> مغداد طلایی | E47: =IF([1]Accounts!$D$48="","",[1]Accounts!$J$48) -> 0 | F47: =IF([1]Accounts!$D$48="","",[1]Accounts!$K$48) -> 0 | J47: =IF([2]Entry!$C$50="","",[2]Entry!$C$50) | K47: =IF([2]Entry!$D$50="","",[2]Entry!$D$50) | L47: =IF([2]Entry!$E$50="","",[2]Entry!$E$50) | M47: =IF([2]Entry!$G$50="","",[2]Entry!$G$50) | N47: =IF([2]Entry!$M$50="","",[2]Entry!$M$50) | O47: =IF([2]Entry!$N$50="","",[2]Entry!$N$50) | P47: =IF([2]Entry!$R$50="","",[2]Entry!$R$50)
A48: =IF([1]Accounts!$D$49="","",[1]Accounts!$A$49) -> C043 | B48: =IF([1]Accounts!$D$49="","",[1]Accounts!$B$49) -> فروشنده | C48: =IF([1]Accounts!$D$49="","",[1]Accounts!$C$49) -> 0 | D48: =IF([1]Accounts!$D$49="","",[1]Accounts!$D$49) -> سید عبدالله میراقازاده | E48: =IF([1]Accounts!$D$49="","",[1]Accounts!$J$49) -> 0 | F48: =IF([1]Accounts!$D$49="","",[1]Accounts!$K$49) -> 0 | J48: =IF([2]Entry!$C$51="","",[2]Entry!$C$51) | K48: =IF([2]Entry!$D$51="","",[2]Entry!$D$51) | L48: =IF([2]Entry!$E$51="","",[2]Entry!$E$51) | M48: =IF([2]Entry!$G$51="","",[2]Entry!$G$51) | N48: =IF([2]Entry!$M$51="","",[2]Entry!$M$51) | O48: =IF([2]Entry!$N$51="","",[2]Entry!$N$51) | P48: =IF([2]Entry!$R$51="","",[2]Entry!$R$51)
A49: =IF([1]Accounts!$D$50="","",[1]Accounts!$A$50) -> C044 | B49: =IF([1]Accounts!$D$50="","",[1]Accounts!$B$50) -> فروشنده | C49: =IF([1]Accounts!$D$50="","",[1]Accounts!$C$50) -> 0 | D49: =IF([1]Accounts!$D$50="","",[1]Accounts!$D$50) -> رجب پور | E49: =IF([1]Accounts!$D$50="","",[1]Accounts!$J$50) -> 0 | F49: =IF([1]Accounts!$D$50="","",[1]Accounts!$K$50) -> 0 | J49: =IF([2]Entry!$C$52="","",[2]Entry!$C$52) | K49: =IF([2]Entry!$D$52="","",[2]Entry!$D$52) | L49: =IF([2]Entry!$E$52="","",[2]Entry!$E$52) | M49: =IF([2]Entry!$G$52="","",[2]Entry!$G$52) | N49: =IF([2]Entry!$M$52="","",[2]Entry!$M$52) | O49: =IF([2]Entry!$N$52="","",[2]Entry!$N$52) | P49: =IF([2]Entry!$R$52="","",[2]Entry!$R$52)
A50: =IF([1]Accounts!$D$51="","",[1]Accounts!$A$51) -> C045 | B50: =IF([1]Accounts!$D$51="","",[1]Accounts!$B$51) -> فروشنده | C50: =IF([1]Accounts!$D$51="","",[1]Accounts!$C$51) -> 0 | D50: =IF([1]Accounts!$D$51="","",[1]Accounts!$D$51) -> سعید بابایی | E50: =IF([1]Accounts!$D$51="","",[1]Accounts!$J$51) -> 0 | F50: =IF([1]Accounts!$D$51="","",[1]Accounts!$K$51) -> 0 | J50: =IF([2]Entry!$C$53="","",[2]Entry!$C$53) | K50: =IF([2]Entry!$D$53="","",[2]Entry!$D$53) | L50: =IF([2]Entry!$E$53="","",[2]Entry!$E$53) | M50: =IF([2]Entry!$G$53="","",[2]Entry!$G$53) | N50: =IF([2]Entry!$M$53="","",[2]Entry!$M$53) | O50: =IF([2]Entry!$N$53="","",[2]Entry!$N$53) | P50: =IF([2]Entry!$R$53="","",[2]Entry!$R$53)
