Workbook
Name WGTbl: Sync!$A$6:$C$35
Name StaffTblE: Sync!$E$6:$I$55
Name StaffGrpE: Sync!$F$6:$F$55
Name AcctTblE: Sync!$K$6:$N$565
Name PkStaffE: Sync!$AC$6:$AC$55
Name NStaffE: Sync!$AB$55
Name ListStaffEmp: OFFSET(Sync!$AC$6,0,0,MAX(COUNTIF(Sync!$AC$6:$AC$55,"?*"),1),1)
Name ListWGEmp: OFFSET(Sync!$AG$6,0,0,MAX(COUNTIF(Sync!$AG$6:$AG$35,"?*"),1),1)
Name WageKind: Wages!$C$9:$C$2008
Name WageIds: Wages!$D$9:$D$2008
Name WageParty: Wages!$E$9:$E$2008
Name WageDates: Wages!$B$9:$B$2008
Name ShareLink: Shares!$B$9:$B$2008
Name ShareMember: Shares!$C$9:$C$2008
Name ShareAmt: Shares!$E$9:$E$2008
Name LdAParty: Ledger!$A$6:$A$2005
Name LdAType: Ledger!$B$6:$B$2005
Name LdADate: Ledger!$F$6:$F$2005
Name LdAKey: Ledger!$G$6:$G$2005
Name LdAKeyM: Ledger!$I$6:$I$2005
Name LdAKeyG: Ledger!$K$6:$K$2005
Name LdAAmt: Ledger!$L$6:$L$2005
Name LdANote: Ledger!$M$6:$M$2005
Name LdAId: Ledger!$N$6:$N$2005
Name LdBMember: Ledger!$P$6:$P$2005
Name LdBId: Ledger!$Q$6:$Q$2005
Name LdBGroup: Ledger!$R$6:$R$2005
Name LdBDate: Ledger!$S$6:$S$2005
Name LdBKey: Ledger!$T$6:$T$2005
Name LdBKeyM: Ledger!$V$6:$V$2005
Name LdBKeyG: Ledger!$X$6:$X$2005
Name LdBAmt: Ledger!$Y$6:$Y$2005
Name LdBNote: Ledger!$Z$6:$Z$2005
Name LdCParty: Ledger!$AE$6:$AE$2005
Name LdCDate: Ledger!$AI$6:$AI$2005
Name LdCBank: Ledger!$AP$6:$AP$2005
Name LdCDep: Ledger!$AN$6:$AN$2005
Name LdCWit: Ledger!$AO$6:$AO$2005
Name LdCNote: Ledger!$AQ$6:$AQ$2005
Name LdCKey: Ledger!$AK$6:$AK$2005
Name LdCKeyM: Ledger!$AM$6:$AM$2005

Sheet Wages
A1: =IF(Sync!$AI$6="","مازندشت",Sync!$AI$6)&" — "&IF(Sync!$AI$9="","سورتینگ و بسته‌بندی مرکبات",Sync!$AI$9)
A2: =IF(Sync!$AI$7="","باغدشت، بخش مرکزی، شهرستان قائم‌شهر، استان مازندران، ایران",Sync!$AI$7)&" | MAZANDASHT · CITRUS SORTING & PACKING"
A3: دفتر دستمزد — ثبت حقوق، مساعده و دستمزد گروهی (تنها محل ثبت دستمزد)
A4: ستون‌های زرد = ورود دستی. «نوع» را انتخاب کنید: دستمزد فردی ← کد کارمند (E…) | دستمزد گروهی ← کد گروه کاری (WG…)؛ سپس «شناسه» یکتا بنویسید (مثل W-201). برای ردیف گروهی، سهم هر عضو را در شیت Shares با همین شناسه وارد کنید — ستون «جمع ریز» و «وضعیت» کنترل می‌کنند که جمع سهم‌ها با مبلغ کل برابر شود (√). پرداخت واقعی پول در Transactions (برداشت با کد کارمند) ثبت می‌شود و در گزارش همین فایل می‌آید.
A5: تعداد رویداد دستمزد | C5: جمع مبالغ (ریال) | E5: جمع ریز گروه‌ها (ریال) | G5: ظرفیت باقی‌مانده | I5: رویدادهای مغایرت
A6: =COUNTA($B$9:$B$2008) | C6: =SUM($G$9:$G$2008) | E6: =SUM($H$9:$H$2008) | G6: =2000-COUNTA($B$9:$B$2008) | I6: =COUNTIF($I$9:$I$2008,"▲*")
A7: ردیف | B7: تاریخ | C7: نوع دستمزد | D7: شناسه | E7: کد طرف | F7: نام / گروه (خودکار) | G7: مبلغ کل (ریال) | H7: جمع ریز سهم‌ها (خودکار) | I7: وضعیت (خودکار) | J7: توضیحات
A8: No. | B8: Date | C8: Kind | D8: Doc ID | E8: Party Code | F8: Name (auto) | G8: Total Amount | H8: Shares Sum (auto) | I8: Status (auto) | J8: Notes
A9: =IF($B9="","",COUNTA($B$9:$B9)) | F9: =IF($E9="","",IF($C9="دستمزد گروهی",IFERROR(VLOOKUP($E9,WGTbl,2,0),"کد ناشناخته"),IFERROR(IF(VLOOKUP($E9,AcctTblE,4,0)="","(بدون نام)",VLOOKUP($E9,AcctTblE,4,0)),"کد ناشناخته"))) | H9: =IF(OR($C9<>"دستمزد گروهی",$D9=""),"",SUMIFS(ShareAmt,ShareLink,$D9)) | I9: =IF($C9<>"دستمزد گروهی","—",IF($H9="","",IF(ROUND($H9-IF($G9="",0,$G9),0)=0,"√","▲ مغایرت "&TEXT(IF($G9="",0,$G9)-$H9,"#,##0"))))
A10: =IF($B10="","",COUNTA($B$9:$B10)) | F10: =IF($E10="","",IF($C10="دستمزد گروهی",IFERROR(VLOOKUP($E10,WGTbl,2,0),"کد ناشناخته"),IFERROR(IF(VLOOKUP($E10,AcctTblE,4,0)="","(بدون نام)",VLOOKUP($E10,AcctTblE,4,0)),"کد ناشناخته"))) | H10: =IF(OR($C10<>"دستمزد گروهی",$D10=""),"",SUMIFS(ShareAmt,ShareLink,$D10)) | I10: =IF($C10<>"دستمزد گروهی","—",IF($H10="","",IF(ROUND($H10-IF($G10="",0,$G10),0)=0,"√","▲ مغایرت "&TEXT(IF($G10="",0,$G10)-$H10,"#,##0"))))
A11: =IF($B11="","",COUNTA($B$9:$B11)) | F11: =IF($E11="","",IF($C11="دستمزد گروهی",IFERROR(VLOOKUP($E11,WGTbl,2,0),"کد ناشناخته"),IFERROR(IF(VLOOKUP($E11,AcctTblE,4,0)="","(بدون نام)",VLOOKUP($E11,AcctTblE,4,0)),"کد ناشناخته"))) | H11: =IF(OR($C11<>"دستمزد گروهی",$D11=""),"",SUMIFS(ShareAmt,ShareLink,$D11)) | I11: =IF($C11<>"دستمزد گروهی","—",IF($H11="","",IF(ROUND($H11-IF($G11="",0,$G11),0)=0,"√","▲ مغایرت "&TEXT(IF($G11="",0,$G11)-$H11,"#,##0"))))
A12: =IF($B12="","",COUNTA($B$9:$B12)) | F12: =IF($E12="","",IF($C12="دستمزد گروهی",IFERROR(VLOOKUP($E12,WGTbl,2,0),"کد ناشناخته"),IFERROR(IF(VLOOKUP($E12,AcctTblE,4,0)="","(بدون نام)",VLOOKUP($E12,AcctTblE,4,0)),"کد ناشناخته"))) | H12: =IF(OR($C12<>"دستمزد گروهی",$D12=""),"",SUMIFS(ShareAmt,ShareLink,$D12)) | I12: =IF($C12<>"دستمزد گروهی","—",IF($H12="","",IF(ROUND($H12-IF($G12="",0,$G12),0)=0,"√","▲ مغایرت "&TEXT(IF($G12="",0,$G12)-$H12,"#,##0"))))
A13: =IF($B13="","",COUNTA($B$9:$B13)) | F13: =IF($E13="","",IF($C13="دستمزد گروهی",IFERROR(VLOOKUP($E13,WGTbl,2,0),"کد ناشناخته"),IFERROR(IF(VLOOKUP($E13,AcctTblE,4,0)="","(بدون نام)",VLOOKUP($E13,AcctTblE,4,0)),"کد ناشناخته"))) | H13: =IF(OR($C13<>"دستمزد گروهی",$D13=""),"",SUMIFS(ShareAmt,ShareLink,$D13)) | I13: =IF($C13<>"دستمزد گروهی","—",IF($H13="","",IF(ROUND($H13-IF($G13="",0,$G13),0)=0,"√","▲ مغایرت "&TEXT(IF($G13="",0,$G13)-$H13,"#,##0"))))
A14: =IF($B14="","",COUNTA($B$9:$B14)) | F14: =IF($E14="","",IF($C14="دستمزد گروهی",IFERROR(VLOOKUP($E14,WGTbl,2,0),"کد ناشناخته"),IFERROR(IF(VLOOKUP($E14,AcctTblE,4,0)="","(بدون نام)",VLOOKUP($E14,AcctTblE,4,0)),"کد ناشناخته"))) | H14: =IF(OR($C14<>"دستمزد گروهی",$D14=""),"",SUMIFS(ShareAmt,ShareLink,$D14)) | I14: =IF($C14<>"دستمزد گروهی","—",IF($H14="","",IF(ROUND($H14-IF($G14="",0,$G14),0)=0,"√","▲ مغایرت "&TEXT(IF($G14="",0,$G14)-$H14,"#,##0"))))
A15: =IF($B15="","",COUNTA($B$9:$B15)) | F15: =IF($E15="","",IF($C15="دستمزد گروهی",IFERROR(VLOOKUP($E15,WGTbl,2,0),"کد ناشناخته"),IFERROR(IF(VLOOKUP($E15,AcctTblE,4,0)="","(بدون نام)",VLOOKUP($E15,AcctTblE,4,0)),"کد ناشناخته"))) | H15: =IF(OR($C15<>"دستمزد گروهی",$D15=""),"",SUMIFS(ShareAmt,ShareLink,$D15)) | I15: =IF($C15<>"دستمزد گروهی","—",IF($H15="","",IF(ROUND($H15-IF($G15="",0,$G15),0)=0,"√","▲ مغایرت "&TEXT(IF($G15="",0,$G15)-$H15,"#,##0"))))
A16: =IF($B16="","",COUNTA($B$9:$B16)) | F16: =IF($E16="","",IF($C16="دستمزد گروهی",IFERROR(VLOOKUP($E16,WGTbl,2,0),"کد ناشناخته"),IFERROR(IF(VLOOKUP($E16,AcctTblE,4,0)="","(بدون نام)",VLOOKUP($E16,AcctTblE,4,0)),"کد ناشناخته"))) | H16: =IF(OR($C16<>"دستمزد گروهی",$D16=""),"",SUMIFS(ShareAmt,ShareLink,$D16)) | I16: =IF($C16<>"دستمزد گروهی","—",IF($H16="","",IF(ROUND($H16-IF($G16="",0,$G16),0)=0,"√","▲ مغایرت "&TEXT(IF($G16="",0,$G16)-$H16,"#,##0"))))
A17: =IF($B17="","",COUNTA($B$9:$B17)) | F17: =IF($E17="","",IF($C17="دستمزد گروهی",IFERROR(VLOOKUP($E17,WGTbl,2,0),"کد ناشناخته"),IFERROR(IF(VLOOKUP($E17,AcctTblE,4,0)="","(بدون نام)",VLOOKUP($E17,AcctTblE,4,0)),"کد ناشناخته"))) | H17: =IF(OR($C17<>"دستمزد گروهی",$D17=""),"",SUMIFS(ShareAmt,ShareLink,$D17)) | I17: =IF($C17<>"دستمزد گروهی","—",IF($H17="","",IF(ROUND($H17-IF($G17="",0,$G17),0)=0,"√","▲ مغایرت "&TEXT(IF($G17="",0,$G17)-$H17,"#,##0"))))
A18: =IF($B18="","",COUNTA($B$9:$B18)) | F18: =IF($E18="","",IF($C18="دستمزد گروهی",IFERROR(VLOOKUP($E18,WGTbl,2,0),"کد ناشناخته"),IFERROR(IF(VLOOKUP($E18,AcctTblE,4,0)="","(بدون نام)",VLOOKUP($E18,AcctTblE,4,0)),"کد ناشناخته"))) | H18: =IF(OR($C18<>"دستمزد گروهی",$D18=""),"",SUMIFS(ShareAmt,ShareLink,$D18)) | I18: =IF($C18<>"دستمزد گروهی","—",IF($H18="","",IF(ROUND($H18-IF($G18="",0,$G18),0)=0,"√","▲ مغایرت "&TEXT(IF($G18="",0,$G18)-$H18,"#,##0"))))
A19: =IF($B19="","",COUNTA($B$9:$B19)) | F19: =IF($E19="","",IF($C19="دستمزد گروهی",IFERROR(VLOOKUP($E19,WGTbl,2,0),"کد ناشناخته"),IFERROR(IF(VLOOKUP($E19,AcctTblE,4,0)="","(بدون نام)",VLOOKUP($E19,AcctTblE,4,0)),"کد ناشناخته"))) | H19: =IF(OR($C19<>"دستمزد گروهی",$D19=""),"",SUMIFS(ShareAmt,ShareLink,$D19)) | I19: =IF($C19<>"دستمزد گروهی","—",IF($H19="","",IF(ROUND($H19-IF($G19="",0,$G19),0)=0,"√","▲ مغایرت "&TEXT(IF($G19="",0,$G19)-$H19,"#,##0"))))
A20: =IF($B20="","",COUNTA($B$9:$B20)) | F20: =IF($E20="","",IF($C20="دستمزد گروهی",IFERROR(VLOOKUP($E20,WGTbl,2,0),"کد ناشناخته"),IFERROR(IF(VLOOKUP($E20,AcctTblE,4,0)="","(بدون نام)",VLOOKUP($E20,AcctTblE,4,0)),"کد ناشناخته"))) | H20: =IF(OR($C20<>"دستمزد گروهی",$D20=""),"",SUMIFS(ShareAmt,ShareLink,$D20)) | I20: =IF($C20<>"دستمزد گروهی","—",IF($H20="","",IF(ROUND($H20-IF($G20="",0,$G20),0)=0,"√","▲ مغایرت "&TEXT(IF($G20="",0,$G20)-$H20,"#,##0"))))
... A2008: =IF($B2008="","",COUNTA($B$9:$B2008)) | F2008: =IF($E2008="","",IF($C2008="دستمزد گروهی",IFERROR(VLOOKUP($E2008,WGTbl,2,0),"کد ناشناخته"),IFERROR(IF(VLOOKUP($E2008,AcctTblE,4,0)="","(بدون نام)",VLOOKUP($E2008,AcctTblE,4,0)),"کد ناشناخته"))) | H2008: =IF(OR($C2008<>"دستمزد گروهی",$D2008=""),"",SUMIFS(ShareAmt,ShareLink,$D2008)) | I2008: =IF($C2008<>"دستمزد گروهی","—",IF($H2008="","",IF(ROUND($H2008-IF($G2008="",0,$G2008),0)=0,"√","▲ مغایرت "&TEXT(IF($G2008="",0,$G2008)-$H2008,"#,##0"))))

Sheet Shares
A1: =IF(Sync!$AI$6="","مازندشت",Sync!$AI$6)&" — "&IF(Sync!$AI$9="","سورتینگ و بسته‌بندی مرکبات",Sync!$AI$9)
A2: =IF(Sync!$AI$7="","باغدشت، بخش مرکزی، شهرستان قائم‌شهر، استان مازندران، ایران",Sync!$AI$7)&" | MAZANDASHT · CITRUS SORTING & PACKING"
A3: ریز دستمزد گروهی — سهم هر عضو از هر رویداد گروهی
A4: برای هر رویداد «دستمزد گروهی» شیت Wages، اینجا به‌ازای هر عضو یک ردیف بنویسید: همان «شناسه» + کد کارمند + مبلغ سهم. تاریخ و گروه خودکار از رویداد می‌آیند. جمع سهم‌های هر شناسه باید با مبلغ کل رویداد برابر شود (وضعیت در شیت Wages).
A5: تعداد ردیف سهم | C5: جمع سهم‌ها (ریال) | E5: بزرگ‌ترین سهم (ریال) | G5: ظرفیت باقی‌مانده
A6: =COUNTA($B$9:$B$2008) | C6: =SUM($E$9:$E$2008) | E6: =IF(COUNT($E$9:$E$2008)=0,"—",MAX($E$9:$E$2008)) | G6: =2000-COUNTA($B$9:$B$2008)
A7: ردیف | B7: شناسه رویداد | C7: کد عضو | D7: نام عضو (خودکار) | E7: مبلغ سهم (ریال) | F7: توضیحات
A8: No. | B8: Event ID | C8: Member | D8: Member Name (auto) | E8: Share Amount | F8: Notes
A9: =IF($B9="","",COUNTA($B$9:$B9)) | B9: W-201 | C9: E005 | D9: =IF($C9="","",IFERROR(IF(VLOOKUP($C9,AcctTblE,4,0)="","(بدون نام)",VLOOKUP($C9,AcctTblE,4,0)),"کد ناشناخته")) | E9: 11000000 | F9: =IF($B9="","",IFERROR(INDEX(WageDates,MATCH($B9,WageIds,0)),"—")) | G9: =IF($B9="","",IFERROR(VLOOKUP(INDEX(WageParty,MATCH($B9,WageIds,0)),WGTbl,2,0),"—")) | H9: سهم سرپرست
A10: =IF($B10="","",COUNTA($B$9:$B10)) | B10: W-201 | C10: E006 | D10: =IF($C10="","",IFERROR(IF(VLOOKUP($C10,AcctTblE,4,0)="","(بدون نام)",VLOOKUP($C10,AcctTblE,4,0)),"کد ناشناخته")) | E10: 9000000 | F10: =IF($B10="","",IFERROR(INDEX(WageDates,MATCH($B10,WageIds,0)),"—")) | G10: =IF($B10="","",IFERROR(VLOOKUP(INDEX(WageParty,MATCH($B10,WageIds,0)),WGTbl,2,0),"—"))
A11: =IF($B11="","",COUNTA($B$9:$B11)) | B11: W-202 | C11: E005 | D11: =IF($C11="","",IFERROR(IF(VLOOKUP($C11,AcctTblE,4,0)="","(بدون نام)",VLOOKUP($C11,AcctTblE,4,0)),"کد ناشناخته")) | E11: 10000000 | F11: =IF($B11="","",IFERROR(INDEX(WageDates,MATCH($B11,WageIds,0)),"—")) | G11: =IF($B11="","",IFERROR(VLOOKUP(INDEX(WageParty,MATCH($B11,WageIds,0)),WGTbl,2,0),"—"))
A12: =IF($B12="","",COUNTA($B$9:$B12)) | B12: W-202 | C12: E006 | D12: =IF($C12="","",IFERROR(IF(VLOOKUP($C12,AcctTblE,4,0)="","(بدون نام)",VLOOKUP($C12,AcctTblE,4,0)),"کد ناشناخته")) | E12: 8000000 | F12: =IF($B12="","",IFERROR(INDEX(WageDates,MATCH($B12,WageIds,0)),"—")) | G12: =IF($B12="","",IFERROR(VLOOKUP(INDEX(WageParty,MATCH($B12,WageIds,0)),WGTbl,2,0),"—"))
A13: =IF($B13="","",COUNTA($B$9:$B13)) | D13: =IF($C13="","",IFERROR(IF(VLOOKUP($C13,AcctTblE,4,0)="","(بدون نام)",VLOOKUP($C13,AcctTblE,4,0)),"کد ناشناخته")) | F13: =IF($B13="","",IFERROR(INDEX(WageDates,MATCH($B13,WageIds,0)),"—")) | G13: =IF($B13="","",IFERROR(VLOOKUP(INDEX(WageParty,MATCH($B13,WageIds,0)),WGTbl,2,0),"—"))
A14: =IF($B14="","",COUNTA($B$9:$B14)) | D14: =IF($C14="","",IFERROR(IF(VLOOKUP($C14,AcctTblE,4,0)="","(بدون نام)",VLOOKUP($C14,AcctTblE,4,0)),"کد ناشناخته")) | F14: =IF($B14="","",IFERROR(INDEX(WageDates,MATCH($B14,WageIds,0)),"—")) | G14: =IF($B14="","",IFERROR(VLOOKUP(INDEX(WageParty,MATCH($B14,WageIds,0)),WGTbl,2,0),"—"))
A15: =IF($B15="","",COUNTA($B$9:$B15)) | D15: =IF($C15="","",IFERROR(IF(VLOOKUP($C15,AcctTblE,4,0)="","(بدون نام)",VLOOKUP($C15,AcctTblE,4,0)),"کد ناشناخته")) | F15: =IF($B15="","",IFERROR(INDEX(WageDates,MATCH($B15,WageIds,0)),"—")) | G15: =IF($B15="","",IFERROR(VLOOKUP(INDEX(WageParty,MATCH($B15,WageIds,0)),WGTbl,2,0),"—"))
A16: =IF($B16="","",COUNTA($B$9:$B16)) | D16: =IF($C16="","",IFERROR(IF(VLOOKUP($C16,AcctTblE,4,0)="","(بدون نام)",VLOOKUP($C16,AcctTblE,4,0)),"کد ناشناخته")) | F16: =IF($B16="","",IFERROR(INDEX(WageDates,MATCH($B16,WageIds,0)),"—")) | G16: =IF($B16="","",IFERROR(VLOOKUP(INDEX(WageParty,MATCH($B16,WageIds,0)),WGTbl,2,0),"—"))
A17: =IF($B17="","",COUNTA($B$9:$B17)) | D17: =IF($C17="","",IFERROR(IF(VLOOKUP($C17,AcctTblE,4,0)="","(بدون نام)",VLOOKUP($C17,AcctTblE,4,0)),"کد ناشناخته")) | F17: =IF($B17="","",IFERROR(INDEX(WageDates,MATCH($B17,WageIds,0)),"—")) | G17: =IF($B17="","",IFERROR(VLOOKUP(INDEX(WageParty,MATCH($B17,WageIds,0)),WGTbl,2,0),"—"))
A18: =IF($B18="","",COUNTA($B$9:$B18)) | D18: =IF($C18="","",IFERROR(IF(VLOOKUP($C18,AcctTblE,4,0)="","(بدون نام)",VLOOKUP($C18,AcctTblE,4,0)),"کد ناشناخته")) | F18: =IF($B18="","",IFERROR(INDEX(WageDates,MATCH($B18,WageIds,0)),"—")) | G18: =IF($B18="","",IFERROR(VLOOKUP(INDEX(WageParty,MATCH($B18,WageIds,0)),WGTbl,2,0),"—"))
A19: =IF($B19="","",COUNTA($B$9:$B19)) | D19: =IF($C19="","",IFERROR(IF(VLOOKUP($C19,AcctTblE,4,0)="","(بدون نام)",VLOOKUP($C19,AcctTblE,4,0)),"کد ناشناخته")) | F19: =IF($B19="","",IFERROR(INDEX(WageDates,MATCH($B19,WageIds,0)),"—")) | G19: =IF($B19="","",IFERROR(VLOOKUP(INDEX(WageParty,MATCH($B19,WageIds,0)),WGTbl,2,0),"—"))
A20: =IF($B20="","",COUNTA($B$9:$B20)) | D20: =IF($C20="","",IFERROR(IF(VLOOKUP($C20,AcctTblE,4,0)="","(بدون نام)",VLOOKUP($C20,AcctTblE,4,0)),"کد ناشناخته")) | F20: =IF($B20="","",IFERROR(INDEX(WageDates,MATCH($B20,WageIds,0)),"—")) | G20: =IF($B20="","",IFERROR(VLOOKUP(INDEX(WageParty,MATCH($B20,WageIds,0)),WGTbl,2,0),"—"))
A21: =IF($B21="","",COUNTA($B$9:$B21)) | D21: =IF($C21="","",IFERROR(IF(VLOOKUP($C21,AcctTblE,4,0)="","(بدون نام)",VLOOKUP($C21,AcctTblE,4,0)),"کد ناشناخته")) | F21: =IF($B21="","",IFERROR(INDEX(WageDates,MATCH($B21,WageIds,0)),"—")) | G21: =IF($B21="","",IFERROR(VLOOKUP(INDEX(WageParty,MATCH($B21,WageIds,0)),WGTbl,2,0),"—"))
A22: =IF($B22="","",COUNTA($B$9:$B22)) | D22: =IF($C22="","",IFERROR(IF(VLOOKUP($C22,AcctTblE,4,0)="","(بدون نام)",VLOOKUP($C22,AcctTblE,4,0)),"کد ناشناخته")) | F22: =IF($B22="","",IFERROR(INDEX(WageDates,MATCH($B22,WageIds,0)),"—")) | G22: =IF($B22="","",IFERROR(VLOOKUP(INDEX(WageParty,MATCH($B22,WageIds,0)),WGTbl,2,0),"—"))
A23: =IF($B23="","",COUNTA($B$9:$B23)) | D23: =IF($C23="","",IFERROR(IF(VLOOKUP($C23,AcctTblE,4,0)="","(بدون نام)",VLOOKUP($C23,AcctTblE,4,0)),"کد ناشناخته")) | F23: =IF($B23="","",IFERROR(INDEX(WageDates,MATCH($B23,WageIds,0)),"—")) | G23: =IF($B23="","",IFERROR(VLOOKUP(INDEX(WageParty,MATCH($B23,WageIds,0)),WGTbl,2,0),"—"))
A24: =IF($B24="","",COUNTA($B$9:$B24)) | D24: =IF($C24="","",IFERROR(IF(VLOOKUP($C24,AcctTblE,4,0)="","(بدون نام)",VLOOKUP($C24,AcctTblE,4,0)),"کد ناشناخته")) | F24: =IF($B24="","",IFERROR(INDEX(WageDates,MATCH($B24,WageIds,0)),"—")) | G24: =IF($B24="","",IFERROR(VLOOKUP(INDEX(WageParty,MATCH($B24,WageIds,0)),WGTbl,2,0),"—"))
... A2008: =IF($B2008="","",COUNTA($B$9:$B2008)) | D2008: =IF($C2008="","",IFERROR(IF(VLOOKUP($C2008,AcctTblE,4,0)="","(بدون نام)",VLOOKUP($C2008,AcctTblE,4,0)),"کد ناشناخته")) | F2008: =IF($B2008="","",IFERROR(INDEX(WageDates,MATCH($B2008,WageIds,0)),"—")) | G2008: =IF($B2008="","",IFERROR(VLOOKUP(INDEX(WageParty,MATCH($B2008,WageIds,0)),WGTbl,2,0),"—"))

Sheet Report
A1: =IF(Sync!$AI$6="","مازندشت",Sync!$AI$6)&" — "&IF(Sync!$AI$9="","سورتینگ و بسته‌بندی مرکبات",Sync!$AI$9)
A2: =IF(Sync!$AI$7="","باغدشت، بخش مرکزی، شهرستان قائم‌شهر، استان مازندران، ایران",Sync!$AI$7)&" | MAZANDASHT · CITRUS SORTING & PACKING"
A3: ="صورت دستمزد — "&IFERROR(IF(VLOOKUP($C$5,AcctTblE,4,0)="","(بدون نام)",VLOOKUP($C$5,AcctTblE,4,0)),"کد را وارد کنید")
A5: کد کارمند (ورود دستی): | C5: E002 | E5: کد را از INFO (شیت Accounts — حساب‌های E…) وارد کنید. برای نفر دیگر، همین شیت را کپی و کد را عوض کنید.
A6: نام: | C6: =IFERROR(IF(VLOOKUP($C$5,AcctTblE,4,0)="","(بدون نام)",VLOOKUP($C$5,AcctTblE,4,0)),"—")
A7: ماهیت / زیرمجموعه: | C7: =IFERROR(IF(VLOOKUP($C$5,AcctTblE,3,0)="",IF(VLOOKUP($C$5,AcctTblE,2,0)="","—",VLOOKUP($C$5,AcctTblE,2,0)),VLOOKUP($C$5,AcctTblE,3,0)),"—")
A8: گروه کاری: | C8: =IFERROR(IF(VLOOKUP(IFERROR(VLOOKUP($C$5,StaffTblE,2,0),""),WGTbl,2,0)="","—",VLOOKUP(IFERROR(VLOOKUP($C$5,StaffTblE,2,0),""),WGTbl,2,0)),"—")
A9: سمت: | C9: =IFERROR(IF(VLOOKUP($C$5,StaffTblE,3,0)="","—",VLOOKUP($C$5,StaffTblE,3,0)),"—")
A10: بدهکار = دستمزد تعلق‌گرفته (فردی + سهم از گروه‌ها) و بازگشت‌ها | بستانکار = پرداخت‌های بانکی. مانده مثبت = به او بدهکاریم.
A11: جمع دستمزد تعلق‌گرفته (ریال) | C11: جمع پرداخت‌های بانکی (ریال) | E11: مانده نهایی (ریال) | G11: وضعیت
A12: =SUM($E$17:$E$2016) | C12: =SUM($F$17:$F$2016) | E12: =IFERROR(LOOKUP(9.99E+307,$G$17:$G$2016),0) | G12: =IF($E$12>0,"● بدهکار — به او بدهکاریم",IF($E$12<0,"● بستانکار — اضافه پرداخت","= تسویه"))
A13: تعداد رویداد | C13: آخرین رویداد | E13: بزرگ‌ترین ردیف (ریال) | G13: گروه کاری
A14: =COUNT($G$17:$G$2016) | C14: =IF(COUNT($G$17:$G$2016)=0,"—",INDEX($B$17:$B$2016,COUNT($G$17:$G$2016))) | E14: =IF(COUNT($E$17:$E$2016)=0,"—",MAX($E$17:$E$2016)) | G14: =IFERROR(IF(VLOOKUP(IFERROR(VLOOKUP($C$5,StaffTblE,2,0),""),WGTbl,2,0)="","—",VLOOKUP(IFERROR(VLOOKUP($C$5,StaffTblE,2,0),""),WGTbl,2,0)),"—")
A15: ردیف | B15: تاریخ | C15: نوع رویداد | D15: مرجع | E15: بدهکار — تعلق (ریال) | F15: بستانکار — پرداخت (ریال) | G15: مانده (ریال) | H15: توضیحات
A16: No. | B16: Date | C16: Type | D16: Ref | E16: Debit | F16: Credit | G16: Balance | H16: Notes
A17: 1 | B17: =IF(AND($L17="",$M17="",$N17=""),"",IF($L17<>"",INDEX(LdADate,$L17),IF($M17<>"",INDEX(LdBDate,$M17),INDEX(LdCDate,$N17)))) | C17: =IF($L17<>"","دستمزد (فردی)",IF($M17<>"","سهم از گروه "&IFERROR(VLOOKUP(INDEX(LdBGroup,$M17),WGTbl,2,0),INDEX(LdBGroup,$M17)),IF($N17<>"",IF(N(INDEX(LdCDep,$N17))>0,"بازگشت بانکی","پرداخت بانکی"),""))) | D17: =IF($L17<>"",IF(INDEX(LdAId,$L17)="","—",INDEX(LdAId,$L17)),IF($M17<>"",IF(INDEX(LdBId,$M17)="","—",INDEX(LdBId,$M17)),IF($N17<>"",IF(INDEX(LdCBank,$N17)="","—",INDEX(LdCBank,$N17)),""))) | E17: =IF($L17<>"",IF(INDEX(LdAAmt,$L17)=0,"",INDEX(LdAAmt,$L17)),IF($M17<>"",IF(INDEX(LdBAmt,$M17)=0,"",INDEX(LdBAmt,$M17)),IF($N17<>"",IF(INDEX(LdCDep,$N17)=0,"",INDEX(LdCDep,$N17)),""))) | F17: =IF(AND($L17="",$M17="",$N17=""),"",IF($N17="","",IF(INDEX(LdCWit,$N17)=0,"",INDEX(LdCWit,$N17)))) | G17: =IF($B17="","",IF($E17="",0,$E17)-IF($F17="",0,$F17)) | H17: =IF(AND($L17="",$M17="",$N17=""),"",IF($L17<>"",IF(INDEX(LdANote,$L17)="","—",INDEX(LdANote,$L17)),IF($M17<>"",IF(INDEX(LdBNote,$M17)="","—",INDEX(LdBNote,$M17)),IF($N17<>"",IF(INDEX(LdCNote,$N17)="","—",INDEX(LdCNote,$N17)),"")))) | L17: =IFERROR(MATCH($C$5&"|"&RIGHT("000000"&1,6),LdAKeyM,0),"") | M17: =IFERROR(MATCH($C$5&"|"&RIGHT("000000"&1,6),LdBKeyM,0),"") | N17: =IFERROR(MATCH($C$5&"|"&RIGHT("000000"&1,6),LdCKeyM,0),"")
A18: 2 | B18: =IF(AND($L18="",$M18="",$N18=""),"",IF($L18<>"",INDEX(LdADate,$L18),IF($M18<>"",INDEX(LdBDate,$M18),INDEX(LdCDate,$N18)))) | C18: =IF($L18<>"","دستمزد (فردی)",IF($M18<>"","سهم از گروه "&IFERROR(VLOOKUP(INDEX(LdBGroup,$M18),WGTbl,2,0),INDEX(LdBGroup,$M18)),IF($N18<>"",IF(N(INDEX(LdCDep,$N18))>0,"بازگشت بانکی","پرداخت بانکی"),""))) | D18: =IF($L18<>"",IF(INDEX(LdAId,$L18)="","—",INDEX(LdAId,$L18)),IF($M18<>"",IF(INDEX(LdBId,$M18)="","—",INDEX(LdBId,$M18)),IF($N18<>"",IF(INDEX(LdCBank,$N18)="","—",INDEX(LdCBank,$N18)),""))) | E18: =IF($L18<>"",IF(INDEX(LdAAmt,$L18)=0,"",INDEX(LdAAmt,$L18)),IF($M18<>"",IF(INDEX(LdBAmt,$M18)=0,"",INDEX(LdBAmt,$M18)),IF($N18<>"",IF(INDEX(LdCDep,$N18)=0,"",INDEX(LdCDep,$N18)),""))) | F18: =IF(AND($L18="",$M18="",$N18=""),"",IF($N18="","",IF(INDEX(LdCWit,$N18)=0,"",INDEX(LdCWit,$N18)))) | G18: =IF($B18="","",IF($G17="",0,$G17)+IF($E18="",0,$E18)-IF($F18="",0,$F18)) | H18: =IF(AND($L18="",$M18="",$N18=""),"",IF($L18<>"",IF(INDEX(LdANote,$L18)="","—",INDEX(LdANote,$L18)),IF($M18<>"",IF(INDEX(LdBNote,$M18)="","—",INDEX(LdBNote,$M18)),IF($N18<>"",IF(INDEX(LdCNote,$N18)="","—",INDEX(LdCNote,$N18)),"")))) | L18: =IFERROR(MATCH($C$5&"|"&RIGHT("000000"&2,6),LdAKeyM,0),"") | M18: =IFERROR(MATCH($C$5&"|"&RIGHT("000000"&2,6),LdBKeyM,0),"") | N18: =IFERROR(MATCH($C$5&"|"&RIGHT("000000"&2,6),LdCKeyM,0),"")
A19: 3 | B19: =IF(AND($L19="",$M19="",$N19=""),"",IF($L19<>"",INDEX(LdADate,$L19),IF($M19<>"",INDEX(LdBDate,$M19),INDEX(LdCDate,$N19)))) | C19: =IF($L19<>"","دستمزد (فردی)",IF($M19<>"","سهم از گروه "&IFERROR(VLOOKUP(INDEX(LdBGroup,$M19),WGTbl,2,0),INDEX(LdBGroup,$M19)),IF($N19<>"",IF(N(INDEX(LdCDep,$N19))>0,"بازگشت بانکی","پرداخت بانکی"),""))) | D19: =IF($L19<>"",IF(INDEX(LdAId,$L19)="","—",INDEX(LdAId,$L19)),IF($M19<>"",IF(INDEX(LdBId,$M19)="","—",INDEX(LdBId,$M19)),IF($N19<>"",IF(INDEX(LdCBank,$N19)="","—",INDEX(LdCBank,$N19)),""))) | E19: =IF($L19<>"",IF(INDEX(LdAAmt,$L19)=0,"",INDEX(LdAAmt,$L19)),IF($M19<>"",IF(INDEX(LdBAmt,$M19)=0,"",INDEX(LdBAmt,$M19)),IF($N19<>"",IF(INDEX(LdCDep,$N19)=0,"",INDEX(LdCDep,$N19)),""))) | F19: =IF(AND($L19="",$M19="",$N19=""),"",IF($N19="","",IF(INDEX(LdCWit,$N19)=0,"",INDEX(LdCWit,$N19)))) | G19: =IF($B19="","",IF($G18="",0,$G18)+IF($E19="",0,$E19)-IF($F19="",0,$F19)) | H19: =IF(AND($L19="",$M19="",$N19=""),"",IF($L19<>"",IF(INDEX(LdANote,$L19)="","—",INDEX(LdANote,$L19)),IF($M19<>"",IF(INDEX(LdBNote,$M19)="","—",INDEX(LdBNote,$M19)),IF($N19<>"",IF(INDEX(LdCNote,$N19)="","—",INDEX(LdCNote,$N19)),"")))) | L19: =IFERROR(MATCH($C$5&"|"&RIGHT("000000"&3,6),LdAKeyM,0),"") | M19: =IFERROR(MATCH($C$5&"|"&RIGHT("000000"&3,6),LdBKeyM,0),"") | N19: =IFERROR(MATCH($C$5&"|"&RIGHT("000000"&3,6),LdCKeyM,0),"")
A20: 4 | B20: =IF(AND($L20="",$M20="",$N20=""),"",IF($L20<>"",INDEX(LdADate,$L20),IF($M20<>"",INDEX(LdBDate,$M20),INDEX(LdCDate,$N20)))) | C20: =IF($L20<>"","دستمزد (فردی)",IF($M20<>"","سهم از گروه "&IFERROR(VLOOKUP(INDEX(LdBGroup,$M20),WGTbl,2,0),INDEX(LdBGroup,$M20)),IF($N20<>"",IF(N(INDEX(LdCDep,$N20))>0,"بازگشت بانکی","پرداخت بانکی"),""))) | D20: =IF($L20<>"",IF(INDEX(LdAId,$L20)="","—",INDEX(LdAId,$L20)),IF($M20<>"",IF(INDEX(LdBId,$M20)="","—",INDEX(LdBId,$M20)),IF($N20<>"",IF(INDEX(LdCBank,$N20)="","—",INDEX(LdCBank,$N20)),""))) | E20: =IF($L20<>"",IF(INDEX(LdAAmt,$L20)=0,"",INDEX(LdAAmt,$L20)),IF($M20<>"",IF(INDEX(LdBAmt,$M20)=0,"",INDEX(LdBAmt,$M20)),IF($N20<>"",IF(INDEX(LdCDep,$N20)=0,"",INDEX(LdCDep,$N20)),""))) | F20: =IF(AND($L20="",$M20="",$N20=""),"",IF($N20="","",IF(INDEX(LdCWit,$N20)=0,"",INDEX(LdCWit,$N20)))) | G20: =IF($B20="","",IF($G19="",0,$G19)+IF($E20="",0,$E20)-IF($F20="",0,$F20)) | H20: =IF(AND($L20="",$M20="",$N20=""),"",IF($L20<>"",IF(INDEX(LdANote,$L20)="","—",INDEX(LdANote,$L20)),IF($M20<>"",IF(INDEX(LdBNote,$M20)="","—",INDEX(LdBNote,$M20)),IF($N20<>"",IF(INDEX(LdCNote,$N20)="","—",INDEX(LdCNote,$N20)),"")))) | L20: =IFERROR(MATCH($C$5&"|"&RIGHT("000000"&4,6),LdAKeyM,0),"") | M20: =IFERROR(MATCH($C$5&"|"&RIGHT("000000"&4,6),LdBKeyM,0),"") | N20: =IFERROR(MATCH($C$5&"|"&RIGHT("000000"&4,6),LdCKeyM,0),"")
A21: 5 | B21: =IF(AND($L21="",$M21="",$N21=""),"",IF($L21<>"",INDEX(LdADate,$L21),IF($M21<>"",INDEX(LdBDate,$M21),INDEX(LdCDate,$N21)))) | C21: =IF($L21<>"","دستمزد (فردی)",IF($M21<>"","سهم از گروه "&IFERROR(VLOOKUP(INDEX(LdBGroup,$M21),WGTbl,2,0),INDEX(LdBGroup,$M21)),IF($N21<>"",IF(N(INDEX(LdCDep,$N21))>0,"بازگشت بانکی","پرداخت بانکی"),""))) | D21: =IF($L21<>"",IF(INDEX(LdAId,$L21)="","—",INDEX(LdAId,$L21)),IF($M21<>"",IF(INDEX(LdBId,$M21)="","—",INDEX(LdBId,$M21)),IF($N21<>"",IF(INDEX(LdCBank,$N21)="","—",INDEX(LdCBank,$N21)),""))) | E21: =IF($L21<>"",IF(INDEX(LdAAmt,$L21)=0,"",INDEX(LdAAmt,$L21)),IF($M21<>"",IF(INDEX(LdBAmt,$M21)=0,"",INDEX(LdBAmt,$M21)),IF($N21<>"",IF(INDEX(LdCDep,$N21)=0,"",INDEX(LdCDep,$N21)),""))) | F21: =IF(AND($L21="",$M21="",$N21=""),"",IF($N21="","",IF(INDEX(LdCWit,$N21)=0,"",INDEX(LdCWit,$N21)))) | G21: =IF($B21="","",IF($G20="",0,$G20)+IF($E21="",0,$E21)-IF($F21="",0,$F21)) | H21: =IF(AND($L21="",$M21="",$N21=""),"",IF($L21<>"",IF(INDEX(LdANote,$L21)="","—",INDEX(LdANote,$L21)),IF($M21<>"",IF(INDEX(LdBNote,$M21)="","—",INDEX(LdBNote,$M21)),IF($N21<>"",IF(INDEX(LdCNote,$N21)="","—",INDEX(LdCNote,$N21)),"")))) | L21: =IFERROR(MATCH($C$5&"|"&RIGHT("000000"&5,6),LdAKeyM,0),"") | M21: =IFERROR(MATCH($C$5&"|"&RIGHT("000000"&5,6),LdBKeyM,0),"") | N21: =IFERROR(MATCH($C$5&"|"&RIGHT("000000"&5,6),LdCKeyM,0),"")
A22: 6 | B22: =IF(AND($L22="",$M22="",$N22=""),"",IF($L22<>"",INDEX(LdADate,$L22),IF($M22<>"",INDEX(LdBDate,$M22),INDEX(LdCDate,$N22)))) | C22: =IF($L22<>"","دستمزد (فردی)",IF($M22<>"","سهم از گروه "&IFERROR(VLOOKUP(INDEX(LdBGroup,$M22),WGTbl,2,0),INDEX(LdBGroup,$M22)),IF($N22<>"",IF(N(INDEX(LdCDep,$N22))>0,"بازگشت بانکی","پرداخت بانکی"),""))) | D22: =IF($L22<>"",IF(INDEX(LdAId,$L22)="","—",INDEX(LdAId,$L22)),IF($M22<>"",IF(INDEX(LdBId,$M22)="","—",INDEX(LdBId,$M22)),IF($N22<>"",IF(INDEX(LdCBank,$N22)="","—",INDEX(LdCBank,$N22)),""))) | E22: =IF($L22<>"",IF(INDEX(LdAAmt,$L22)=0,"",INDEX(LdAAmt,$L22)),IF($M22<>"",IF(INDEX(LdBAmt,$M22)=0,"",INDEX(LdBAmt,$M22)),IF($N22<>"",IF(INDEX(LdCDep,$N22)=0,"",INDEX(LdCDep,$N22)),""))) | F22: =IF(AND($L22="",$M22="",$N22=""),"",IF($N22="","",IF(INDEX(LdCWit,$N22)=0,"",INDEX(LdCWit,$N22)))) | G22: =IF($B22="","",IF($G21="",0,$G21)+IF($E22="",0,$E22)-IF($F22="",0,$F22)) | H22: =IF(AND($L22="",$M22="",$N22=""),"",IF($L22<>"",IF(INDEX(LdANote,$L22)="","—",INDEX(LdANote,$L22)),IF($M22<>"",IF(INDEX(LdBNote,$M22)="","—",INDEX(LdBNote,$M22)),IF($N22<>"",IF(INDEX(LdCNote,$N22)="","—",INDEX(LdCNote,$N22)),"")))) | L22: =IFERROR(MATCH($C$5&"|"&RIGHT("000000"&6,6),LdAKeyM,0),"") | M22: =IFERROR(MATCH($C$5&"|"&RIGHT("000000"&6,6),LdBKeyM,0),"") | N22: =IFERROR(MATCH($C$5&"|"&RIGHT("000000"&6,6),LdCKeyM,0),"")
A23: 7 | B23: =IF(AND($L23="",$M23="",$N23=""),"",IF($L23<>"",INDEX(LdADate,$L23),IF($M23<>"",INDEX(LdBDate,$M23),INDEX(LdCDate,$N23)))) | C23: =IF($L23<>"","دستمزد (فردی)",IF($M23<>"","سهم از گروه "&IFERROR(VLOOKUP(INDEX(LdBGroup,$M23),WGTbl,2,0),INDEX(LdBGroup,$M23)),IF($N23<>"",IF(N(INDEX(LdCDep,$N23))>0,"بازگشت بانکی","پرداخت بانکی"),""))) | D23: =IF($L23<>"",IF(INDEX(LdAId,$L23)="","—",INDEX(LdAId,$L23)),IF($M23<>"",IF(INDEX(LdBId,$M23)="","—",INDEX(LdBId,$M23)),IF($N23<>"",IF(INDEX(LdCBank,$N23)="","—",INDEX(LdCBank,$N23)),""))) | E23: =IF($L23<>"",IF(INDEX(LdAAmt,$L23)=0,"",INDEX(LdAAmt,$L23)),IF($M23<>"",IF(INDEX(LdBAmt,$M23)=0,"",INDEX(LdBAmt,$M23)),IF($N23<>"",IF(INDEX(LdCDep,$N23)=0,"",INDEX(LdCDep,$N23)),""))) | F23: =IF(AND($L23="",$M23="",$N23=""),"",IF($N23="","",IF(INDEX(LdCWit,$N23)=0,"",INDEX(LdCWit,$N23)))) | G23: =IF($B23="","",IF($G22="",0,$G22)+IF($E23="",0,$E23)-IF($F23="",0,$F23)) | H23: =IF(AND($L23="",$M23="",$N23=""),"",IF($L23<>"",IF(INDEX(LdANote,$L23)="","—",INDEX(LdANote,$L23)),IF($M23<>"",IF(INDEX(LdBNote,$M23)="","—",INDEX(LdBNote,$M23)),IF($N23<>"",IF(INDEX(LdCNote,$N23)="","—",INDEX(LdCNote,$N23)),"")))) | L23: =IFERROR(MATCH($C$5&"|"&RIGHT("000000"&7,6),LdAKeyM,0),"") | M23: =IFERROR(MATCH($C$5&"|"&RIGHT("000000"&7,6),LdBKeyM,0),"") | N23: =IFERROR(MATCH($C$5&"|"&RIGHT("000000"&7,6),LdCKeyM,0),"")
A24: 8 | B24: =IF(AND($L24="",$M24="",$N24=""),"",IF($L24<>"",INDEX(LdADate,$L24),IF($M24<>"",INDEX(LdBDate,$M24),INDEX(LdCDate,$N24)))) | C24: =IF($L24<>"","دستمزد (فردی)",IF($M24<>"","سهم از گروه "&IFERROR(VLOOKUP(INDEX(LdBGroup,$M24),WGTbl,2,0),INDEX(LdBGroup,$M24)),IF($N24<>"",IF(N(INDEX(LdCDep,$N24))>0,"بازگشت بانکی","پرداخت بانکی"),""))) | D24: =IF($L24<>"",IF(INDEX(LdAId,$L24)="","—",INDEX(LdAId,$L24)),IF($M24<>"",IF(INDEX(LdBId,$M24)="","—",INDEX(LdBId,$M24)),IF($N24<>"",IF(INDEX(LdCBank,$N24)="","—",INDEX(LdCBank,$N24)),""))) | E24: =IF($L24<>"",IF(INDEX(LdAAmt,$L24)=0,"",INDEX(LdAAmt,$L24)),IF($M24<>"",IF(INDEX(LdBAmt,$M24)=0,"",INDEX(LdBAmt,$M24)),IF($N24<>"",IF(INDEX(LdCDep,$N24)=0,"",INDEX(LdCDep,$N24)),""))) | F24: =IF(AND($L24="",$M24="",$N24=""),"",IF($N24="","",IF(INDEX(LdCWit,$N24)=0,"",INDEX(LdCWit,$N24)))) | G24: =IF($B24="","",IF($G23="",0,$G23)+IF($E24="",0,$E24)-IF($F24="",0,$F24)) | H24: =IF(AND($L24="",$M24="",$N24=""),"",IF($L24<>"",IF(INDEX(LdANote,$L24)="","—",INDEX(LdANote,$L24)),IF($M24<>"",IF(INDEX(LdBNote,$M24)="","—",INDEX(LdBNote,$M24)),IF($N24<>"",IF(INDEX(LdCNote,$N24)="","—",INDEX(LdCNote,$N24)),"")))) | L24: =IFERROR(MATCH($C$5&"|"&RIGHT("000000"&8,6),LdAKeyM,0),"") | M24: =IFERROR(MATCH($C$5&"|"&RIGHT("000000"&8,6),LdBKeyM,0),"") | N24: =IFERROR(MATCH($C$5&"|"&RIGHT("000000"&8,6),LdCKeyM,0),"")
A25: 9 | B25: =IF(AND($L25="",$M25="",$N25=""),"",IF($L25<>"",INDEX(LdADate,$L25),IF($M25<>"",INDEX(LdBDate,$M25),INDEX(LdCDate,$N25)))) | C25: =IF($L25<>"","دستمزد (فردی)",IF($M25<>"","سهم از گروه "&IFERROR(VLOOKUP(INDEX(LdBGroup,$M25),WGTbl,2,0),INDEX(LdBGroup,$M25)),IF($N25<>"",IF(N(INDEX(LdCDep,$N25))>0,"بازگشت بانکی","پرداخت بانکی"),""))) | D25: =IF($L25<>"",IF(INDEX(LdAId,$L25)="","—",INDEX(LdAId,$L25)),IF($M25<>"",IF(INDEX(LdBId,$M25)="","—",INDEX(LdBId,$M25)),IF($N25<>"",IF(INDEX(LdCBank,$N25)="","—",INDEX(LdCBank,$N25)),""))) | E25: =IF($L25<>"",IF(INDEX(LdAAmt,$L25)=0,"",INDEX(LdAAmt,$L25)),IF($M25<>"",IF(INDEX(LdBAmt,$M25)=0,"",INDEX(LdBAmt,$M25)),IF($N25<>"",IF(INDEX(LdCDep,$N25)=0,"",INDEX(LdCDep,$N25)),""))) | F25: =IF(AND($L25="",$M25="",$N25=""),"",IF($N25="","",IF(INDEX(LdCWit,$N25)=0,"",INDEX(LdCWit,$N25)))) | G25: =IF($B25="","",IF($G24="",0,$G24)+IF($E25="",0,$E25)-IF($F25="",0,$F25)) | H25: =IF(AND($L25="",$M25="",$N25=""),"",IF($L25<>"",IF(INDEX(LdANote,$L25)="","—",INDEX(LdANote,$L25)),IF($M25<>"",IF(INDEX(LdBNote,$M25)="","—",INDEX(LdBNote,$M25)),IF($N25<>"",IF(INDEX(LdCNote,$N25)="","—",INDEX(LdCNote,$N25)),"")))) | L25: =IFERROR(MATCH($C$5&"|"&RIGHT("000000"&9,6),LdAKeyM,0),"") | M25: =IFERROR(MATCH($C$5&"|"&RIGHT("000000"&9,6),LdBKeyM,0),"") | N25: =IFERROR(MATCH($C$5&"|"&RIGHT("000000"&9,6),LdCKeyM,0),"")
A26: 10 | B26: =IF(AND($L26="",$M26="",$N26=""),"",IF($L26<>"",INDEX(LdADate,$L26),IF($M26<>"",INDEX(LdBDate,$M26),INDEX(LdCDate,$N26)))) | C26: =IF($L26<>"","دستمزد (فردی)",IF($M26<>"","سهم از گروه "&IFERROR(VLOOKUP(INDEX(LdBGroup,$M26),WGTbl,2,0),INDEX(LdBGroup,$M26)),IF($N26<>"",IF(N(INDEX(LdCDep,$N26))>0,"بازگشت بانکی","پرداخت بانکی"),""))) | D26: =IF($L26<>"",IF(INDEX(LdAId,$L26)="","—",INDEX(LdAId,$L26)),IF($M26<>"",IF(INDEX(LdBId,$M26)="","—",INDEX(LdBId,$M26)),IF($N26<>"",IF(INDEX(LdCBank,$N26)="","—",INDEX(LdCBank,$N26)),""))) | E26: =IF($L26<>"",IF(INDEX(LdAAmt,$L26)=0,"",INDEX(LdAAmt,$L26)),IF($M26<>"",IF(INDEX(LdBAmt,$M26)=0,"",INDEX(LdBAmt,$M26)),IF($N26<>"",IF(INDEX(LdCDep,$N26)=0,"",INDEX(LdCDep,$N26)),""))) | F26: =IF(AND($L26="",$M26="",$N26=""),"",IF($N26="","",IF(INDEX(LdCWit,$N26)=0,"",INDEX(LdCWit,$N26)))) | G26: =IF($B26="","",IF($G25="",0,$G25)+IF($E26="",0,$E26)-IF($F26="",0,$F26)) | H26: =IF(AND($L26="",$M26="",$N26=""),"",IF($L26<>"",IF(INDEX(LdANote,$L26)="","—",INDEX(LdANote,$L26)),IF($M26<>"",IF(INDEX(LdBNote,$M26)="","—",INDEX(LdBNote,$M26)),IF($N26<>"",IF(INDEX(LdCNote,$N26)="","—",INDEX(LdCNote,$N26)),"")))) | L26: =IFERROR(MATCH($C$5&"|"&RIGHT("000000"&10,6),LdAKeyM,0),"") | M26: =IFERROR(MATCH($C$5&"|"&RIGHT("000000"&10,6),LdBKeyM,0),"") | N26: =IFERROR(MATCH($C$5&"|"&RIGHT("000000"&10,6),LdCKeyM,0),"")
A27: 11 | B27: =IF(AND($L27="",$M27="",$N27=""),"",IF($L27<>"",INDEX(LdADate,$L27),IF($M27<>"",INDEX(LdBDate,$M27),INDEX(LdCDate,$N27)))) | C27: =IF($L27<>"","دستمزد (فردی)",IF($M27<>"","سهم از گروه "&IFERROR(VLOOKUP(INDEX(LdBGroup,$M27),WGTbl,2,0),INDEX(LdBGroup,$M27)),IF($N27<>"",IF(N(INDEX(LdCDep,$N27))>0,"بازگشت بانکی","پرداخت بانکی"),""))) | D27: =IF($L27<>"",IF(INDEX(LdAId,$L27)="","—",INDEX(LdAId,$L27)),IF($M27<>"",IF(INDEX(LdBId,$M27)="","—",INDEX(LdBId,$M27)),IF($N27<>"",IF(INDEX(LdCBank,$N27)="","—",INDEX(LdCBank,$N27)),""))) | E27: =IF($L27<>"",IF(INDEX(LdAAmt,$L27)=0,"",INDEX(LdAAmt,$L27)),IF($M27<>"",IF(INDEX(LdBAmt,$M27)=0,"",INDEX(LdBAmt,$M27)),IF($N27<>"",IF(INDEX(LdCDep,$N27)=0,"",INDEX(LdCDep,$N27)),""))) | F27: =IF(AND($L27="",$M27="",$N27=""),"",IF($N27="","",IF(INDEX(LdCWit,$N27)=0,"",INDEX(LdCWit,$N27)))) | G27: =IF($B27="","",IF($G26="",0,$G26)+IF($E27="",0,$E27)-IF($F27="",0,$F27)) | H27: =IF(AND($L27="",$M27="",$N27=""),"",IF($L27<>"",IF(INDEX(LdANote,$L27)="","—",INDEX(LdANote,$L27)),IF($M27<>"",IF(INDEX(LdBNote,$M27)="","—",INDEX(LdBNote,$M27)),IF($N27<>"",IF(INDEX(LdCNote,$N27)="","—",INDEX(LdCNote,$N27)),"")))) | L27: =IFERROR(MATCH($C$5&"|"&RIGHT("000000"&11,6),LdAKeyM,0),"") | M27: =IFERROR(MATCH($C$5&"|"&RIGHT("000000"&11,6),LdBKeyM,0),"") | N27: =IFERROR(MATCH($C$5&"|"&RIGHT("000000"&11,6),LdCKeyM,0),"")
A28: 12 | B28: =IF(AND($L28="",$M28="",$N28=""),"",IF($L28<>"",INDEX(LdADate,$L28),IF($M28<>"",INDEX(LdBDate,$M28),INDEX(LdCDate,$N28)))) | C28: =IF($L28<>"","دستمزد (فردی)",IF($M28<>"","سهم از گروه "&IFERROR(VLOOKUP(INDEX(LdBGroup,$M28),WGTbl,2,0),INDEX(LdBGroup,$M28)),IF($N28<>"",IF(N(INDEX(LdCDep,$N28))>0,"بازگشت بانکی","پرداخت بانکی"),""))) | D28: =IF($L28<>"",IF(INDEX(LdAId,$L28)="","—",INDEX(LdAId,$L28)),IF($M28<>"",IF(INDEX(LdBId,$M28)="","—",INDEX(LdBId,$M28)),IF($N28<>"",IF(INDEX(LdCBank,$N28)="","—",INDEX(LdCBank,$N28)),""))) | E28: =IF($L28<>"",IF(INDEX(LdAAmt,$L28)=0,"",INDEX(LdAAmt,$L28)),IF($M28<>"",IF(INDEX(LdBAmt,$M28)=0,"",INDEX(LdBAmt,$M28)),IF($N28<>"",IF(INDEX(LdCDep,$N28)=0,"",INDEX(LdCDep,$N28)),""))) | F28: =IF(AND($L28="",$M28="",$N28=""),"",IF($N28="","",IF(INDEX(LdCWit,$N28)=0,"",INDEX(LdCWit,$N28)))) | G28: =IF($B28="","",IF($G27="",0,$G27)+IF($E28="",0,$E28)-IF($F28="",0,$F28)) | H28: =IF(AND($L28="",$M28="",$N28=""),"",IF($L28<>"",IF(INDEX(LdANote,$L28)="","—",INDEX(LdANote,$L28)),IF($M28<>"",IF(INDEX(LdBNote,$M28)="","—",INDEX(LdBNote,$M28)),IF($N28<>"",IF(INDEX(LdCNote,$N28)="","—",INDEX(LdCNote,$N28)),"")))) | L28: =IFERROR(MATCH($C$5&"|"&RIGHT("000000"&12,6),LdAKeyM,0),"") | M28: =IFERROR(MATCH($C$5&"|"&RIGHT("000000"&12,6),LdBKeyM,0),"") | N28: =IFERROR(MATCH($C$5&"|"&RIGHT("000000"&12,6),LdCKeyM,0),"")
A29: 13 | B29: =IF(AND($L29="",$M29="",$N29=""),"",IF($L29<>"",INDEX(LdADate,$L29),IF($M29<>"",INDEX(LdBDate,$M29),INDEX(LdCDate,$N29)))) | C29: =IF($L29<>"","دستمزد (فردی)",IF($M29<>"","سهم از گروه "&IFERROR(VLOOKUP(INDEX(LdBGroup,$M29),WGTbl,2,0),INDEX(LdBGroup,$M29)),IF($N29<>"",IF(N(INDEX(LdCDep,$N29))>0,"بازگشت بانکی","پرداخت بانکی"),""))) | D29: =IF($L29<>"",IF(INDEX(LdAId,$L29)="","—",INDEX(LdAId,$L29)),IF($M29<>"",IF(INDEX(LdBId,$M29)="","—",INDEX(LdBId,$M29)),IF($N29<>"",IF(INDEX(LdCBank,$N29)="","—",INDEX(LdCBank,$N29)),""))) | E29: =IF($L29<>"",IF(INDEX(LdAAmt,$L29)=0,"",INDEX(LdAAmt,$L29)),IF($M29<>"",IF(INDEX(LdBAmt,$M29)=0,"",INDEX(LdBAmt,$M29)),IF($N29<>"",IF(INDEX(LdCDep,$N29)=0,"",INDEX(LdCDep,$N29)),""))) | F29: =IF(AND($L29="",$M29="",$N29=""),"",IF($N29="","",IF(INDEX(LdCWit,$N29)=0,"",INDEX(LdCWit,$N29)))) | G29: =IF($B29="","",IF($G28="",0,$G28)+IF($E29="",0,$E29)-IF($F29="",0,$F29)) | H29: =IF(AND($L29="",$M29="",$N29=""),"",IF($L29<>"",IF(INDEX(LdANote,$L29)="","—",INDEX(LdANote,$L29)),IF($M29<>"",IF(INDEX(LdBNote,$M29)="","—",INDEX(LdBNote,$M29)),IF($N29<>"",IF(INDEX(LdCNote,$N29)="","—",INDEX(LdCNote,$N29)),"")))) | L29: =IFERROR(MATCH($C$5&"|"&RIGHT("000000"&13,6),LdAKeyM,0),"") | M29: =IFERROR(MATCH($C$5&"|"&RIGHT("000000"&13,6),LdBKeyM,0),"") | N29: =IFERROR(MATCH($C$5&"|"&RIGHT("000000"&13,6),LdCKeyM,0),"")
A30: 14 | B30: =IF(AND($L30="",$M30="",$N30=""),"",IF($L30<>"",INDEX(LdADate,$L30),IF($M30<>"",INDEX(LdBDate,$M30),INDEX(LdCDate,$N30)))) | C30: =IF($L30<>"","دستمزد (فردی)",IF($M30<>"","سهم از گروه "&IFERROR(VLOOKUP(INDEX(LdBGroup,$M30),WGTbl,2,0),INDEX(LdBGroup,$M30)),IF($N30<>"",IF(N(INDEX(LdCDep,$N30))>0,"بازگشت بانکی","پرداخت بانکی"),""))) | D30: =IF($L30<>"",IF(INDEX(LdAId,$L30)="","—",INDEX(LdAId,$L30)),IF($M30<>"",IF(INDEX(LdBId,$M30)="","—",INDEX(LdBId,$M30)),IF($N30<>"",IF(INDEX(LdCBank,$N30)="","—",INDEX(LdCBank,$N30)),""))) | E30: =IF($L30<>"",IF(INDEX(LdAAmt,$L30)=0,"",INDEX(LdAAmt,$L30)),IF($M30<>"",IF(INDEX(LdBAmt,$M30)=0,"",INDEX(LdBAmt,$M30)),IF($N30<>"",IF(INDEX(LdCDep,$N30)=0,"",INDEX(LdCDep,$N30)),""))) | F30: =IF(AND($L30="",$M30="",$N30=""),"",IF($N30="","",IF(INDEX(LdCWit,$N30)=0,"",INDEX(LdCWit,$N30)))) | G30: =IF($B30="","",IF($G29="",0,$G29)+IF($E30="",0,$E30)-IF($F30="",0,$F30)) | H30: =IF(AND($L30="",$M30="",$N30=""),"",IF($L30<>"",IF(INDEX(LdANote,$L30)="","—",INDEX(LdANote,$L30)),IF($M30<>"",IF(INDEX(LdBNote,$M30)="","—",INDEX(LdBNote,$M30)),IF($N30<>"",IF(INDEX(LdCNote,$N30)="","—",INDEX(LdCNote,$N30)),"")))) | L30: =IFERROR(MATCH($C$5&"|"&RIGHT("000000"&14,6),LdAKeyM,0),"") | M30: =IFERROR(MATCH($C$5&"|"&RIGHT("000000"&14,6),LdBKeyM,0),"") | N30: =IFERROR(MATCH($C$5&"|"&RIGHT("000000"&14,6),LdCKeyM,0),"")
A31: 15 | B31: =IF(AND($L31="",$M31="",$N31=""),"",IF($L31<>"",INDEX(LdADate,$L31),IF($M31<>"",INDEX(LdBDate,$M31),INDEX(LdCDate,$N31)))) | C31: =IF($L31<>"","دستمزد (فردی)",IF($M31<>"","سهم از گروه "&IFERROR(VLOOKUP(INDEX(LdBGroup,$M31),WGTbl,2,0),INDEX(LdBGroup,$M31)),IF($N31<>"",IF(N(INDEX(LdCDep,$N31))>0,"بازگشت بانکی","پرداخت بانکی"),""))) | D31: =IF($L31<>"",IF(INDEX(LdAId,$L31)="","—",INDEX(LdAId,$L31)),IF($M31<>"",IF(INDEX(LdBId,$M31)="","—",INDEX(LdBId,$M31)),IF($N31<>"",IF(INDEX(LdCBank,$N31)="","—",INDEX(LdCBank,$N31)),""))) | E31: =IF($L31<>"",IF(INDEX(LdAAmt,$L31)=0,"",INDEX(LdAAmt,$L31)),IF($M31<>"",IF(INDEX(LdBAmt,$M31)=0,"",INDEX(LdBAmt,$M31)),IF($N31<>"",IF(INDEX(LdCDep,$N31)=0,"",INDEX(LdCDep,$N31)),""))) | F31: =IF(AND($L31="",$M31="",$N31=""),"",IF($N31="","",IF(INDEX(LdCWit,$N31)=0,"",INDEX(LdCWit,$N31)))) | G31: =IF($B31="","",IF($G30="",0,$G30)+IF($E31="",0,$E31)-IF($F31="",0,$F31)) | H31: =IF(AND($L31="",$M31="",$N31=""),"",IF($L31<>"",IF(INDEX(LdANote,$L31)="","—",INDEX(LdANote,$L31)),IF($M31<>"",IF(INDEX(LdBNote,$M31)="","—",INDEX(LdBNote,$M31)),IF($N31<>"",IF(INDEX(LdCNote,$N31)="","—",INDEX(LdCNote,$N31)),"")))) | L31: =IFERROR(MATCH($C$5&"|"&RIGHT("000000"&15,6),LdAKeyM,0),"") | M31: =IFERROR(MATCH($C$5&"|"&RIGHT("000000"&15,6),LdBKeyM,0),"") | N31: =IFERROR(MATCH($C$5&"|"&RIGHT("000000"&15,6),LdCKeyM,0),"")
A32: 16 | B32: =IF(AND($L32="",$M32="",$N32=""),"",IF($L32<>"",INDEX(LdADate,$L32),IF($M32<>"",INDEX(LdBDate,$M32),INDEX(LdCDate,$N32)))) | C32: =IF($L32<>"","دستمزد (فردی)",IF($M32<>"","سهم از گروه "&IFERROR(VLOOKUP(INDEX(LdBGroup,$M32),WGTbl,2,0),INDEX(LdBGroup,$M32)),IF($N32<>"",IF(N(INDEX(LdCDep,$N32))>0,"بازگشت بانکی","پرداخت بانکی"),""))) | D32: =IF($L32<>"",IF(INDEX(LdAId,$L32)="","—",INDEX(LdAId,$L32)),IF($M32<>"",IF(INDEX(LdBId,$M32)="","—",INDEX(LdBId,$M32)),IF($N32<>"",IF(INDEX(LdCBank,$N32)="","—",INDEX(LdCBank,$N32)),""))) | E32: =IF($L32<>"",IF(INDEX(LdAAmt,$L32)=0,"",INDEX(LdAAmt,$L32)),IF($M32<>"",IF(INDEX(LdBAmt,$M32)=0,"",INDEX(LdBAmt,$M32)),IF($N32<>"",IF(INDEX(LdCDep,$N32)=0,"",INDEX(LdCDep,$N32)),""))) | F32: =IF(AND($L32="",$M32="",$N32=""),"",IF($N32="","",IF(INDEX(LdCWit,$N32)=0,"",INDEX(LdCWit,$N32)))) | G32: =IF($B32="","",IF($G31="",0,$G31)+IF($E32="",0,$E32)-IF($F32="",0,$F32)) | H32: =IF(AND($L32="",$M32="",$N32=""),"",IF($L32<>"",IF(INDEX(LdANote,$L32)="","—",INDEX(LdANote,$L32)),IF($M32<>"",IF(INDEX(LdBNote,$M32)="","—",INDEX(LdBNote,$M32)),IF($N32<>"",IF(INDEX(LdCNote,$N32)="","—",INDEX(LdCNote,$N32)),"")))) | L32: =IFERROR(MATCH($C$5&"|"&RIGHT("000000"&16,6),LdAKeyM,0),"") | M32: =IFERROR(MATCH($C$5&"|"&RIGHT("000000"&16,6),LdBKeyM,0),"") | N32: =IFERROR(MATCH($C$5&"|"&RIGHT("000000"&16,6),LdCKeyM,0),"")
A33: 17 | B33: =IF(AND($L33="",$M33="",$N33=""),"",IF($L33<>"",INDEX(LdADate,$L33),IF($M33<>"",INDEX(LdBDate,$M33),INDEX(LdCDate,$N33)))) | C33: =IF($L33<>"","دستمزد (فردی)",IF($M33<>"","سهم از گروه "&IFERROR(VLOOKUP(INDEX(LdBGroup,$M33),WGTbl,2,0),INDEX(LdBGroup,$M33)),IF($N33<>"",IF(N(INDEX(LdCDep,$N33))>0,"بازگشت بانکی","پرداخت بانکی"),""))) | D33: =IF($L33<>"",IF(INDEX(LdAId,$L33)="","—",INDEX(LdAId,$L33)),IF($M33<>"",IF(INDEX(LdBId,$M33)="","—",INDEX(LdBId,$M33)),IF($N33<>"",IF(INDEX(LdCBank,$N33)="","—",INDEX(LdCBank,$N33)),""))) | E33: =IF($L33<>"",IF(INDEX(LdAAmt,$L33)=0,"",INDEX(LdAAmt,$L33)),IF($M33<>"",IF(INDEX(LdBAmt,$M33)=0,"",INDEX(LdBAmt,$M33)),IF($N33<>"",IF(INDEX(LdCDep,$N33)=0,"",INDEX(LdCDep,$N33)),""))) | F33: =IF(AND($L33="",$M33="",$N33=""),"",IF($N33="","",IF(INDEX(LdCWit,$N33)=0,"",INDEX(LdCWit,$N33)))) | G33: =IF($B33="","",IF($G32="",0,$G32)+IF($E33="",0,$E33)-IF($F33="",0,$F33)) | H33: =IF(AND($L33="",$M33="",$N33=""),"",IF($L33<>"",IF(INDEX(LdANote,$L33)="","—",INDEX(LdANote,$L33)),IF($M33<>"",IF(INDEX(LdBNote,$M33)="","—",INDEX(LdBNote,$M33)),IF($N33<>"",IF(INDEX(LdCNote,$N33)="","—",INDEX(LdCNote,$N33)),"")))) | L33: =IFERROR(MATCH($C$5&"|"&RIGHT("000000"&17,6),LdAKeyM,0),"") | M33: =IFERROR(MATCH($C$5&"|"&RIGHT("000000"&17,6),LdBKeyM,0),"") | N33: =IFERROR(MATCH($C$5&"|"&RIGHT("000000"&17,6),LdCKeyM,0),"")
A34: 18 | B34: =IF(AND($L34="",$M34="",$N34=""),"",IF($L34<>"",INDEX(LdADate,$L34),IF($M34<>"",INDEX(LdBDate,$M34),INDEX(LdCDate,$N34)))) | C34: =IF($L34<>"","دستمزد (فردی)",IF($M34<>"","سهم از گروه "&IFERROR(VLOOKUP(INDEX(LdBGroup,$M34),WGTbl,2,0),INDEX(LdBGroup,$M34)),IF($N34<>"",IF(N(INDEX(LdCDep,$N34))>0,"بازگشت بانکی","پرداخت بانکی"),""))) | D34: =IF($L34<>"",IF(INDEX(LdAId,$L34)="","—",INDEX(LdAId,$L34)),IF($M34<>"",IF(INDEX(LdBId,$M34)="","—",INDEX(LdBId,$M34)),IF($N34<>"",IF(INDEX(LdCBank,$N34)="","—",INDEX(LdCBank,$N34)),""))) | E34: =IF($L34<>"",IF(INDEX(LdAAmt,$L34)=0,"",INDEX(LdAAmt,$L34)),IF($M34<>"",IF(INDEX(LdBAmt,$M34)=0,"",INDEX(LdBAmt,$M34)),IF($N34<>"",IF(INDEX(LdCDep,$N34)=0,"",INDEX(LdCDep,$N34)),""))) | F34: =IF(AND($L34="",$M34="",$N34=""),"",IF($N34="","",IF(INDEX(LdCWit,$N34)=0,"",INDEX(LdCWit,$N34)))) | G34: =IF($B34="","",IF($G33="",0,$G33)+IF($E34="",0,$E34)-IF($F34="",0,$F34)) | H34: =IF(AND($L34="",$M34="",$N34=""),"",IF($L34<>"",IF(INDEX(LdANote,$L34)="","—",INDEX(LdANote,$L34)),IF($M34<>"",IF(INDEX(LdBNote,$M34)="","—",INDEX(LdBNote,$M34)),IF($N34<>"",IF(INDEX(LdCNote,$N34)="","—",INDEX(LdCNote,$N34)),"")))) | L34: =IFERROR(MATCH($C$5&"|"&RIGHT("000000"&18,6),LdAKeyM,0),"") | M34: =IFERROR(MATCH($C$5&"|"&RIGHT("000000"&18,6),LdBKeyM,0),"") | N34: =IFERROR(MATCH($C$5&"|"&RIGHT("000000"&18,6),LdCKeyM,0),"")
A35: 19 | B35: =IF(AND($L35="",$M35="",$N35=""),"",IF($L35<>"",INDEX(LdADate,$L35),IF($M35<>"",INDEX(LdBDate,$M35),INDEX(LdCDate,$N35)))) | C35: =IF($L35<>"","دستمزد (فردی)",IF($M35<>"","سهم از گروه "&IFERROR(VLOOKUP(INDEX(LdBGroup,$M35),WGTbl,2,0),INDEX(LdBGroup,$M35)),IF($N35<>"",IF(N(INDEX(LdCDep,$N35))>0,"بازگشت بانکی","پرداخت بانکی"),""))) | D35: =IF($L35<>"",IF(INDEX(LdAId,$L35)="","—",INDEX(LdAId,$L35)),IF($M35<>"",IF(INDEX(LdBId,$M35)="","—",INDEX(LdBId,$M35)),IF($N35<>"",IF(INDEX(LdCBank,$N35)="","—",INDEX(LdCBank,$N35)),""))) | E35: =IF($L35<>"",IF(INDEX(LdAAmt,$L35)=0,"",INDEX(LdAAmt,$L35)),IF($M35<>"",IF(INDEX(LdBAmt,$M35)=0,"",INDEX(LdBAmt,$M35)),IF($N35<>"",IF(INDEX(LdCDep,$N35)=0,"",INDEX(LdCDep,$N35)),""))) | F35: =IF(AND($L35="",$M35="",$N35=""),"",IF($N35="","",IF(INDEX(LdCWit,$N35)=0,"",INDEX(LdCWit,$N35)))) | G35: =IF($B35="","",IF($G34="",0,$G34)+IF($E35="",0,$E35)-IF($F35="",0,$F35)) | H35: =IF(AND($L35="",$M35="",$N35=""),"",IF($L35<>"",IF(INDEX(LdANote,$L35)="","—",INDEX(LdANote,$L35)),IF($M35<>"",IF(INDEX(LdBNote,$M35)="","—",INDEX(LdBNote,$M35)),IF($N35<>"",IF(INDEX(LdCNote,$N35)="","—",INDEX(LdCNote,$N35)),"")))) | L35: =IFERROR(MATCH($C$5&"|"&RIGHT("000000"&19,6),LdAKeyM,0),"") | M35: =IFERROR(MATCH($C$5&"|"&RIGHT("000000"&19,6),LdBKeyM,0),"") | N35: =IFERROR(MATCH($C$5&"|"&RIGHT("000000"&19,6),LdCKeyM,0),"")
A36: 20 | B36: =IF(AND($L36="",$M36="",$N36=""),"",IF($L36<>"",INDEX(LdADate,$L36),IF($M36<>"",INDEX(LdBDate,$M36),INDEX(LdCDate,$N36)))) | C36: =IF($L36<>"","دستمزد (فردی)",IF($M36<>"","سهم از گروه "&IFERROR(VLOOKUP(INDEX(LdBGroup,$M36),WGTbl,2,0),INDEX(LdBGroup,$M36)),IF($N36<>"",IF(N(INDEX(LdCDep,$N36))>0,"بازگشت بانکی","پرداخت بانکی"),""))) | D36: =IF($L36<>"",IF(INDEX(LdAId,$L36)="","—",INDEX(LdAId,$L36)),IF($M36<>"",IF(INDEX(LdBId,$M36)="","—",INDEX(LdBId,$M36)),IF($N36<>"",IF(INDEX(LdCBank,$N36)="","—",INDEX(LdCBank,$N36)),""))) | E36: =IF($L36<>"",IF(INDEX(LdAAmt,$L36)=0,"",INDEX(LdAAmt,$L36)),IF($M36<>"",IF(INDEX(LdBAmt,$M36)=0,"",INDEX(LdBAmt,$M36)),IF($N36<>"",IF(INDEX(LdCDep,$N36)=0,"",INDEX(LdCDep,$N36)),""))) | F36: =IF(AND($L36="",$M36="",$N36=""),"",IF($N36="","",IF(INDEX(LdCWit,$N36)=0,"",INDEX(LdCWit,$N36)))) | G36: =IF($B36="","",IF($G35="",0,$G35)+IF($E36="",0,$E36)-IF($F36="",0,$F36)) | H36: =IF(AND($L36="",$M36="",$N36=""),"",IF($L36<>"",IF(INDEX(LdANote,$L36)="","—",INDEX(LdANote,$L36)),IF($M36<>"",IF(INDEX(LdBNote,$M36)="","—",INDEX(LdBNote,$M36)),IF($N36<>"",IF(INDEX(LdCNote,$N36)="","—",INDEX(LdCNote,$N36)),"")))) | L36: =IFERROR(MATCH($C$5&"|"&RIGHT("000000"&20,6),LdAKeyM,0),"") | M36: =IFERROR(MATCH($C$5&"|"&RIGHT("000000"&20,6),LdBKeyM,0),"") | N36: =IFERROR(MATCH($C$5&"|"&RIGHT("000000"&20,6),LdCKeyM,0),"")
A37: 21 | B37: =IF(AND($L37="",$M37="",$N37=""),"",IF($L37<>"",INDEX(LdADate,$L37),IF($M37<>"",INDEX(LdBDate,$M37),INDEX(LdCDate,$N37)))) | C37: =IF($L37<>"","دستمزد (فردی)",IF($M37<>"","سهم از گروه "&IFERROR(VLOOKUP(INDEX(LdBGroup,$M37),WGTbl,2,0),INDEX(LdBGroup,$M37)),IF($N37<>"",IF(N(INDEX(LdCDep,$N37))>0,"بازگشت بانکی","پرداخت بانکی"),""))) | D37: =IF($L37<>"",IF(INDEX(LdAId,$L37)="","—",INDEX(LdAId,$L37)),IF($M37<>"",IF(INDEX(LdBId,$M37)="","—",INDEX(LdBId,$M37)),IF($N37<>"",IF(INDEX(LdCBank,$N37)="","—",INDEX(LdCBank,$N37)),""))) | E37: =IF($L37<>"",IF(INDEX(LdAAmt,$L37)=0,"",INDEX(LdAAmt,$L37)),IF($M37<>"",IF(INDEX(LdBAmt,$M37)=0,"",INDEX(LdBAmt,$M37)),IF($N37<>"",IF(INDEX(LdCDep,$N37)=0,"",INDEX(LdCDep,$N37)),""))) | F37: =IF(AND($L37="",$M37="",$N37=""),"",IF($N37="","",IF(INDEX(LdCWit,$N37)=0,"",INDEX(LdCWit,$N37)))) | G37: =IF($B37="","",IF($G36="",0,$G36)+IF($E37="",0,$E37)-IF($F37="",0,$F37)) | H37: =IF(AND($L37="",$M37="",$N37=""),"",IF($L37<>"",IF(INDEX(LdANote,$L37)="","—",INDEX(LdANote,$L37)),IF($M37<>"",IF(INDEX(LdBNote,$M37)="","—",INDEX(LdBNote,$M37)),IF($N37<>"",IF(INDEX(LdCNote,$N37)="","—",INDEX(LdCNote,$N37)),"")))) | L37: =IFERROR(MATCH($C$5&"|"&RIGHT("000000"&21,6),LdAKeyM,0),"") | M37: =IFERROR(MATCH($C$5&"|"&RIGHT("000000"&21,6),LdBKeyM,0),"") | N37: =IFERROR(MATCH($C$5&"|"&RIGHT("000000"&21,6),LdCKeyM,0),"")
A38: 22 | B38: =IF(AND($L38="",$M38="",$N38=""),"",IF($L38<>"",INDEX(LdADate,$L38),IF($M38<>"",INDEX(LdBDate,$M38),INDEX(LdCDate,$N38)))) | C38: =IF($L38<>"","دستمزد (فردی)",IF($M38<>"","سهم از گروه "&IFERROR(VLOOKUP(INDEX(LdBGroup,$M38),WGTbl,2,0),INDEX(LdBGroup,$M38)),IF($N38<>"",IF(N(INDEX(LdCDep,$N38))>0,"بازگشت بانکی","پرداخت بانکی"),""))) | D38: =IF($L38<>"",IF(INDEX(LdAId,$L38)="","—",INDEX(LdAId,$L38)),IF($M38<>"",IF(INDEX(LdBId,$M38)="","—",INDEX(LdBId,$M38)),IF($N38<>"",IF(INDEX(LdCBank,$N38)="","—",INDEX(LdCBank,$N38)),""))) | E38: =IF($L38<>"",IF(INDEX(LdAAmt,$L38)=0,"",INDEX(LdAAmt,$L38)),IF($M38<>"",IF(INDEX(LdBAmt,$M38)=0,"",INDEX(LdBAmt,$M38)),IF($N38<>"",IF(INDEX(LdCDep,$N38)=0,"",INDEX(LdCDep,$N38)),""))) | F38: =IF(AND($L38="",$M38="",$N38=""),"",IF($N38="","",IF(INDEX(LdCWit,$N38)=0,"",INDEX(LdCWit,$N38)))) | G38: =IF($B38="","",IF($G37="",0,$G37)+IF($E38="",0,$E38)-IF($F38="",0,$F38)) | H38: =IF(AND($L38="",$M38="",$N38=""),"",IF($L38<>"",IF(INDEX(LdANote,$L38)="","—",INDEX(LdANote,$L38)),IF($M38<>"",IF(INDEX(LdBNote,$M38)="","—",INDEX(LdBNote,$M38)),IF($N38<>"",IF(INDEX(LdCNote,$N38)="","—",INDEX(LdCNote,$N38)),"")))) | L38: =IFERROR(MATCH($C$5&"|"&RIGHT("000000"&22,6),LdAKeyM,0),"") | M38: =IFERROR(MATCH($C$5&"|"&RIGHT("000000"&22,6),LdBKeyM,0),"") | N38: =IFERROR(MATCH($C$5&"|"&RIGHT("000000"&22,6),LdCKeyM,0),"")
A39: 23 | B39: =IF(AND($L39="",$M39="",$N39=""),"",IF($L39<>"",INDEX(LdADate,$L39),IF($M39<>"",INDEX(LdBDate,$M39),INDEX(LdCDate,$N39)))) | C39: =IF($L39<>"","دستمزد (فردی)",IF($M39<>"","سهم از گروه "&IFERROR(VLOOKUP(INDEX(LdBGroup,$M39),WGTbl,2,0),INDEX(LdBGroup,$M39)),IF($N39<>"",IF(N(INDEX(LdCDep,$N39))>0,"بازگشت بانکی","پرداخت بانکی"),""))) | D39: =IF($L39<>"",IF(INDEX(LdAId,$L39)="","—",INDEX(LdAId,$L39)),IF($M39<>"",IF(INDEX(LdBId,$M39)="","—",INDEX(LdBId,$M39)),IF($N39<>"",IF(INDEX(LdCBank,$N39)="","—",INDEX(LdCBank,$N39)),""))) | E39: =IF($L39<>"",IF(INDEX(LdAAmt,$L39)=0,"",INDEX(LdAAmt,$L39)),IF($M39<>"",IF(INDEX(LdBAmt,$M39)=0,"",INDEX(LdBAmt,$M39)),IF($N39<>"",IF(INDEX(LdCDep,$N39)=0,"",INDEX(LdCDep,$N39)),""))) | F39: =IF(AND($L39="",$M39="",$N39=""),"",IF($N39="","",IF(INDEX(LdCWit,$N39)=0,"",INDEX(LdCWit,$N39)))) | G39: =IF($B39="","",IF($G38="",0,$G38)+IF($E39="",0,$E39)-IF($F39="",0,$F39)) | H39: =IF(AND($L39="",$M39="",$N39=""),"",IF($L39<>"",IF(INDEX(LdANote,$L39)="","—",INDEX(LdANote,$L39)),IF($M39<>"",IF(INDEX(LdBNote,$M39)="","—",INDEX(LdBNote,$M39)),IF($N39<>"",IF(INDEX(LdCNote,$N39)="","—",INDEX(LdCNote,$N39)),"")))) | L39: =IFERROR(MATCH($C$5&"|"&RIGHT("000000"&23,6),LdAKeyM,0),"") | M39: =IFERROR(MATCH($C$5&"|"&RIGHT("000000"&23,6),LdBKeyM,0),"") | N39: =IFERROR(MATCH($C$5&"|"&RIGHT("000000"&23,6),LdCKeyM,0),"")
A40: 24 | B40: =IF(AND($L40="",$M40="",$N40=""),"",IF($L40<>"",INDEX(LdADate,$L40),IF($M40<>"",INDEX(LdBDate,$M40),INDEX(LdCDate,$N40)))) | C40: =IF($L40<>"","دستمزد (فردی)",IF($M40<>"","سهم از گروه "&IFERROR(VLOOKUP(INDEX(LdBGroup,$M40),WGTbl,2,0),INDEX(LdBGroup,$M40)),IF($N40<>"",IF(N(INDEX(LdCDep,$N40))>0,"بازگشت بانکی","پرداخت بانکی"),""))) | D40: =IF($L40<>"",IF(INDEX(LdAId,$L40)="","—",INDEX(LdAId,$L40)),IF($M40<>"",IF(INDEX(LdBId,$M40)="","—",INDEX(LdBId,$M40)),IF($N40<>"",IF(INDEX(LdCBank,$N40)="","—",INDEX(LdCBank,$N40)),""))) | E40: =IF($L40<>"",IF(INDEX(LdAAmt,$L40)=0,"",INDEX(LdAAmt,$L40)),IF($M40<>"",IF(INDEX(LdBAmt,$M40)=0,"",INDEX(LdBAmt,$M40)),IF($N40<>"",IF(INDEX(LdCDep,$N40)=0,"",INDEX(LdCDep,$N40)),""))) | F40: =IF(AND($L40="",$M40="",$N40=""),"",IF($N40="","",IF(INDEX(LdCWit,$N40)=0,"",INDEX(LdCWit,$N40)))) | G40: =IF($B40="","",IF($G39="",0,$G39)+IF($E40="",0,$E40)-IF($F40="",0,$F40)) | H40: =IF(AND($L40="",$M40="",$N40=""),"",IF($L40<>"",IF(INDEX(LdANote,$L40)="","—",INDEX(LdANote,$L40)),IF($M40<>"",IF(INDEX(LdBNote,$M40)="","—",INDEX(LdBNote,$M40)),IF($N40<>"",IF(INDEX(LdCNote,$N40)="","—",INDEX(LdCNote,$N40)),"")))) | L40: =IFERROR(MATCH($C$5&"|"&RIGHT("000000"&24,6),LdAKeyM,0),"") | M40: =IFERROR(MATCH($C$5&"|"&RIGHT("000000"&24,6),LdBKeyM,0),"") | N40: =IFERROR(MATCH($C$5&"|"&RIGHT("000000"&24,6),LdCKeyM,0),"")
A41: 25 | B41: =IF(AND($L41="",$M41="",$N41=""),"",IF($L41<>"",INDEX(LdADate,$L41),IF($M41<>"",INDEX(LdBDate,$M41),INDEX(LdCDate,$N41)))) | C41: =IF($L41<>"","دستمزد (فردی)",IF($M41<>"","سهم از گروه "&IFERROR(VLOOKUP(INDEX(LdBGroup,$M41),WGTbl,2,0),INDEX(LdBGroup,$M41)),IF($N41<>"",IF(N(INDEX(LdCDep,$N41))>0,"بازگشت بانکی","پرداخت بانکی"),""))) | D41: =IF($L41<>"",IF(INDEX(LdAId,$L41)="","—",INDEX(LdAId,$L41)),IF($M41<>"",IF(INDEX(LdBId,$M41)="","—",INDEX(LdBId,$M41)),IF($N41<>"",IF(INDEX(LdCBank,$N41)="","—",INDEX(LdCBank,$N41)),""))) | E41: =IF($L41<>"",IF(INDEX(LdAAmt,$L41)=0,"",INDEX(LdAAmt,$L41)),IF($M41<>"",IF(INDEX(LdBAmt,$M41)=0,"",INDEX(LdBAmt,$M41)),IF($N41<>"",IF(INDEX(LdCDep,$N41)=0,"",INDEX(LdCDep,$N41)),""))) | F41: =IF(AND($L41="",$M41="",$N41=""),"",IF($N41="","",IF(INDEX(LdCWit,$N41)=0,"",INDEX(LdCWit,$N41)))) | G41: =IF($B41="","",IF($G40="",0,$G40)+IF($E41="",0,$E41)-IF($F41="",0,$F41)) | H41: =IF(AND($L41="",$M41="",$N41=""),"",IF($L41<>"",IF(INDEX(LdANote,$L41)="","—",INDEX(LdANote,$L41)),IF($M41<>"",IF(INDEX(LdBNote,$M41)="","—",INDEX(LdBNote,$M41)),IF($N41<>"",IF(INDEX(LdCNote,$N41)="","—",INDEX(LdCNote,$N41)),"")))) | L41: =IFERROR(MATCH($C$5&"|"&RIGHT("000000"&25,6),LdAKeyM,0),"") | M41: =IFERROR(MATCH($C$5&"|"&RIGHT("000000"&25,6),LdBKeyM,0),"") | N41: =IFERROR(MATCH($C$5&"|"&RIGHT("000000"&25,6),LdCKeyM,0),"")
A42: 26 | B42: =IF(AND($L42="",$M42="",$N42=""),"",IF($L42<>"",INDEX(LdADate,$L42),IF($M42<>"",INDEX(LdBDate,$M42),INDEX(LdCDate,$N42)))) | C42: =IF($L42<>"","دستمزد (فردی)",IF($M42<>"","سهم از گروه "&IFERROR(VLOOKUP(INDEX(LdBGroup,$M42),WGTbl,2,0),INDEX(LdBGroup,$M42)),IF($N42<>"",IF(N(INDEX(LdCDep,$N42))>0,"بازگشت بانکی","پرداخت بانکی"),""))) | D42: =IF($L42<>"",IF(INDEX(LdAId,$L42)="","—",INDEX(LdAId,$L42)),IF($M42<>"",IF(INDEX(LdBId,$M42)="","—",INDEX(LdBId,$M42)),IF($N42<>"",IF(INDEX(LdCBank,$N42)="","—",INDEX(LdCBank,$N42)),""))) | E42: =IF($L42<>"",IF(INDEX(LdAAmt,$L42)=0,"",INDEX(LdAAmt,$L42)),IF($M42<>"",IF(INDEX(LdBAmt,$M42)=0,"",INDEX(LdBAmt,$M42)),IF($N42<>"",IF(INDEX(LdCDep,$N42)=0,"",INDEX(LdCDep,$N42)),""))) | F42: =IF(AND($L42="",$M42="",$N42=""),"",IF($N42="","",IF(INDEX(LdCWit,$N42)=0,"",INDEX(LdCWit,$N42)))) | G42: =IF($B42="","",IF($G41="",0,$G41)+IF($E42="",0,$E42)-IF($F42="",0,$F42)) | H42: =IF(AND($L42="",$M42="",$N42=""),"",IF($L42<>"",IF(INDEX(LdANote,$L42)="","—",INDEX(LdANote,$L42)),IF($M42<>"",IF(INDEX(LdBNote,$M42)="","—",INDEX(LdBNote,$M42)),IF($N42<>"",IF(INDEX(LdCNote,$N42)="","—",INDEX(LdCNote,$N42)),"")))) | L42: =IFERROR(MATCH($C$5&"|"&RIGHT("000000"&26,6),LdAKeyM,0),"") | M42: =IFERROR(MATCH($C$5&"|"&RIGHT("000000"&26,6),LdBKeyM,0),"") | N42: =IFERROR(MATCH($C$5&"|"&RIGHT("000000"&26,6),LdCKeyM,0),"")
A43: 27 | B43: =IF(AND($L43="",$M43="",$N43=""),"",IF($L43<>"",INDEX(LdADate,$L43),IF($M43<>"",INDEX(LdBDate,$M43),INDEX(LdCDate,$N43)))) | C43: =IF($L43<>"","دستمزد (فردی)",IF($M43<>"","سهم از گروه "&IFERROR(VLOOKUP(INDEX(LdBGroup,$M43),WGTbl,2,0),INDEX(LdBGroup,$M43)),IF($N43<>"",IF(N(INDEX(LdCDep,$N43))>0,"بازگشت بانکی","پرداخت بانکی"),""))) | D43: =IF($L43<>"",IF(INDEX(LdAId,$L43)="","—",INDEX(LdAId,$L43)),IF($M43<>"",IF(INDEX(LdBId,$M43)="","—",INDEX(LdBId,$M43)),IF($N43<>"",IF(INDEX(LdCBank,$N43)="","—",INDEX(LdCBank,$N43)),""))) | E43: =IF($L43<>"",IF(INDEX(LdAAmt,$L43)=0,"",INDEX(LdAAmt,$L43)),IF($M43<>"",IF(INDEX(LdBAmt,$M43)=0,"",INDEX(LdBAmt,$M43)),IF($N43<>"",IF(INDEX(LdCDep,$N43)=0,"",INDEX(LdCDep,$N43)),""))) | F43: =IF(AND($L43="",$M43="",$N43=""),"",IF($N43="","",IF(INDEX(LdCWit,$N43)=0,"",INDEX(LdCWit,$N43)))) | G43: =IF($B43="","",IF($G42="",0,$G42)+IF($E43="",0,$E43)-IF($F43="",0,$F43)) | H43: =IF(AND($L43="",$M43="",$N43=""),"",IF($L43<>"",IF(INDEX(LdANote,$L43)="","—",INDEX(LdANote,$L43)),IF($M43<>"",IF(INDEX(LdBNote,$M43)="","—",INDEX(LdBNote,$M43)),IF($N43<>"",IF(INDEX(LdCNote,$N43)="","—",INDEX(LdCNote,$N43)),"")))) | L43: =IFERROR(MATCH($C$5&"|"&RIGHT("000000"&27,6),LdAKeyM,0),"") | M43: =IFERROR(MATCH($C$5&"|"&RIGHT("000000"&27,6),LdBKeyM,0),"") | N43: =IFERROR(MATCH($C$5&"|"&RIGHT("000000"&27,6),LdCKeyM,0),"")
A44: 28 | B44: =IF(AND($L44="",$M44="",$N44=""),"",IF($L44<>"",INDEX(LdADate,$L44),IF($M44<>"",INDEX(LdBDate,$M44),INDEX(LdCDate,$N44)))) | C44: =IF($L44<>"","دستمزد (فردی)",IF($M44<>"","سهم از گروه "&IFERROR(VLOOKUP(INDEX(LdBGroup,$M44),WGTbl,2,0),INDEX(LdBGroup,$M44)),IF($N44<>"",IF(N(INDEX(LdCDep,$N44))>0,"بازگشت بانکی","پرداخت بانکی"),""))) | D44: =IF($L44<>"",IF(INDEX(LdAId,$L44)="","—",INDEX(LdAId,$L44)),IF($M44<>"",IF(INDEX(LdBId,$M44)="","—",INDEX(LdBId,$M44)),IF($N44<>"",IF(INDEX(LdCBank,$N44)="","—",INDEX(LdCBank,$N44)),""))) | E44: =IF($L44<>"",IF(INDEX(LdAAmt,$L44)=0,"",INDEX(LdAAmt,$L44)),IF($M44<>"",IF(INDEX(LdBAmt,$M44)=0,"",INDEX(LdBAmt,$M44)),IF($N44<>"",IF(INDEX(LdCDep,$N44)=0,"",INDEX(LdCDep,$N44)),""))) | F44: =IF(AND($L44="",$M44="",$N44=""),"",IF($N44="","",IF(INDEX(LdCWit,$N44)=0,"",INDEX(LdCWit,$N44)))) | G44: =IF($B44="","",IF($G43="",0,$G43)+IF($E44="",0,$E44)-IF($F44="",0,$F44)) | H44: =IF(AND($L44="",$M44="",$N44=""),"",IF($L44<>"",IF(INDEX(LdANote,$L44)="","—",INDEX(LdANote,$L44)),IF($M44<>"",IF(INDEX(LdBNote,$M44)="","—",INDEX(LdBNote,$M44)),IF($N44<>"",IF(INDEX(LdCNote,$N44)="","—",INDEX(LdCNote,$N44)),"")))) | L44: =IFERROR(MATCH($C$5&"|"&RIGHT("000000"&28,6),LdAKeyM,0),"") | M44: =IFERROR(MATCH($C$5&"|"&RIGHT("000000"&28,6),LdBKeyM,0),"") | N44: =IFERROR(MATCH($C$5&"|"&RIGHT("000000"&28,6),LdCKeyM,0),"")
A45: 29 | B45: =IF(AND($L45="",$M45="",$N45=""),"",IF($L45<>"",INDEX(LdADate,$L45),IF($M45<>"",INDEX(LdBDate,$M45),INDEX(LdCDate,$N45)))) | C45: =IF($L45<>"","دستمزد (فردی)",IF($M45<>"","سهم از گروه "&IFERROR(VLOOKUP(INDEX(LdBGroup,$M45),WGTbl,2,0),INDEX(LdBGroup,$M45)),IF($N45<>"",IF(N(INDEX(LdCDep,$N45))>0,"بازگشت بانکی","پرداخت بانکی"),""))) | D45: =IF($L45<>"",IF(INDEX(LdAId,$L45)="","—",INDEX(LdAId,$L45)),IF($M45<>"",IF(INDEX(LdBId,$M45)="","—",INDEX(LdBId,$M45)),IF($N45<>"",IF(INDEX(LdCBank,$N45)="","—",INDEX(LdCBank,$N45)),""))) | E45: =IF($L45<>"",IF(INDEX(LdAAmt,$L45)=0,"",INDEX(LdAAmt,$L45)),IF($M45<>"",IF(INDEX(LdBAmt,$M45)=0,"",INDEX(LdBAmt,$M45)),IF($N45<>"",IF(INDEX(LdCDep,$N45)=0,"",INDEX(LdCDep,$N45)),""))) | F45: =IF(AND($L45="",$M45="",$N45=""),"",IF($N45="","",IF(INDEX(LdCWit,$N45)=0,"",INDEX(LdCWit,$N45)))) | G45: =IF($B45="","",IF($G44="",0,$G44)+IF($E45="",0,$E45)-IF($F45="",0,$F45)) | H45: =IF(AND($L45="",$M45="",$N45=""),"",IF($L45<>"",IF(INDEX(LdANote,$L45)="","—",INDEX(LdANote,$L45)),IF($M45<>"",IF(INDEX(LdBNote,$M45)="","—",INDEX(LdBNote,$M45)),IF($N45<>"",IF(INDEX(LdCNote,$N45)="","—",INDEX(LdCNote,$N45)),"")))) | L45: =IFERROR(MATCH($C$5&"|"&RIGHT("000000"&29,6),LdAKeyM,0),"") | M45: =IFERROR(MATCH($C$5&"|"&RIGHT("000000"&29,6),LdBKeyM,0),"") | N45: =IFERROR(MATCH($C$5&"|"&RIGHT("000000"&29,6),LdCKeyM,0),"")
A46: 30 | B46: =IF(AND($L46="",$M46="",$N46=""),"",IF($L46<>"",INDEX(LdADate,$L46),IF($M46<>"",INDEX(LdBDate,$M46),INDEX(LdCDate,$N46)))) | C46: =IF($L46<>"","دستمزد (فردی)",IF($M46<>"","سهم از گروه "&IFERROR(VLOOKUP(INDEX(LdBGroup,$M46),WGTbl,2,0),INDEX(LdBGroup,$M46)),IF($N46<>"",IF(N(INDEX(LdCDep,$N46))>0,"بازگشت بانکی","پرداخت بانکی"),""))) | D46: =IF($L46<>"",IF(INDEX(LdAId,$L46)="","—",INDEX(LdAId,$L46)),IF($M46<>"",IF(INDEX(LdBId,$M46)="","—",INDEX(LdBId,$M46)),IF($N46<>"",IF(INDEX(LdCBank,$N46)="","—",INDEX(LdCBank,$N46)),""))) | E46: =IF($L46<>"",IF(INDEX(LdAAmt,$L46)=0,"",INDEX(LdAAmt,$L46)),IF($M46<>"",IF(INDEX(LdBAmt,$M46)=0,"",INDEX(LdBAmt,$M46)),IF($N46<>"",IF(INDEX(LdCDep,$N46)=0,"",INDEX(LdCDep,$N46)),""))) | F46: =IF(AND($L46="",$M46="",$N46=""),"",IF($N46="","",IF(INDEX(LdCWit,$N46)=0,"",INDEX(LdCWit,$N46)))) | G46: =IF($B46="","",IF($G45="",0,$G45)+IF($E46="",0,$E46)-IF($F46="",0,$F46)) | H46: =IF(AND($L46="",$M46="",$N46=""),"",IF($L46<>"",IF(INDEX(LdANote,$L46)="","—",INDEX(LdANote,$L46)),IF($M46<>"",IF(INDEX(LdBNote,$M46)="","—",INDEX(LdBNote,$M46)),IF($N46<>"",IF(INDEX(LdCNote,$N46)="","—",INDEX(LdCNote,$N46)),"")))) | L46: =IFERROR(MATCH($C$5&"|"&RIGHT("000000"&30,6),LdAKeyM,0),"") | M46: =IFERROR(MATCH($C$5&"|"&RIGHT("000000"&30,6),LdBKeyM,0),"") | N46: =IFERROR(MATCH($C$5&"|"&RIGHT("000000"&30,6),LdCKeyM,0),"")
A47: 31 | B47: =IF(AND($L47="",$M47="",$N47=""),"",IF($L47<>"",INDEX(LdADate,$L47),IF($M47<>"",INDEX(LdBDate,$M47),INDEX(LdCDate,$N47)))) | C47: =IF($L47<>"","دستمزد (فردی)",IF($M47<>"","سهم از گروه "&IFERROR(VLOOKUP(INDEX(LdBGroup,$M47),WGTbl,2,0),INDEX(LdBGroup,$M47)),IF($N47<>"",IF(N(INDEX(LdCDep,$N47))>0,"بازگشت بانکی","پرداخت بانکی"),""))) | D47: =IF($L47<>"",IF(INDEX(LdAId,$L47)="","—",INDEX(LdAId,$L47)),IF($M47<>"",IF(INDEX(LdBId,$M47)="","—",INDEX(LdBId,$M47)),IF($N47<>"",IF(INDEX(LdCBank,$N47)="","—",INDEX(LdCBank,$N47)),""))) | E47: =IF($L47<>"",IF(INDEX(LdAAmt,$L47)=0,"",INDEX(LdAAmt,$L47)),IF($M47<>"",IF(INDEX(LdBAmt,$M47)=0,"",INDEX(LdBAmt,$M47)),IF($N47<>"",IF(INDEX(LdCDep,$N47)=0,"",INDEX(LdCDep,$N47)),""))) | F47: =IF(AND($L47="",$M47="",$N47=""),"",IF($N47="","",IF(INDEX(LdCWit,$N47)=0,"",INDEX(LdCWit,$N47)))) | G47: =IF($B47="","",IF($G46="",0,$G46)+IF($E47="",0,$E47)-IF($F47="",0,$F47)) | H47: =IF(AND($L47="",$M47="",$N47=""),"",IF($L47<>"",IF(INDEX(LdANote,$L47)="","—",INDEX(LdANote,$L47)),IF($M47<>"",IF(INDEX(LdBNote,$M47)="","—",INDEX(LdBNote,$M47)),IF($N47<>"",IF(INDEX(LdCNote,$N47)="","—",INDEX(LdCNote,$N47)),"")))) | L47: =IFERROR(MATCH($C$5&"|"&RIGHT("000000"&31,6),LdAKeyM,0),"") | M47: =IFERROR(MATCH($C$5&"|"&RIGHT("000000"&31,6),LdBKeyM,0),"") | N47: =IFERROR(MATCH($C$5&"|"&RIGHT("000000"&31,6),LdCKeyM,0),"")
A48: 32 | B48: =IF(AND($L48="",$M48="",$N48=""),"",IF($L48<>"",INDEX(LdADate,$L48),IF($M48<>"",INDEX(LdBDate,$M48),INDEX(LdCDate,$N48)))) | C48: =IF($L48<>"","دستمزد (فردی)",IF($M48<>"","سهم از گروه "&IFERROR(VLOOKUP(INDEX(LdBGroup,$M48),WGTbl,2,0),INDEX(LdBGroup,$M48)),IF($N48<>"",IF(N(INDEX(LdCDep,$N48))>0,"بازگشت بانکی","پرداخت بانکی"),""))) | D48: =IF($L48<>"",IF(INDEX(LdAId,$L48)="","—",INDEX(LdAId,$L48)),IF($M48<>"",IF(INDEX(LdBId,$M48)="","—",INDEX(LdBId,$M48)),IF($N48<>"",IF(INDEX(LdCBank,$N48)="","—",INDEX(LdCBank,$N48)),""))) | E48: =IF($L48<>"",IF(INDEX(LdAAmt,$L48)=0,"",INDEX(LdAAmt,$L48)),IF($M48<>"",IF(INDEX(LdBAmt,$M48)=0,"",INDEX(LdBAmt,$M48)),IF($N48<>"",IF(INDEX(LdCDep,$N48)=0,"",INDEX(LdCDep,$N48)),""))) | F48: =IF(AND($L48="",$M48="",$N48=""),"",IF($N48="","",IF(INDEX(LdCWit,$N48)=0,"",INDEX(LdCWit,$N48)))) | G48: =IF($B48="","",IF($G47="",0,$G47)+IF($E48="",0,$E48)-IF($F48="",0,$F48)) | H48: =IF(AND($L48="",$M48="",$N48=""),"",IF($L48<>"",IF(INDEX(LdANote,$L48)="","—",INDEX(LdANote,$L48)),IF($M48<>"",IF(INDEX(LdBNote,$M48)="","—",INDEX(LdBNote,$M48)),IF($N48<>"",IF(INDEX(LdCNote,$N48)="","—",INDEX(LdCNote,$N48)),"")))) | L48: =IFERROR(MATCH($C$5&"|"&RIGHT("000000"&32,6),LdAKeyM,0),"") | M48: =IFERROR(MATCH($C$5&"|"&RIGHT("000000"&32,6),LdBKeyM,0),"") | N48: =IFERROR(MATCH($C$5&"|"&RIGHT("000000"&32,6),LdCKeyM,0),"")
A49: 33 | B49: =IF(AND($L49="",$M49="",$N49=""),"",IF($L49<>"",INDEX(LdADate,$L49),IF($M49<>"",INDEX(LdBDate,$M49),INDEX(LdCDate,$N49)))) | C49: =IF($L49<>"","دستمزد (فردی)",IF($M49<>"","سهم از گروه "&IFERROR(VLOOKUP(INDEX(LdBGroup,$M49),WGTbl,2,0),INDEX(LdBGroup,$M49)),IF($N49<>"",IF(N(INDEX(LdCDep,$N49))>0,"بازگشت بانکی","پرداخت بانکی"),""))) | D49: =IF($L49<>"",IF(INDEX(LdAId,$L49)="","—",INDEX(LdAId,$L49)),IF($M49<>"",IF(INDEX(LdBId,$M49)="","—",INDEX(LdBId,$M49)),IF($N49<>"",IF(INDEX(LdCBank,$N49)="","—",INDEX(LdCBank,$N49)),""))) | E49: =IF($L49<>"",IF(INDEX(LdAAmt,$L49)=0,"",INDEX(LdAAmt,$L49)),IF($M49<>"",IF(INDEX(LdBAmt,$M49)=0,"",INDEX(LdBAmt,$M49)),IF($N49<>"",IF(INDEX(LdCDep,$N49)=0,"",INDEX(LdCDep,$N49)),""))) | F49: =IF(AND($L49="",$M49="",$N49=""),"",IF($N49="","",IF(INDEX(LdCWit,$N49)=0,"",INDEX(LdCWit,$N49)))) | G49: =IF($B49="","",IF($G48="",0,$G48)+IF($E49="",0,$E49)-IF($F49="",0,$F49)) | H49: =IF(AND($L49="",$M49="",$N49=""),"",IF($L49<>"",IF(INDEX(LdANote,$L49)="","—",INDEX(LdANote,$L49)),IF($M49<>"",IF(INDEX(LdBNote,$M49)="","—",INDEX(LdBNote,$M49)),IF($N49<>"",IF(INDEX(LdCNote,$N49)="","—",INDEX(LdCNote,$N49)),"")))) | L49: =IFERROR(MATCH($C$5&"|"&RIGHT("000000"&33,6),LdAKeyM,0),"") | M49: =IFERROR(MATCH($C$5&"|"&RIGHT("000000"&33,6),LdBKeyM,0),"") | N49: =IFERROR(MATCH($C$5&"|"&RIGHT("000000"&33,6),LdCKeyM,0),"")
A50: 34 | B50: =IF(AND($L50="",$M50="",$N50=""),"",IF($L50<>"",INDEX(LdADate,$L50),IF($M50<>"",INDEX(LdBDate,$M50),INDEX(LdCDate,$N50)))) | C50: =IF($L50<>"","دستمزد (فردی)",IF($M50<>"","سهم از گروه "&IFERROR(VLOOKUP(INDEX(LdBGroup,$M50),WGTbl,2,0),INDEX(LdBGroup,$M50)),IF($N50<>"",IF(N(INDEX(LdCDep,$N50))>0,"بازگشت بانکی","پرداخت بانکی"),""))) | D50: =IF($L50<>"",IF(INDEX(LdAId,$L50)="","—",INDEX(LdAId,$L50)),IF($M50<>"",IF(INDEX(LdBId,$M50)="","—",INDEX(LdBId,$M50)),IF($N50<>"",IF(INDEX(LdCBank,$N50)="","—",INDEX(LdCBank,$N50)),""))) | E50: =IF($L50<>"",IF(INDEX(LdAAmt,$L50)=0,"",INDEX(LdAAmt,$L50)),IF($M50<>"",IF(INDEX(LdBAmt,$M50)=0,"",INDEX(LdBAmt,$M50)),IF($N50<>"",IF(INDEX(LdCDep,$N50)=0,"",INDEX(LdCDep,$N50)),""))) | F50: =IF(AND($L50="",$M50="",$N50=""),"",IF($N50="","",IF(INDEX(LdCWit,$N50)=0,"",INDEX(LdCWit,$N50)))) | G50: =IF($B50="","",IF($G49="",0,$G49)+IF($E50="",0,$E50)-IF($F50="",0,$F50)) | H50: =IF(AND($L50="",$M50="",$N50=""),"",IF($L50<>"",IF(INDEX(LdANote,$L50)="","—",INDEX(LdANote,$L50)),IF($M50<>"",IF(INDEX(LdBNote,$M50)="","—",INDEX(LdBNote,$M50)),IF($N50<>"",IF(INDEX(LdCNote,$N50)="","—",INDEX(LdCNote,$N50)),"")))) | L50: =IFERROR(MATCH($C$5&"|"&RIGHT("000000"&34,6),LdAKeyM,0),"") | M50: =IFERROR(MATCH($C$5&"|"&RIGHT("000000"&34,6),LdBKeyM,0),"") | N50: =IFERROR(MATCH($C$5&"|"&RIGHT("000000"&34,6),LdCKeyM,0),"")
A51: 35 | B51: =IF(AND($L51="",$M51="",$N51=""),"",IF($L51<>"",INDEX(LdADate,$L51),IF($M51<>"",INDEX(LdBDate,$M51),INDEX(LdCDate,$N51)))) | C51: =IF($L51<>"","دستمزد (فردی)",IF($M51<>"","سهم از گروه "&IFERROR(VLOOKUP(INDEX(LdBGroup,$M51),WGTbl,2,0),INDEX(LdBGroup,$M51)),IF($N51<>"",IF(N(INDEX(LdCDep,$N51))>0,"بازگشت بانکی","پرداخت بانکی"),""))) | D51: =IF($L51<>"",IF(INDEX(LdAId,$L51)="","—",INDEX(LdAId,$L51)),IF($M51<>"",IF(INDEX(LdBId,$M51)="","—",INDEX(LdBId,$M51)),IF($N51<>"",IF(INDEX(LdCBank,$N51)="","—",INDEX(LdCBank,$N51)),""))) | E51: =IF($L51<>"",IF(INDEX(LdAAmt,$L51)=0,"",INDEX(LdAAmt,$L51)),IF($M51<>"",IF(INDEX(LdBAmt,$M51)=0,"",INDEX(LdBAmt,$M51)),IF($N51<>"",IF(INDEX(LdCDep,$N51)=0,"",INDEX(LdCDep,$N51)),""))) | F51: =IF(AND($L51="",$M51="",$N51=""),"",IF($N51="","",IF(INDEX(LdCWit,$N51)=0,"",INDEX(LdCWit,$N51)))) | G51: =IF($B51="","",IF($G50="",0,$G50)+IF($E51="",0,$E51)-IF($F51="",0,$F51)) | H51: =IF(AND($L51="",$M51="",$N51=""),"",IF($L51<>"",IF(INDEX(LdANote,$L51)="","—",INDEX(LdANote,$L51)),IF($M51<>"",IF(INDEX(LdBNote,$M51)="","—",INDEX(LdBNote,$M51)),IF($N51<>"",IF(INDEX(LdCNote,$N51)="","—",INDEX(LdCNote,$N51)),"")))) | L51: =IFERROR(MATCH($C$5&"|"&RIGHT("000000"&35,6),LdAKeyM,0),"") | M51: =IFERROR(MATCH($C$5&"|"&RIGHT("000000"&35,6),LdBKeyM,0),"") | N51: =IFERROR(MATCH($C$5&"|"&RIGHT("000000"&35,6),LdCKeyM,0),"")
A52: 36 | B52: =IF(AND($L52="",$M52="",$N52=""),"",IF($L52<>"",INDEX(LdADate,$L52),IF($M52<>"",INDEX(LdBDate,$M52),INDEX(LdCDate,$N52)))) | C52: =IF($L52<>"","دستمزد (فردی)",IF($M52<>"","سهم از گروه "&IFERROR(VLOOKUP(INDEX(LdBGroup,$M52),WGTbl,2,0),INDEX(LdBGroup,$M52)),IF($N52<>"",IF(N(INDEX(LdCDep,$N52))>0,"بازگشت بانکی","پرداخت بانکی"),""))) | D52: =IF($L52<>"",IF(INDEX(LdAId,$L52)="","—",INDEX(LdAId,$L52)),IF($M52<>"",IF(INDEX(LdBId,$M52)="","—",INDEX(LdBId,$M52)),IF($N52<>"",IF(INDEX(LdCBank,$N52)="","—",INDEX(LdCBank,$N52)),""))) | E52: =IF($L52<>"",IF(INDEX(LdAAmt,$L52)=0,"",INDEX(LdAAmt,$L52)),IF($M52<>"",IF(INDEX(LdBAmt,$M52)=0,"",INDEX(LdBAmt,$M52)),IF($N52<>"",IF(INDEX(LdCDep,$N52)=0,"",INDEX(LdCDep,$N52)),""))) | F52: =IF(AND($L52="",$M52="",$N52=""),"",IF($N52="","",IF(INDEX(LdCWit,$N52)=0,"",INDEX(LdCWit,$N52)))) | G52: =IF($B52="","",IF($G51="",0,$G51)+IF($E52="",0,$E52)-IF($F52="",0,$F52)) | H52: =IF(AND($L52="",$M52="",$N52=""),"",IF($L52<>"",IF(INDEX(LdANote,$L52)="","—",INDEX(LdANote,$L52)),IF($M52<>"",IF(INDEX(LdBNote,$M52)="","—",INDEX(LdBNote,$M52)),IF($N52<>"",IF(INDEX(LdCNote,$N52)="","—",INDEX(LdCNote,$N52)),"")))) | L52: =IFERROR(MATCH($C$5&"|"&RIGHT("000000"&36,6),LdAKeyM,0),"") | M52: =IFERROR(MATCH($C$5&"|"&RIGHT("000000"&36,6),LdBKeyM,0),"") | N52: =IFERROR(MATCH($C$5&"|"&RIGHT("000000"&36,6),LdCKeyM,0),"")
A53: 37 | B53: =IF(AND($L53="",$M53="",$N53=""),"",IF($L53<>"",INDEX(LdADate,$L53),IF($M53<>"",INDEX(LdBDate,$M53),INDEX(LdCDate,$N53)))) | C53: =IF($L53<>"","دستمزد (فردی)",IF($M53<>"","سهم از گروه "&IFERROR(VLOOKUP(INDEX(LdBGroup,$M53),WGTbl,2,0),INDEX(LdBGroup,$M53)),IF($N53<>"",IF(N(INDEX(LdCDep,$N53))>0,"بازگشت بانکی","پرداخت بانکی"),""))) | D53: =IF($L53<>"",IF(INDEX(LdAId,$L53)="","—",INDEX(LdAId,$L53)),IF($M53<>"",IF(INDEX(LdBId,$M53)="","—",INDEX(LdBId,$M53)),IF($N53<>"",IF(INDEX(LdCBank,$N53)="","—",INDEX(LdCBank,$N53)),""))) | E53: =IF($L53<>"",IF(INDEX(LdAAmt,$L53)=0,"",INDEX(LdAAmt,$L53)),IF($M53<>"",IF(INDEX(LdBAmt,$M53)=0,"",INDEX(LdBAmt,$M53)),IF($N53<>"",IF(INDEX(LdCDep,$N53)=0,"",INDEX(LdCDep,$N53)),""))) | F53: =IF(AND($L53="",$M53="",$N53=""),"",IF($N53="","",IF(INDEX(LdCWit,$N53)=0,"",INDEX(LdCWit,$N53)))) | G53: =IF($B53="","",IF($G52="",0,$G52)+IF($E53="",0,$E53)-IF($F53="",0,$F53)) | H53: =IF(AND($L53="",$M53="",$N53=""),"",IF($L53<>"",IF(INDEX(LdANote,$L53)="","—",INDEX(LdANote,$L53)),IF($M53<>"",IF(INDEX(LdBNote,$M53)="","—",INDEX(LdBNote,$M53)),IF($N53<>"",IF(INDEX(LdCNote,$N53)="","—",INDEX(LdCNote,$N53)),"")))) | L53: =IFERROR(MATCH($C$5&"|"&RIGHT("000000"&37,6),LdAKeyM,0),"") | M53: =IFERROR(MATCH($C$5&"|"&RIGHT("000000"&37,6),LdBKeyM,0),"") | N53: =IFERROR(MATCH($C$5&"|"&RIGHT("000000"&37,6),LdCKeyM,0),"")
A54: 38 | B54: =IF(AND($L54="",$M54="",$N54=""),"",IF($L54<>"",INDEX(LdADate,$L54),IF($M54<>"",INDEX(LdBDate,$M54),INDEX(LdCDate,$N54)))) | C54: =IF($L54<>"","دستمزد (فردی)",IF($M54<>"","سهم از گروه "&IFERROR(VLOOKUP(INDEX(LdBGroup,$M54),WGTbl,2,0),INDEX(LdBGroup,$M54)),IF($N54<>"",IF(N(INDEX(LdCDep,$N54))>0,"بازگشت بانکی","پرداخت بانکی"),""))) | D54: =IF($L54<>"",IF(INDEX(LdAId,$L54)="","—",INDEX(LdAId,$L54)),IF($M54<>"",IF(INDEX(LdBId,$M54)="","—",INDEX(LdBId,$M54)),IF($N54<>"",IF(INDEX(LdCBank,$N54)="","—",INDEX(LdCBank,$N54)),""))) | E54: =IF($L54<>"",IF(INDEX(LdAAmt,$L54)=0,"",INDEX(LdAAmt,$L54)),IF($M54<>"",IF(INDEX(LdBAmt,$M54)=0,"",INDEX(LdBAmt,$M54)),IF($N54<>"",IF(INDEX(LdCDep,$N54)=0,"",INDEX(LdCDep,$N54)),""))) | F54: =IF(AND($L54="",$M54="",$N54=""),"",IF($N54="","",IF(INDEX(LdCWit,$N54)=0,"",INDEX(LdCWit,$N54)))) | G54: =IF($B54="","",IF($G53="",0,$G53)+IF($E54="",0,$E54)-IF($F54="",0,$F54)) | H54: =IF(AND($L54="",$M54="",$N54=""),"",IF($L54<>"",IF(INDEX(LdANote,$L54)="","—",INDEX(LdANote,$L54)),IF($M54<>"",IF(INDEX(LdBNote,$M54)="","—",INDEX(LdBNote,$M54)),IF($N54<>"",IF(INDEX(LdCNote,$N54)="","—",INDEX(LdCNote,$N54)),"")))) | L54: =IFERROR(MATCH($C$5&"|"&RIGHT("000000"&38,6),LdAKeyM,0),"") | M54: =IFERROR(MATCH($C$5&"|"&RIGHT("000000"&38,6),LdBKeyM,0),"") | N54: =IFERROR(MATCH($C$5&"|"&RIGHT("000000"&38,6),LdCKeyM,0),"")
A55: 39 | B55: =IF(AND($L55="",$M55="",$N55=""),"",IF($L55<>"",INDEX(LdADate,$L55),IF($M55<>"",INDEX(LdBDate,$M55),INDEX(LdCDate,$N55)))) | C55: =IF($L55<>"","دستمزد (فردی)",IF($M55<>"","سهم از گروه "&IFERROR(VLOOKUP(INDEX(LdBGroup,$M55),WGTbl,2,0),INDEX(LdBGroup,$M55)),IF($N55<>"",IF(N(INDEX(LdCDep,$N55))>0,"بازگشت بانکی","پرداخت بانکی"),""))) | D55: =IF($L55<>"",IF(INDEX(LdAId,$L55)="","—",INDEX(LdAId,$L55)),IF($M55<>"",IF(INDEX(LdBId,$M55)="","—",INDEX(LdBId,$M55)),IF($N55<>"",IF(INDEX(LdCBank,$N55)="","—",INDEX(LdCBank,$N55)),""))) | E55: =IF($L55<>"",IF(INDEX(LdAAmt,$L55)=0,"",INDEX(LdAAmt,$L55)),IF($M55<>"",IF(INDEX(LdBAmt,$M55)=0,"",INDEX(LdBAmt,$M55)),IF($N55<>"",IF(INDEX(LdCDep,$N55)=0,"",INDEX(LdCDep,$N55)),""))) | F55: =IF(AND($L55="",$M55="",$N55=""),"",IF($N55="","",IF(INDEX(LdCWit,$N55)=0,"",INDEX(LdCWit,$N55)))) | G55: =IF($B55="","",IF($G54="",0,$G54)+IF($E55="",0,$E55)-IF($F55="",0,$F55)) | H55: =IF(AND($L55="",$M55="",$N55=""),"",IF($L55<>"",IF(INDEX(LdANote,$L55)="","—",INDEX(LdANote,$L55)),IF($M55<>"",IF(INDEX(LdBNote,$M55)="","—",INDEX(LdBNote,$M55)),IF($N55<>"",IF(INDEX(LdCNote,$N55)="","—",INDEX(LdCNote,$N55)),"")))) | L55: =IFERROR(MATCH($C$5&"|"&RIGHT("000000"&39,6),LdAKeyM,0),"") | M55: =IFERROR(MATCH($C$5&"|"&RIGHT("000000"&39,6),LdBKeyM,0),"") | N55: =IFERROR(MATCH($C$5&"|"&RIGHT("000000"&39,6),LdCKeyM,0),"")
A56: 40 | B56: =IF(AND($L56="",$M56="",$N56=""),"",IF($L56<>"",INDEX(LdADate,$L56),IF($M56<>"",INDEX(LdBDate,$M56),INDEX(LdCDate,$N56)))) | C56: =IF($L56<>"","دستمزد (فردی)",IF($M56<>"","سهم از گروه "&IFERROR(VLOOKUP(INDEX(LdBGroup,$M56),WGTbl,2,0),INDEX(LdBGroup,$M56)),IF($N56<>"",IF(N(INDEX(LdCDep,$N56))>0,"بازگشت بانکی","پرداخت بانکی"),""))) | D56: =IF($L56<>"",IF(INDEX(LdAId,$L56)="","—",INDEX(LdAId,$L56)),IF($M56<>"",IF(INDEX(LdBId,$M56)="","—",INDEX(LdBId,$M56)),IF($N56<>"",IF(INDEX(LdCBank,$N56)="","—",INDEX(LdCBank,$N56)),""))) | E56: =IF($L56<>"",IF(INDEX(LdAAmt,$L56)=0,"",INDEX(LdAAmt,$L56)),IF($M56<>"",IF(INDEX(LdBAmt,$M56)=0,"",INDEX(LdBAmt,$M56)),IF($N56<>"",IF(INDEX(LdCDep,$N56)=0,"",INDEX(LdCDep,$N56)),""))) | F56: =IF(AND($L56="",$M56="",$N56=""),"",IF($N56="","",IF(INDEX(LdCWit,$N56)=0,"",INDEX(LdCWit,$N56)))) | G56: =IF($B56="","",IF($G55="",0,$G55)+IF($E56="",0,$E56)-IF($F56="",0,$F56)) | H56: =IF(AND($L56="",$M56="",$N56=""),"",IF($L56<>"",IF(INDEX(LdANote,$L56)="","—",INDEX(LdANote,$L56)),IF($M56<>"",IF(INDEX(LdBNote,$M56)="","—",INDEX(LdBNote,$M56)),IF($N56<>"",IF(INDEX(LdCNote,$N56)="","—",INDEX(LdCNote,$N56)),"")))) | L56: =IFERROR(MATCH($C$5&"|"&RIGHT("000000"&40,6),LdAKeyM,0),"") | M56: =IFERROR(MATCH($C$5&"|"&RIGHT("000000"&40,6),LdBKeyM,0),"") | N56: =IFERROR(MATCH($C$5&"|"&RIGHT("000000"&40,6),LdCKeyM,0),"")
A57: 41 | B57: =IF(AND($L57="",$M57="",$N57=""),"",IF($L57<>"",INDEX(LdADate,$L57),IF($M57<>"",INDEX(LdBDate,$M57),INDEX(LdCDate,$N57)))) | C57: =IF($L57<>"","دستمزد (فردی)",IF($M57<>"","سهم از گروه "&IFERROR(VLOOKUP(INDEX(LdBGroup,$M57),WGTbl,2,0),INDEX(LdBGroup,$M57)),IF($N57<>"",IF(N(INDEX(LdCDep,$N57))>0,"بازگشت بانکی","پرداخت بانکی"),""))) | D57: =IF($L57<>"",IF(INDEX(LdAId,$L57)="","—",INDEX(LdAId,$L57)),IF($M57<>"",IF(INDEX(LdBId,$M57)="","—",INDEX(LdBId,$M57)),IF($N57<>"",IF(INDEX(LdCBank,$N57)="","—",INDEX(LdCBank,$N57)),""))) | E57: =IF($L57<>"",IF(INDEX(LdAAmt,$L57)=0,"",INDEX(LdAAmt,$L57)),IF($M57<>"",IF(INDEX(LdBAmt,$M57)=0,"",INDEX(LdBAmt,$M57)),IF($N57<>"",IF(INDEX(LdCDep,$N57)=0,"",INDEX(LdCDep,$N57)),""))) | F57: =IF(AND($L57="",$M57="",$N57=""),"",IF($N57="","",IF(INDEX(LdCWit,$N57)=0,"",INDEX(LdCWit,$N57)))) | G57: =IF($B57="","",IF($G56="",0,$G56)+IF($E57="",0,$E57)-IF($F57="",0,$F57)) | H57: =IF(AND($L57="",$M57="",$N57=""),"",IF($L57<>"",IF(INDEX(LdANote,$L57)="","—",INDEX(LdANote,$L57)),IF($M57<>"",IF(INDEX(LdBNote,$M57)="","—",INDEX(LdBNote,$M57)),IF($N57<>"",IF(INDEX(LdCNote,$N57)="","—",INDEX(LdCNote,$N57)),"")))) | L57: =IFERROR(MATCH($C$5&"|"&RIGHT("000000"&41,6),LdAKeyM,0),"") | M57: =IFERROR(MATCH($C$5&"|"&RIGHT("000000"&41,6),LdBKeyM,0),"") | N57: =IFERROR(MATCH($C$5&"|"&RIGHT("000000"&41,6),LdCKeyM,0),"")
A58: 42 | B58: =IF(AND($L58="",$M58="",$N58=""),"",IF($L58<>"",INDEX(LdADate,$L58),IF($M58<>"",INDEX(LdBDate,$M58),INDEX(LdCDate,$N58)))) | C58: =IF($L58<>"","دستمزد (فردی)",IF($M58<>"","سهم از گروه "&IFERROR(VLOOKUP(INDEX(LdBGroup,$M58),WGTbl,2,0),INDEX(LdBGroup,$M58)),IF($N58<>"",IF(N(INDEX(LdCDep,$N58))>0,"بازگشت بانکی","پرداخت بانکی"),""))) | D58: =IF($L58<>"",IF(INDEX(LdAId,$L58)="","—",INDEX(LdAId,$L58)),IF($M58<>"",IF(INDEX(LdBId,$M58)="","—",INDEX(LdBId,$M58)),IF($N58<>"",IF(INDEX(LdCBank,$N58)="","—",INDEX(LdCBank,$N58)),""))) | E58: =IF($L58<>"",IF(INDEX(LdAAmt,$L58)=0,"",INDEX(LdAAmt,$L58)),IF($M58<>"",IF(INDEX(LdBAmt,$M58)=0,"",INDEX(LdBAmt,$M58)),IF($N58<>"",IF(INDEX(LdCDep,$N58)=0,"",INDEX(LdCDep,$N58)),""))) | F58: =IF(AND($L58="",$M58="",$N58=""),"",IF($N58="","",IF(INDEX(LdCWit,$N58)=0,"",INDEX(LdCWit,$N58)))) | G58: =IF($B58="","",IF($G57="",0,$G57)+IF($E58="",0,$E58)-IF($F58="",0,$F58)) | H58: =IF(AND($L58="",$M58="",$N58=""),"",IF($L58<>"",IF(INDEX(LdANote,$L58)="","—",INDEX(LdANote,$L58)),IF($M58<>"",IF(INDEX(LdBNote,$M58)="","—",INDEX(LdBNote,$M58)),IF($N58<>"",IF(INDEX(LdCNote,$N58)="","—",INDEX(LdCNote,$N58)),"")))) | L58: =IFERROR(MATCH($C$5&"|"&RIGHT("000000"&42,6),LdAKeyM,0),"") | M58: =IFERROR(MATCH($C$5&"|"&RIGHT("000000"&42,6),LdBKeyM,0),"") | N58: =IFERROR(MATCH($C$5&"|"&RIGHT("000000"&42,6),LdCKeyM,0),"")
A59: 43 | B59: =IF(AND($L59="",$M59="",$N59=""),"",IF($L59<>"",INDEX(LdADate,$L59),IF($M59<>"",INDEX(LdBDate,$M59),INDEX(LdCDate,$N59)))) | C59: =IF($L59<>"","دستمزد (فردی)",IF($M59<>"","سهم از گروه "&IFERROR(VLOOKUP(INDEX(LdBGroup,$M59),WGTbl,2,0),INDEX(LdBGroup,$M59)),IF($N59<>"",IF(N(INDEX(LdCDep,$N59))>0,"بازگشت بانکی","پرداخت بانکی"),""))) | D59: =IF($L59<>"",IF(INDEX(LdAId,$L59)="","—",INDEX(LdAId,$L59)),IF($M59<>"",IF(INDEX(LdBId,$M59)="","—",INDEX(LdBId,$M59)),IF($N59<>"",IF(INDEX(LdCBank,$N59)="","—",INDEX(LdCBank,$N59)),""))) | E59: =IF($L59<>"",IF(INDEX(LdAAmt,$L59)=0,"",INDEX(LdAAmt,$L59)),IF($M59<>"",IF(INDEX(LdBAmt,$M59)=0,"",INDEX(LdBAmt,$M59)),IF($N59<>"",IF(INDEX(LdCDep,$N59)=0,"",INDEX(LdCDep,$N59)),""))) | F59: =IF(AND($L59="",$M59="",$N59=""),"",IF($N59="","",IF(INDEX(LdCWit,$N59)=0,"",INDEX(LdCWit,$N59)))) | G59: =IF($B59="","",IF($G58="",0,$G58)+IF($E59="",0,$E59)-IF($F59="",0,$F59)) | H59: =IF(AND($L59="",$M59="",$N59=""),"",IF($L59<>"",IF(INDEX(LdANote,$L59)="","—",INDEX(LdANote,$L59)),IF($M59<>"",IF(INDEX(LdBNote,$M59)="","—",INDEX(LdBNote,$M59)),IF($N59<>"",IF(INDEX(LdCNote,$N59)="","—",INDEX(LdCNote,$N59)),"")))) | L59: =IFERROR(MATCH($C$5&"|"&RIGHT("000000"&43,6),LdAKeyM,0),"") | M59: =IFERROR(MATCH($C$5&"|"&RIGHT("000000"&43,6),LdBKeyM,0),"") | N59: =IFERROR(MATCH($C$5&"|"&RIGHT("000000"&43,6),LdCKeyM,0),"")
A60: 44 | B60: =IF(AND($L60="",$M60="",$N60=""),"",IF($L60<>"",INDEX(LdADate,$L60),IF($M60<>"",INDEX(LdBDate,$M60),INDEX(LdCDate,$N60)))) | C60: =IF($L60<>"","دستمزد (فردی)",IF($M60<>"","سهم از گروه "&IFERROR(VLOOKUP(INDEX(LdBGroup,$M60),WGTbl,2,0),INDEX(LdBGroup,$M60)),IF($N60<>"",IF(N(INDEX(LdCDep,$N60))>0,"بازگشت بانکی","پرداخت بانکی"),""))) | D60: =IF($L60<>"",IF(INDEX(LdAId,$L60)="","—",INDEX(LdAId,$L60)),IF($M60<>"",IF(INDEX(LdBId,$M60)="","—",INDEX(LdBId,$M60)),IF($N60<>"",IF(INDEX(LdCBank,$N60)="","—",INDEX(LdCBank,$N60)),""))) | E60: =IF($L60<>"",IF(INDEX(LdAAmt,$L60)=0,"",INDEX(LdAAmt,$L60)),IF($M60<>"",IF(INDEX(LdBAmt,$M60)=0,"",INDEX(LdBAmt,$M60)),IF($N60<>"",IF(INDEX(LdCDep,$N60)=0,"",INDEX(LdCDep,$N60)),""))) | F60: =IF(AND($L60="",$M60="",$N60=""),"",IF($N60="","",IF(INDEX(LdCWit,$N60)=0,"",INDEX(LdCWit,$N60)))) | G60: =IF($B60="","",IF($G59="",0,$G59)+IF($E60="",0,$E60)-IF($F60="",0,$F60)) | H60: =IF(AND($L60="",$M60="",$N60=""),"",IF($L60<>"",IF(INDEX(LdANote,$L60)="","—",INDEX(LdANote,$L60)),IF($M60<>"",IF(INDEX(LdBNote,$M60)="","—",INDEX(LdBNote,$M60)),IF($N60<>"",IF(INDEX(LdCNote,$N60)="","—",INDEX(LdCNote,$N60)),"")))) | L60: =IFERROR(MATCH($C$5&"|"&RIGHT("000000"&44,6),LdAKeyM,0),"") | M60: =IFERROR(MATCH($C$5&"|"&RIGHT("000000"&44,6),LdBKeyM,0),"") | N60: =IFERROR(MATCH($C$5&"|"&RIGHT("000000"&44,6),LdCKeyM,0),"")
A61: 45 | B61: =IF(AND($L61="",$M61="",$N61=""),"",IF($L61<>"",INDEX(LdADate,$L61),IF($M61<>"",INDEX(LdBDate,$M61),INDEX(LdCDate,$N61)))) | C61: =IF($L61<>"","دستمزد (فردی)",IF($M61<>"","سهم از گروه "&IFERROR(VLOOKUP(INDEX(LdBGroup,$M61),WGTbl,2,0),INDEX(LdBGroup,$M61)),IF($N61<>"",IF(N(INDEX(LdCDep,$N61))>0,"بازگشت بانکی","پرداخت بانکی"),""))) | D61: =IF($L61<>"",IF(INDEX(LdAId,$L61)="","—",INDEX(LdAId,$L61)),IF($M61<>"",IF(INDEX(LdBId,$M61)="","—",INDEX(LdBId,$M61)),IF($N61<>"",IF(INDEX(LdCBank,$N61)="","—",INDEX(LdCBank,$N61)),""))) | E61: =IF($L61<>"",IF(INDEX(LdAAmt,$L61)=0,"",INDEX(LdAAmt,$L61)),IF($M61<>"",IF(INDEX(LdBAmt,$M61)=0,"",INDEX(LdBAmt,$M61)),IF($N61<>"",IF(INDEX(LdCDep,$N61)=0,"",INDEX(LdCDep,$N61)),""))) | F61: =IF(AND($L61="",$M61="",$N61=""),"",IF($N61="","",IF(INDEX(LdCWit,$N61)=0,"",INDEX(LdCWit,$N61)))) | G61: =IF($B61="","",IF($G60="",0,$G60)+IF($E61="",0,$E61)-IF($F61="",0,$F61)) | H61: =IF(AND($L61="",$M61="",$N61=""),"",IF($L61<>"",IF(INDEX(LdANote,$L61)="","—",INDEX(LdANote,$L61)),IF($M61<>"",IF(INDEX(LdBNote,$M61)="","—",INDEX(LdBNote,$M61)),IF($N61<>"",IF(INDEX(LdCNote,$N61)="","—",INDEX(LdCNote,$N61)),"")))) | L61: =IFERROR(MATCH($C$5&"|"&RIGHT("000000"&45,6),LdAKeyM,0),"") | M61: =IFERROR(MATCH($C$5&"|"&RIGHT("000000"&45,6),LdBKeyM,0),"") | N61: =IFERROR(MATCH($C$5&"|"&RIGHT("000000"&45,6),LdCKeyM,0),"")
A62: 46 | B62: =IF(AND($L62="",$M62="",$N62=""),"",IF($L62<>"",INDEX(LdADate,$L62),IF($M62<>"",INDEX(LdBDate,$M62),INDEX(LdCDate,$N62)))) | C62: =IF($L62<>"","دستمزد (فردی)",IF($M62<>"","سهم از گروه "&IFERROR(VLOOKUP(INDEX(LdBGroup,$M62),WGTbl,2,0),INDEX(LdBGroup,$M62)),IF($N62<>"",IF(N(INDEX(LdCDep,$N62))>0,"بازگشت بانکی","پرداخت بانکی"),""))) | D62: =IF($L62<>"",IF(INDEX(LdAId,$L62)="","—",INDEX(LdAId,$L62)),IF($M62<>"",IF(INDEX(LdBId,$M62)="","—",INDEX(LdBId,$M62)),IF($N62<>"",IF(INDEX(LdCBank,$N62)="","—",INDEX(LdCBank,$N62)),""))) | E62: =IF($L62<>"",IF(INDEX(LdAAmt,$L62)=0,"",INDEX(LdAAmt,$L62)),IF($M62<>"",IF(INDEX(LdBAmt,$M62)=0,"",INDEX(LdBAmt,$M62)),IF($N62<>"",IF(INDEX(LdCDep,$N62)=0,"",INDEX(LdCDep,$N62)),""))) | F62: =IF(AND($L62="",$M62="",$N62=""),"",IF($N62="","",IF(INDEX(LdCWit,$N62)=0,"",INDEX(LdCWit,$N62)))) | G62: =IF($B62="","",IF($G61="",0,$G61)+IF($E62="",0,$E62)-IF($F62="",0,$F62)) | H62: =IF(AND($L62="",$M62="",$N62=""),"",IF($L62<>"",IF(INDEX(LdANote,$L62)="","—",INDEX(LdANote,$L62)),IF($M62<>"",IF(INDEX(LdBNote,$M62)="","—",INDEX(LdBNote,$M62)),IF($N62<>"",IF(INDEX(LdCNote,$N62)="","—",INDEX(LdCNote,$N62)),"")))) | L62: =IFERROR(MATCH($C$5&"|"&RIGHT("000000"&46,6),LdAKeyM,0),"") | M62: =IFERROR(MATCH($C$5&"|"&RIGHT("000000"&46,6),LdBKeyM,0),"") | N62: =IFERROR(MATCH($C$5&"|"&RIGHT("000000"&46,6),LdCKeyM,0),"")
A63: 47 | B63: =IF(AND($L63="",$M63="",$N63=""),"",IF($L63<>"",INDEX(LdADate,$L63),IF($M63<>"",INDEX(LdBDate,$M63),INDEX(LdCDate,$N63)))) | C63: =IF($L63<>"","دستمزد (فردی)",IF($M63<>"","سهم از گروه "&IFERROR(VLOOKUP(INDEX(LdBGroup,$M63),WGTbl,2,0),INDEX(LdBGroup,$M63)),IF($N63<>"",IF(N(INDEX(LdCDep,$N63))>0,"بازگشت بانکی","پرداخت بانکی"),""))) | D63: =IF($L63<>"",IF(INDEX(LdAId,$L63)="","—",INDEX(LdAId,$L63)),IF($M63<>"",IF(INDEX(LdBId,$M63)="","—",INDEX(LdBId,$M63)),IF($N63<>"",IF(INDEX(LdCBank,$N63)="","—",INDEX(LdCBank,$N63)),""))) | E63: =IF($L63<>"",IF(INDEX(LdAAmt,$L63)=0,"",INDEX(LdAAmt,$L63)),IF($M63<>"",IF(INDEX(LdBAmt,$M63)=0,"",INDEX(LdBAmt,$M63)),IF($N63<>"",IF(INDEX(LdCDep,$N63)=0,"",INDEX(LdCDep,$N63)),""))) | F63: =IF(AND($L63="",$M63="",$N63=""),"",IF($N63="","",IF(INDEX(LdCWit,$N63)=0,"",INDEX(LdCWit,$N63)))) | G63: =IF($B63="","",IF($G62="",0,$G62)+IF($E63="",0,$E63)-IF($F63="",0,$F63)) | H63: =IF(AND($L63="",$M63="",$N63=""),"",IF($L63<>"",IF(INDEX(LdANote,$L63)="","—",INDEX(LdANote,$L63)),IF($M63<>"",IF(INDEX(LdBNote,$M63)="","—",INDEX(LdBNote,$M63)),IF($N63<>"",IF(INDEX(LdCNote,$N63)="","—",INDEX(LdCNote,$N63)),"")))) | L63: =IFERROR(MATCH($C$5&"|"&RIGHT("000000"&47,6),LdAKeyM,0),"") | M63: =IFERROR(MATCH($C$5&"|"&RIGHT("000000"&47,6),LdBKeyM,0),"") | N63: =IFERROR(MATCH($C$5&"|"&RIGHT("000000"&47,6),LdCKeyM,0),"")
A64: 48 | B64: =IF(AND($L64="",$M64="",$N64=""),"",IF($L64<>"",INDEX(LdADate,$L64),IF($M64<>"",INDEX(LdBDate,$M64),INDEX(LdCDate,$N64)))) | C64: =IF($L64<>"","دستمزد (فردی)",IF($M64<>"","سهم از گروه "&IFERROR(VLOOKUP(INDEX(LdBGroup,$M64),WGTbl,2,0),INDEX(LdBGroup,$M64)),IF($N64<>"",IF(N(INDEX(LdCDep,$N64))>0,"بازگشت بانکی","پرداخت بانکی"),""))) | D64: =IF($L64<>"",IF(INDEX(LdAId,$L64)="","—",INDEX(LdAId,$L64)),IF($M64<>"",IF(INDEX(LdBId,$M64)="","—",INDEX(LdBId,$M64)),IF($N64<>"",IF(INDEX(LdCBank,$N64)="","—",INDEX(LdCBank,$N64)),""))) | E64: =IF($L64<>"",IF(INDEX(LdAAmt,$L64)=0,"",INDEX(LdAAmt,$L64)),IF($M64<>"",IF(INDEX(LdBAmt,$M64)=0,"",INDEX(LdBAmt,$M64)),IF($N64<>"",IF(INDEX(LdCDep,$N64)=0,"",INDEX(LdCDep,$N64)),""))) | F64: =IF(AND($L64="",$M64="",$N64=""),"",IF($N64="","",IF(INDEX(LdCWit,$N64)=0,"",INDEX(LdCWit,$N64)))) | G64: =IF($B64="","",IF($G63="",0,$G63)+IF($E64="",0,$E64)-IF($F64="",0,$F64)) | H64: =IF(AND($L64="",$M64="",$N64=""),"",IF($L64<>"",IF(INDEX(LdANote,$L64)="","—",INDEX(LdANote,$L64)),IF($M64<>"",IF(INDEX(LdBNote,$M64)="","—",INDEX(LdBNote,$M64)),IF($N64<>"",IF(INDEX(LdCNote,$N64)="","—",INDEX(LdCNote,$N64)),"")))) | L64: =IFERROR(MATCH($C$5&"|"&RIGHT("000000"&48,6),LdAKeyM,0),"") | M64: =IFERROR(MATCH($C$5&"|"&RIGHT("000000"&48,6),LdBKeyM,0),"") | N64: =IFERROR(MATCH($C$5&"|"&RIGHT("000000"&48,6),LdCKeyM,0),"")
A65: 49 | B65: =IF(AND($L65="",$M65="",$N65=""),"",IF($L65<>"",INDEX(LdADate,$L65),IF($M65<>"",INDEX(LdBDate,$M65),INDEX(LdCDate,$N65)))) | C65: =IF($L65<>"","دستمزد (فردی)",IF($M65<>"","سهم از گروه "&IFERROR(VLOOKUP(INDEX(LdBGroup,$M65),WGTbl,2,0),INDEX(LdBGroup,$M65)),IF($N65<>"",IF(N(INDEX(LdCDep,$N65))>0,"بازگشت بانکی","پرداخت بانکی"),""))) | D65: =IF($L65<>"",IF(INDEX(LdAId,$L65)="","—",INDEX(LdAId,$L65)),IF($M65<>"",IF(INDEX(LdBId,$M65)="","—",INDEX(LdBId,$M65)),IF($N65<>"",IF(INDEX(LdCBank,$N65)="","—",INDEX(LdCBank,$N65)),""))) | E65: =IF($L65<>"",IF(INDEX(LdAAmt,$L65)=0,"",INDEX(LdAAmt,$L65)),IF($M65<>"",IF(INDEX(LdBAmt,$M65)=0,"",INDEX(LdBAmt,$M65)),IF($N65<>"",IF(INDEX(LdCDep,$N65)=0,"",INDEX(LdCDep,$N65)),""))) | F65: =IF(AND($L65="",$M65="",$N65=""),"",IF($N65="","",IF(INDEX(LdCWit,$N65)=0,"",INDEX(LdCWit,$N65)))) | G65: =IF($B65="","",IF($G64="",0,$G64)+IF($E65="",0,$E65)-IF($F65="",0,$F65)) | H65: =IF(AND($L65="",$M65="",$N65=""),"",IF($L65<>"",IF(INDEX(LdANote,$L65)="","—",INDEX(LdANote,$L65)),IF($M65<>"",IF(INDEX(LdBNote,$M65)="","—",INDEX(LdBNote,$M65)),IF($N65<>"",IF(INDEX(LdCNote,$N65)="","—",INDEX(LdCNote,$N65)),"")))) | L65: =IFERROR(MATCH($C$5&"|"&RIGHT("000000"&49,6),LdAKeyM,0),"") | M65: =IFERROR(MATCH($C$5&"|"&RIGHT("000000"&49,6),LdBKeyM,0),"") | N65: =IFERROR(MATCH($C$5&"|"&RIGHT("000000"&49,6),LdCKeyM,0),"")
A66: 50 | B66: =IF(AND($L66="",$M66="",$N66=""),"",IF($L66<>"",INDEX(LdADate,$L66),IF($M66<>"",INDEX(LdBDate,$M66),INDEX(LdCDate,$N66)))) | C66: =IF($L66<>"","دستمزد (فردی)",IF($M66<>"","سهم از گروه "&IFERROR(VLOOKUP(INDEX(LdBGroup,$M66),WGTbl,2,0),INDEX(LdBGroup,$M66)),IF($N66<>"",IF(N(INDEX(LdCDep,$N66))>0,"بازگشت بانکی","پرداخت بانکی"),""))) | D66: =IF($L66<>"",IF(INDEX(LdAId,$L66)="","—",INDEX(LdAId,$L66)),IF($M66<>"",IF(INDEX(LdBId,$M66)="","—",INDEX(LdBId,$M66)),IF($N66<>"",IF(INDEX(LdCBank,$N66)="","—",INDEX(LdCBank,$N66)),""))) | E66: =IF($L66<>"",IF(INDEX(LdAAmt,$L66)=0,"",INDEX(LdAAmt,$L66)),IF($M66<>"",IF(INDEX(LdBAmt,$M66)=0,"",INDEX(LdBAmt,$M66)),IF($N66<>"",IF(INDEX(LdCDep,$N66)=0,"",INDEX(LdCDep,$N66)),""))) | F66: =IF(AND($L66="",$M66="",$N66=""),"",IF($N66="","",IF(INDEX(LdCWit,$N66)=0,"",INDEX(LdCWit,$N66)))) | G66: =IF($B66="","",IF($G65="",0,$G65)+IF($E66="",0,$E66)-IF($F66="",0,$F66)) | H66: =IF(AND($L66="",$M66="",$N66=""),"",IF($L66<>"",IF(INDEX(LdANote,$L66)="","—",INDEX(LdANote,$L66)),IF($M66<>"",IF(INDEX(LdBNote,$M66)="","—",INDEX(LdBNote,$M66)),IF($N66<>"",IF(INDEX(LdCNote,$N66)="","—",INDEX(LdCNote,$N66)),"")))) | L66: =IFERROR(MATCH($C$5&"|"&RIGHT("000000"&50,6),LdAKeyM,0),"") | M66: =IFERROR(MATCH($C$5&"|"&RIGHT("000000"&50,6),LdBKeyM,0),"") | N66: =IFERROR(MATCH($C$5&"|"&RIGHT("000000"&50,6),LdCKeyM,0),"")
A67: 51 | B67: =IF(AND($L67="",$M67="",$N67=""),"",IF($L67<>"",INDEX(LdADate,$L67),IF($M67<>"",INDEX(LdBDate,$M67),INDEX(LdCDate,$N67)))) | C67: =IF($L67<>"","دستمزد (فردی)",IF($M67<>"","سهم از گروه "&IFERROR(VLOOKUP(INDEX(LdBGroup,$M67),WGTbl,2,0),INDEX(LdBGroup,$M67)),IF($N67<>"",IF(N(INDEX(LdCDep,$N67))>0,"بازگشت بانکی","پرداخت بانکی"),""))) | D67: =IF($L67<>"",IF(INDEX(LdAId,$L67)="","—",INDEX(LdAId,$L67)),IF($M67<>"",IF(INDEX(LdBId,$M67)="","—",INDEX(LdBId,$M67)),IF($N67<>"",IF(INDEX(LdCBank,$N67)="","—",INDEX(LdCBank,$N67)),""))) | E67: =IF($L67<>"",IF(INDEX(LdAAmt,$L67)=0,"",INDEX(LdAAmt,$L67)),IF($M67<>"",IF(INDEX(LdBAmt,$M67)=0,"",INDEX(LdBAmt,$M67)),IF($N67<>"",IF(INDEX(LdCDep,$N67)=0,"",INDEX(LdCDep,$N67)),""))) | F67: =IF(AND($L67="",$M67="",$N67=""),"",IF($N67="","",IF(INDEX(LdCWit,$N67)=0,"",INDEX(LdCWit,$N67)))) | G67: =IF($B67="","",IF($G66="",0,$G66)+IF($E67="",0,$E67)-IF($F67="",0,$F67)) | H67: =IF(AND($L67="",$M67="",$N67=""),"",IF($L67<>"",IF(INDEX(LdANote,$L67)="","—",INDEX(LdANote,$L67)),IF($M67<>"",IF(INDEX(LdBNote,$M67)="","—",INDEX(LdBNote,$M67)),IF($N67<>"",IF(INDEX(LdCNote,$N67)="","—",INDEX(LdCNote,$N67)),"")))) | L67: =IFERROR(MATCH($C$5&"|"&RIGHT("000000"&51,6),LdAKeyM,0),"") | M67: =IFERROR(MATCH($C$5&"|"&RIGHT("000000"&51,6),LdBKeyM,0),"") | N67: =IFERROR(MATCH($C$5&"|"&RIGHT("000000"&51,6),LdCKeyM,0),"")
A68: 52 | B68: =IF(AND($L68="",$M68="",$N68=""),"",IF($L68<>"",INDEX(LdADate,$L68),IF($M68<>"",INDEX(LdBDate,$M68),INDEX(LdCDate,$N68)))) | C68: =IF($L68<>"","دستمزد (فردی)",IF($M68<>"","سهم از گروه "&IFERROR(VLOOKUP(INDEX(LdBGroup,$M68),WGTbl,2,0),INDEX(LdBGroup,$M68)),IF($N68<>"",IF(N(INDEX(LdCDep,$N68))>0,"بازگشت بانکی","پرداخت بانکی"),""))) | D68: =IF($L68<>"",IF(INDEX(LdAId,$L68)="","—",INDEX(LdAId,$L68)),IF($M68<>"",IF(INDEX(LdBId,$M68)="","—",INDEX(LdBId,$M68)),IF($N68<>"",IF(INDEX(LdCBank,$N68)="","—",INDEX(LdCBank,$N68)),""))) | E68: =IF($L68<>"",IF(INDEX(LdAAmt,$L68)=0,"",INDEX(LdAAmt,$L68)),IF($M68<>"",IF(INDEX(LdBAmt,$M68)=0,"",INDEX(LdBAmt,$M68)),IF($N68<>"",IF(INDEX(LdCDep,$N68)=0,"",INDEX(LdCDep,$N68)),""))) | F68: =IF(AND($L68="",$M68="",$N68=""),"",IF($N68="","",IF(INDEX(LdCWit,$N68)=0,"",INDEX(LdCWit,$N68)))) | G68: =IF($B68="","",IF($G67="",0,$G67)+IF($E68="",0,$E68)-IF($F68="",0,$F68)) | H68: =IF(AND($L68="",$M68="",$N68=""),"",IF($L68<>"",IF(INDEX(LdANote,$L68)="","—",INDEX(LdANote,$L68)),IF($M68<>"",IF(INDEX(LdBNote,$M68)="","—",INDEX(LdBNote,$M68)),IF($N68<>"",IF(INDEX(LdCNote,$N68)="","—",INDEX(LdCNote,$N68)),"")))) | L68: =IFERROR(MATCH($C$5&"|"&RIGHT("000000"&52,6),LdAKeyM,0),"") | M68: =IFERROR(MATCH($C$5&"|"&RIGHT("000000"&52,6),LdBKeyM,0),"") | N68: =IFERROR(MATCH($C$5&"|"&RIGHT("000000"&52,6),LdCKeyM,0),"")
A69: 53 | B69: =IF(AND($L69="",$M69="",$N69=""),"",IF($L69<>"",INDEX(LdADate,$L69),IF($M69<>"",INDEX(LdBDate,$M69),INDEX(LdCDate,$N69)))) | C69: =IF($L69<>"","دستمزد (فردی)",IF($M69<>"","سهم از گروه "&IFERROR(VLOOKUP(INDEX(LdBGroup,$M69),WGTbl,2,0),INDEX(LdBGroup,$M69)),IF($N69<>"",IF(N(INDEX(LdCDep,$N69))>0,"بازگشت بانکی","پرداخت بانکی"),""))) | D69: =IF($L69<>"",IF(INDEX(LdAId,$L69)="","—",INDEX(LdAId,$L69)),IF($M69<>"",IF(INDEX(LdBId,$M69)="","—",INDEX(LdBId,$M69)),IF($N69<>"",IF(INDEX(LdCBank,$N69)="","—",INDEX(LdCBank,$N69)),""))) | E69: =IF($L69<>"",IF(INDEX(LdAAmt,$L69)=0,"",INDEX(LdAAmt,$L69)),IF($M69<>"",IF(INDEX(LdBAmt,$M69)=0,"",INDEX(LdBAmt,$M69)),IF($N69<>"",IF(INDEX(LdCDep,$N69)=0,"",INDEX(LdCDep,$N69)),""))) | F69: =IF(AND($L69="",$M69="",$N69=""),"",IF($N69="","",IF(INDEX(LdCWit,$N69)=0,"",INDEX(LdCWit,$N69)))) | G69: =IF($B69="","",IF($G68="",0,$G68)+IF($E69="",0,$E69)-IF($F69="",0,$F69)) | H69: =IF(AND($L69="",$M69="",$N69=""),"",IF($L69<>"",IF(INDEX(LdANote,$L69)="","—",INDEX(LdANote,$L69)),IF($M69<>"",IF(INDEX(LdBNote,$M69)="","—",INDEX(LdBNote,$M69)),IF($N69<>"",IF(INDEX(LdCNote,$N69)="","—",INDEX(LdCNote,$N69)),"")))) | L69: =IFERROR(MATCH($C$5&"|"&RIGHT("000000"&53,6),LdAKeyM,0),"") | M69: =IFERROR(MATCH($C$5&"|"&RIGHT("000000"&53,6),LdBKeyM,0),"") | N69: =IFERROR(MATCH($C$5&"|"&RIGHT("000000"&53,6),LdCKeyM,0),"")
A70: 54 | B70: =IF(AND($L70="",$M70="",$N70=""),"",IF($L70<>"",INDEX(LdADate,$L70),IF($M70<>"",INDEX(LdBDate,$M70),INDEX(LdCDate,$N70)))) | C70: =IF($L70<>"","دستمزد (فردی)",IF($M70<>"","سهم از گروه "&IFERROR(VLOOKUP(INDEX(LdBGroup,$M70),WGTbl,2,0),INDEX(LdBGroup,$M70)),IF($N70<>"",IF(N(INDEX(LdCDep,$N70))>0,"بازگشت بانکی","پرداخت بانکی"),""))) | D70: =IF($L70<>"",IF(INDEX(LdAId,$L70)="","—",INDEX(LdAId,$L70)),IF($M70<>"",IF(INDEX(LdBId,$M70)="","—",INDEX(LdBId,$M70)),IF($N70<>"",IF(INDEX(LdCBank,$N70)="","—",INDEX(LdCBank,$N70)),""))) | E70: =IF($L70<>"",IF(INDEX(LdAAmt,$L70)=0,"",INDEX(LdAAmt,$L70)),IF($M70<>"",IF(INDEX(LdBAmt,$M70)=0,"",INDEX(LdBAmt,$M70)),IF($N70<>"",IF(INDEX(LdCDep,$N70)=0,"",INDEX(LdCDep,$N70)),""))) | F70: =IF(AND($L70="",$M70="",$N70=""),"",IF($N70="","",IF(INDEX(LdCWit,$N70)=0,"",INDEX(LdCWit,$N70)))) | G70: =IF($B70="","",IF($G69="",0,$G69)+IF($E70="",0,$E70)-IF($F70="",0,$F70)) | H70: =IF(AND($L70="",$M70="",$N70=""),"",IF($L70<>"",IF(INDEX(LdANote,$L70)="","—",INDEX(LdANote,$L70)),IF($M70<>"",IF(INDEX(LdBNote,$M70)="","—",INDEX(LdBNote,$M70)),IF($N70<>"",IF(INDEX(LdCNote,$N70)="","—",INDEX(LdCNote,$N70)),"")))) | L70: =IFERROR(MATCH($C$5&"|"&RIGHT("000000"&54,6),LdAKeyM,0),"") | M70: =IFERROR(MATCH($C$5&"|"&RIGHT("000000"&54,6),LdBKeyM,0),"") | N70: =IFERROR(MATCH($C$5&"|"&RIGHT("000000"&54,6),LdCKeyM,0),"")
A71: 55 | B71: =IF(AND($L71="",$M71="",$N71=""),"",IF($L71<>"",INDEX(LdADate,$L71),IF($M71<>"",INDEX(LdBDate,$M71),INDEX(LdCDate,$N71)))) | C71: =IF($L71<>"","دستمزد (فردی)",IF($M71<>"","سهم از گروه "&IFERROR(VLOOKUP(INDEX(LdBGroup,$M71),WGTbl,2,0),INDEX(LdBGroup,$M71)),IF($N71<>"",IF(N(INDEX(LdCDep,$N71))>0,"بازگشت بانکی","پرداخت بانکی"),""))) | D71: =IF($L71<>"",IF(INDEX(LdAId,$L71)="","—",INDEX(LdAId,$L71)),IF($M71<>"",IF(INDEX(LdBId,$M71)="","—",INDEX(LdBId,$M71)),IF($N71<>"",IF(INDEX(LdCBank,$N71)="","—",INDEX(LdCBank,$N71)),""))) | E71: =IF($L71<>"",IF(INDEX(LdAAmt,$L71)=0,"",INDEX(LdAAmt,$L71)),IF($M71<>"",IF(INDEX(LdBAmt,$M71)=0,"",INDEX(LdBAmt,$M71)),IF($N71<>"",IF(INDEX(LdCDep,$N71)=0,"",INDEX(LdCDep,$N71)),""))) | F71: =IF(AND($L71="",$M71="",$N71=""),"",IF($N71="","",IF(INDEX(LdCWit,$N71)=0,"",INDEX(LdCWit,$N71)))) | G71: =IF($B71="","",IF($G70="",0,$G70)+IF($E71="",0,$E71)-IF($F71="",0,$F71)) | H71: =IF(AND($L71="",$M71="",$N71=""),"",IF($L71<>"",IF(INDEX(LdANote,$L71)="","—",INDEX(LdANote,$L71)),IF($M71<>"",IF(INDEX(LdBNote,$M71)="","—",INDEX(LdBNote,$M71)),IF($N71<>"",IF(INDEX(LdCNote,$N71)="","—",INDEX(LdCNote,$N71)),"")))) | L71: =IFERROR(MATCH($C$5&"|"&RIGHT("000000"&55,6),LdAKeyM,0),"") | M71: =IFERROR(MATCH($C$5&"|"&RIGHT("000000"&55,6),LdBKeyM,0),"") | N71: =IFERROR(MATCH($C$5&"|"&RIGHT("000000"&55,6),LdCKeyM,0),"")
A72: 56 | B72: =IF(AND($L72="",$M72="",$N72=""),"",IF($L72<>"",INDEX(LdADate,$L72),IF($M72<>"",INDEX(LdBDate,$M72),INDEX(LdCDate,$N72)))) | C72: =IF($L72<>"","دستمزد (فردی)",IF($M72<>"","سهم از گروه "&IFERROR(VLOOKUP(INDEX(LdBGroup,$M72),WGTbl,2,0),INDEX(LdBGroup,$M72)),IF($N72<>"",IF(N(INDEX(LdCDep,$N72))>0,"بازگشت بانکی","پرداخت بانکی"),""))) | D72: =IF($L72<>"",IF(INDEX(LdAId,$L72)="","—",INDEX(LdAId,$L72)),IF($M72<>"",IF(INDEX(LdBId,$M72)="","—",INDEX(LdBId,$M72)),IF($N72<>"",IF(INDEX(LdCBank,$N72)="","—",INDEX(LdCBank,$N72)),""))) | E72: =IF($L72<>"",IF(INDEX(LdAAmt,$L72)=0,"",INDEX(LdAAmt,$L72)),IF($M72<>"",IF(INDEX(LdBAmt,$M72)=0,"",INDEX(LdBAmt,$M72)),IF($N72<>"",IF(INDEX(LdCDep,$N72)=0,"",INDEX(LdCDep,$N72)),""))) | F72: =IF(AND($L72="",$M72="",$N72=""),"",IF($N72="","",IF(INDEX(LdCWit,$N72)=0,"",INDEX(LdCWit,$N72)))) | G72: =IF($B72="","",IF($G71="",0,$G71)+IF($E72="",0,$E72)-IF($F72="",0,$F72)) | H72: =IF(AND($L72="",$M72="",$N72=""),"",IF($L72<>"",IF(INDEX(LdANote,$L72)="","—",INDEX(LdANote,$L72)),IF($M72<>"",IF(INDEX(LdBNote,$M72)="","—",INDEX(LdBNote,$M72)),IF($N72<>"",IF(INDEX(LdCNote,$N72)="","—",INDEX(LdCNote,$N72)),"")))) | L72: =IFERROR(MATCH($C$5&"|"&RIGHT("000000"&56,6),LdAKeyM,0),"") | M72: =IFERROR(MATCH($C$5&"|"&RIGHT("000000"&56,6),LdBKeyM,0),"") | N72: =IFERROR(MATCH($C$5&"|"&RIGHT("000000"&56,6),LdCKeyM,0),"")
A73: 57 | B73: =IF(AND($L73="",$M73="",$N73=""),"",IF($L73<>"",INDEX(LdADate,$L73),IF($M73<>"",INDEX(LdBDate,$M73),INDEX(LdCDate,$N73)))) | C73: =IF($L73<>"","دستمزد (فردی)",IF($M73<>"","سهم از گروه "&IFERROR(VLOOKUP(INDEX(LdBGroup,$M73),WGTbl,2,0),INDEX(LdBGroup,$M73)),IF($N73<>"",IF(N(INDEX(LdCDep,$N73))>0,"بازگشت بانکی","پرداخت بانکی"),""))) | D73: =IF($L73<>"",IF(INDEX(LdAId,$L73)="","—",INDEX(LdAId,$L73)),IF($M73<>"",IF(INDEX(LdBId,$M73)="","—",INDEX(LdBId,$M73)),IF($N73<>"",IF(INDEX(LdCBank,$N73)="","—",INDEX(LdCBank,$N73)),""))) | E73: =IF($L73<>"",IF(INDEX(LdAAmt,$L73)=0,"",INDEX(LdAAmt,$L73)),IF($M73<>"",IF(INDEX(LdBAmt,$M73)=0,"",INDEX(LdBAmt,$M73)),IF($N73<>"",IF(INDEX(LdCDep,$N73)=0,"",INDEX(LdCDep,$N73)),""))) | F73: =IF(AND($L73="",$M73="",$N73=""),"",IF($N73="","",IF(INDEX(LdCWit,$N73)=0,"",INDEX(LdCWit,$N73)))) | G73: =IF($B73="","",IF($G72="",0,$G72)+IF($E73="",0,$E73)-IF($F73="",0,$F73)) | H73: =IF(AND($L73="",$M73="",$N73=""),"",IF($L73<>"",IF(INDEX(LdANote,$L73)="","—",INDEX(LdANote,$L73)),IF($M73<>"",IF(INDEX(LdBNote,$M73)="","—",INDEX(LdBNote,$M73)),IF($N73<>"",IF(INDEX(LdCNote,$N73)="","—",INDEX(LdCNote,$N73)),"")))) | L73: =IFERROR(MATCH($C$5&"|"&RIGHT("000000"&57,6),LdAKeyM,0),"") | M73: =IFERROR(MATCH($C$5&"|"&RIGHT("000000"&57,6),LdBKeyM,0),"") | N73: =IFERROR(MATCH($C$5&"|"&RIGHT("000000"&57,6),LdCKeyM,0),"")
A74: 58 | B74: =IF(AND($L74="",$M74="",$N74=""),"",IF($L74<>"",INDEX(LdADate,$L74),IF($M74<>"",INDEX(LdBDate,$M74),INDEX(LdCDate,$N74)))) | C74: =IF($L74<>"","دستمزد (فردی)",IF($M74<>"","سهم از گروه "&IFERROR(VLOOKUP(INDEX(LdBGroup,$M74),WGTbl,2,0),INDEX(LdBGroup,$M74)),IF($N74<>"",IF(N(INDEX(LdCDep,$N74))>0,"بازگشت بانکی","پرداخت بانکی"),""))) | D74: =IF($L74<>"",IF(INDEX(LdAId,$L74)="","—",INDEX(LdAId,$L74)),IF($M74<>"",IF(INDEX(LdBId,$M74)="","—",INDEX(LdBId,$M74)),IF($N74<>"",IF(INDEX(LdCBank,$N74)="","—",INDEX(LdCBank,$N74)),""))) | E74: =IF($L74<>"",IF(INDEX(LdAAmt,$L74)=0,"",INDEX(LdAAmt,$L74)),IF($M74<>"",IF(INDEX(LdBAmt,$M74)=0,"",INDEX(LdBAmt,$M74)),IF($N74<>"",IF(INDEX(LdCDep,$N74)=0,"",INDEX(LdCDep,$N74)),""))) | F74: =IF(AND($L74="",$M74="",$N74=""),"",IF($N74="","",IF(INDEX(LdCWit,$N74)=0,"",INDEX(LdCWit,$N74)))) | G74: =IF($B74="","",IF($G73="",0,$G73)+IF($E74="",0,$E74)-IF($F74="",0,$F74)) | H74: =IF(AND($L74="",$M74="",$N74=""),"",IF($L74<>"",IF(INDEX(LdANote,$L74)="","—",INDEX(LdANote,$L74)),IF($M74<>"",IF(INDEX(LdBNote,$M74)="","—",INDEX(LdBNote,$M74)),IF($N74<>"",IF(INDEX(LdCNote,$N74)="","—",INDEX(LdCNote,$N74)),"")))) | L74: =IFERROR(MATCH($C$5&"|"&RIGHT("000000"&58,6),LdAKeyM,0),"") | M74: =IFERROR(MATCH($C$5&"|"&RIGHT("000000"&58,6),LdBKeyM,0),"") | N74: =IFERROR(MATCH($C$5&"|"&RIGHT("000000"&58,6),LdCKeyM,0),"")
A75: 59 | B75: =IF(AND($L75="",$M75="",$N75=""),"",IF($L75<>"",INDEX(LdADate,$L75),IF($M75<>"",INDEX(LdBDate,$M75),INDEX(LdCDate,$N75)))) | C75: =IF($L75<>"","دستمزد (فردی)",IF($M75<>"","سهم از گروه "&IFERROR(VLOOKUP(INDEX(LdBGroup,$M75),WGTbl,2,0),INDEX(LdBGroup,$M75)),IF($N75<>"",IF(N(INDEX(LdCDep,$N75))>0,"بازگشت بانکی","پرداخت بانکی"),""))) | D75: =IF($L75<>"",IF(INDEX(LdAId,$L75)="","—",INDEX(LdAId,$L75)),IF($M75<>"",IF(INDEX(LdBId,$M75)="","—",INDEX(LdBId,$M75)),IF($N75<>"",IF(INDEX(LdCBank,$N75)="","—",INDEX(LdCBank,$N75)),""))) | E75: =IF($L75<>"",IF(INDEX(LdAAmt,$L75)=0,"",INDEX(LdAAmt,$L75)),IF($M75<>"",IF(INDEX(LdBAmt,$M75)=0,"",INDEX(LdBAmt,$M75)),IF($N75<>"",IF(INDEX(LdCDep,$N75)=0,"",INDEX(LdCDep,$N75)),""))) | F75: =IF(AND($L75="",$M75="",$N75=""),"",IF($N75="","",IF(INDEX(LdCWit,$N75)=0,"",INDEX(LdCWit,$N75)))) | G75: =IF($B75="","",IF($G74="",0,$G74)+IF($E75="",0,$E75)-IF($F75="",0,$F75)) | H75: =IF(AND($L75="",$M75="",$N75=""),"",IF($L75<>"",IF(INDEX(LdANote,$L75)="","—",INDEX(LdANote,$L75)),IF($M75<>"",IF(INDEX(LdBNote,$M75)="","—",INDEX(LdBNote,$M75)),IF($N75<>"",IF(INDEX(LdCNote,$N75)="","—",INDEX(LdCNote,$N75)),"")))) | L75: =IFERROR(MATCH($C$5&"|"&RIGHT("000000"&59,6),LdAKeyM,0),"") | M75: =IFERROR(MATCH($C$5&"|"&RIGHT("000000"&59,6),LdBKeyM,0),"") | N75: =IFERROR(MATCH($C$5&"|"&RIGHT("000000"&59,6),LdCKeyM,0),"")
A76: 60 | B76: =IF(AND($L76="",$M76="",$N76=""),"",IF($L76<>"",INDEX(LdADate,$L76),IF($M76<>"",INDEX(LdBDate,$M76),INDEX(LdCDate,$N76)))) | C76: =IF($L76<>"","دستمزد (فردی)",IF($M76<>"","سهم از گروه "&IFERROR(VLOOKUP(INDEX(LdBGroup,$M76),WGTbl,2,0),INDEX(LdBGroup,$M76)),IF($N76<>"",IF(N(INDEX(LdCDep,$N76))>0,"بازگشت بانکی","پرداخت بانکی"),""))) | D76: =IF($L76<>"",IF(INDEX(LdAId,$L76)="","—",INDEX(LdAId,$L76)),IF($M76<>"",IF(INDEX(LdBId,$M76)="","—",INDEX(LdBId,$M76)),IF($N76<>"",IF(INDEX(LdCBank,$N76)="","—",INDEX(LdCBank,$N76)),""))) | E76: =IF($L76<>"",IF(INDEX(LdAAmt,$L76)=0,"",INDEX(LdAAmt,$L76)),IF($M76<>"",IF(INDEX(LdBAmt,$M76)=0,"",INDEX(LdBAmt,$M76)),IF($N76<>"",IF(INDEX(LdCDep,$N76)=0,"",INDEX(LdCDep,$N76)),""))) | F76: =IF(AND($L76="",$M76="",$N76=""),"",IF($N76="","",IF(INDEX(LdCWit,$N76)=0,"",INDEX(LdCWit,$N76)))) | G76: =IF($B76="","",IF($G75="",0,$G75)+IF($E76="",0,$E76)-IF($F76="",0,$F76)) | H76: =IF(AND($L76="",$M76="",$N76=""),"",IF($L76<>"",IF(INDEX(LdANote,$L76)="","—",INDEX(LdANote,$L76)),IF($M76<>"",IF(INDEX(LdBNote,$M76)="","—",INDEX(LdBNote,$M76)),IF($N76<>"",IF(INDEX(LdCNote,$N76)="","—",INDEX(LdCNote,$N76)),"")))) | L76: =IFERROR(MATCH($C$5&"|"&RIGHT("000000"&60,6),LdAKeyM,0),"") | M76: =IFERROR(MATCH($C$5&"|"&RIGHT("000000"&60,6),LdBKeyM,0),"") | N76: =IFERROR(MATCH($C$5&"|"&RIGHT("000000"&60,6),LdCKeyM,0),"")
A77: 61 | B77: =IF(AND($L77="",$M77="",$N77=""),"",IF($L77<>"",INDEX(LdADate,$L77),IF($M77<>"",INDEX(LdBDate,$M77),INDEX(LdCDate,$N77)))) | C77: =IF($L77<>"","دستمزد (فردی)",IF($M77<>"","سهم از گروه "&IFERROR(VLOOKUP(INDEX(LdBGroup,$M77),WGTbl,2,0),INDEX(LdBGroup,$M77)),IF($N77<>"",IF(N(INDEX(LdCDep,$N77))>0,"بازگشت بانکی","پرداخت بانکی"),""))) | D77: =IF($L77<>"",IF(INDEX(LdAId,$L77)="","—",INDEX(LdAId,$L77)),IF($M77<>"",IF(INDEX(LdBId,$M77)="","—",INDEX(LdBId,$M77)),IF($N77<>"",IF(INDEX(LdCBank,$N77)="","—",INDEX(LdCBank,$N77)),""))) | E77: =IF($L77<>"",IF(INDEX(LdAAmt,$L77)=0,"",INDEX(LdAAmt,$L77)),IF($M77<>"",IF(INDEX(LdBAmt,$M77)=0,"",INDEX(LdBAmt,$M77)),IF($N77<>"",IF(INDEX(LdCDep,$N77)=0,"",INDEX(LdCDep,$N77)),""))) | F77: =IF(AND($L77="",$M77="",$N77=""),"",IF($N77="","",IF(INDEX(LdCWit,$N77)=0,"",INDEX(LdCWit,$N77)))) | G77: =IF($B77="","",IF($G76="",0,$G76)+IF($E77="",0,$E77)-IF($F77="",0,$F77)) | H77: =IF(AND($L77="",$M77="",$N77=""),"",IF($L77<>"",IF(INDEX(LdANote,$L77)="","—",INDEX(LdANote,$L77)),IF($M77<>"",IF(INDEX(LdBNote,$M77)="","—",INDEX(LdBNote,$M77)),IF($N77<>"",IF(INDEX(LdCNote,$N77)="","—",INDEX(LdCNote,$N77)),"")))) | L77: =IFERROR(MATCH($C$5&"|"&RIGHT("000000"&61,6),LdAKeyM,0),"") | M77: =IFERROR(MATCH($C$5&"|"&RIGHT("000000"&61,6),LdBKeyM,0),"") | N77: =IFERROR(MATCH($C$5&"|"&RIGHT("000000"&61,6),LdCKeyM,0),"")
A78: 62 | B78: =IF(AND($L78="",$M78="",$N78=""),"",IF($L78<>"",INDEX(LdADate,$L78),IF($M78<>"",INDEX(LdBDate,$M78),INDEX(LdCDate,$N78)))) | C78: =IF($L78<>"","دستمزد (فردی)",IF($M78<>"","سهم از گروه "&IFERROR(VLOOKUP(INDEX(LdBGroup,$M78),WGTbl,2,0),INDEX(LdBGroup,$M78)),IF($N78<>"",IF(N(INDEX(LdCDep,$N78))>0,"بازگشت بانکی","پرداخت بانکی"),""))) | D78: =IF($L78<>"",IF(INDEX(LdAId,$L78)="","—",INDEX(LdAId,$L78)),IF($M78<>"",IF(INDEX(LdBId,$M78)="","—",INDEX(LdBId,$M78)),IF($N78<>"",IF(INDEX(LdCBank,$N78)="","—",INDEX(LdCBank,$N78)),""))) | E78: =IF($L78<>"",IF(INDEX(LdAAmt,$L78)=0,"",INDEX(LdAAmt,$L78)),IF($M78<>"",IF(INDEX(LdBAmt,$M78)=0,"",INDEX(LdBAmt,$M78)),IF($N78<>"",IF(INDEX(LdCDep,$N78)=0,"",INDEX(LdCDep,$N78)),""))) | F78: =IF(AND($L78="",$M78="",$N78=""),"",IF($N78="","",IF(INDEX(LdCWit,$N78)=0,"",INDEX(LdCWit,$N78)))) | G78: =IF($B78="","",IF($G77="",0,$G77)+IF($E78="",0,$E78)-IF($F78="",0,$F78)) | H78: =IF(AND($L78="",$M78="",$N78=""),"",IF($L78<>"",IF(INDEX(LdANote,$L78)="","—",INDEX(LdANote,$L78)),IF($M78<>"",IF(INDEX(LdBNote,$M78)="","—",INDEX(LdBNote,$M78)),IF($N78<>"",IF(INDEX(LdCNote,$N78)="","—",INDEX(LdCNote,$N78)),"")))) | L78: =IFERROR(MATCH($C$5&"|"&RIGHT("000000"&62,6),LdAKeyM,0),"") | M78: =IFERROR(MATCH($C$5&"|"&RIGHT("000000"&62,6),LdBKeyM,0),"") | N78: =IFERROR(MATCH($C$5&"|"&RIGHT("000000"&62,6),LdCKeyM,0),"")
A79: 63 | B79: =IF(AND($L79="",$M79="",$N79=""),"",IF($L79<>"",INDEX(LdADate,$L79),IF($M79<>"",INDEX(LdBDate,$M79),INDEX(LdCDate,$N79)))) | C79: =IF($L79<>"","دستمزد (فردی)",IF($M79<>"","سهم از گروه "&IFERROR(VLOOKUP(INDEX(LdBGroup,$M79),WGTbl,2,0),INDEX(LdBGroup,$M79)),IF($N79<>"",IF(N(INDEX(LdCDep,$N79))>0,"بازگشت بانکی","پرداخت بانکی"),""))) | D79: =IF($L79<>"",IF(INDEX(LdAId,$L79)="","—",INDEX(LdAId,$L79)),IF($M79<>"",IF(INDEX(LdBId,$M79)="","—",INDEX(LdBId,$M79)),IF($N79<>"",IF(INDEX(LdCBank,$N79)="","—",INDEX(LdCBank,$N79)),""))) | E79: =IF($L79<>"",IF(INDEX(LdAAmt,$L79)=0,"",INDEX(LdAAmt,$L79)),IF($M79<>"",IF(INDEX(LdBAmt,$M79)=0,"",INDEX(LdBAmt,$M79)),IF($N79<>"",IF(INDEX(LdCDep,$N79)=0,"",INDEX(LdCDep,$N79)),""))) | F79: =IF(AND($L79="",$M79="",$N79=""),"",IF($N79="","",IF(INDEX(LdCWit,$N79)=0,"",INDEX(LdCWit,$N79)))) | G79: =IF($B79="","",IF($G78="",0,$G78)+IF($E79="",0,$E79)-IF($F79="",0,$F79)) | H79: =IF(AND($L79="",$M79="",$N79=""),"",IF($L79<>"",IF(INDEX(LdANote,$L79)="","—",INDEX(LdANote,$L79)),IF($M79<>"",IF(INDEX(LdBNote,$M79)="","—",INDEX(LdBNote,$M79)),IF($N79<>"",IF(INDEX(LdCNote,$N79)="","—",INDEX(LdCNote,$N79)),"")))) | L79: =IFERROR(MATCH($C$5&"|"&RIGHT("000000"&63,6),LdAKeyM,0),"") | M79: =IFERROR(MATCH($C$5&"|"&RIGHT("000000"&63,6),LdBKeyM,0),"") | N79: =IFERROR(MATCH($C$5&"|"&RIGHT("000000"&63,6),LdCKeyM,0),"")
A80: 64 | B80: =IF(AND($L80="",$M80="",$N80=""),"",IF($L80<>"",INDEX(LdADate,$L80),IF($M80<>"",INDEX(LdBDate,$M80),INDEX(LdCDate,$N80)))) | C80: =IF($L80<>"","دستمزد (فردی)",IF($M80<>"","سهم از گروه "&IFERROR(VLOOKUP(INDEX(LdBGroup,$M80),WGTbl,2,0),INDEX(LdBGroup,$M80)),IF($N80<>"",IF(N(INDEX(LdCDep,$N80))>0,"بازگشت بانکی","پرداخت بانکی"),""))) | D80: =IF($L80<>"",IF(INDEX(LdAId,$L80)="","—",INDEX(LdAId,$L80)),IF($M80<>"",IF(INDEX(LdBId,$M80)="","—",INDEX(LdBId,$M80)),IF($N80<>"",IF(INDEX(LdCBank,$N80)="","—",INDEX(LdCBank,$N80)),""))) | E80: =IF($L80<>"",IF(INDEX(LdAAmt,$L80)=0,"",INDEX(LdAAmt,$L80)),IF($M80<>"",IF(INDEX(LdBAmt,$M80)=0,"",INDEX(LdBAmt,$M80)),IF($N80<>"",IF(INDEX(LdCDep,$N80)=0,"",INDEX(LdCDep,$N80)),""))) | F80: =IF(AND($L80="",$M80="",$N80=""),"",IF($N80="","",IF(INDEX(LdCWit,$N80)=0,"",INDEX(LdCWit,$N80)))) | G80: =IF($B80="","",IF($G79="",0,$G79)+IF($E80="",0,$E80)-IF($F80="",0,$F80)) | H80: =IF(AND($L80="",$M80="",$N80=""),"",IF($L80<>"",IF(INDEX(LdANote,$L80)="","—",INDEX(LdANote,$L80)),IF($M80<>"",IF(INDEX(LdBNote,$M80)="","—",INDEX(LdBNote,$M80)),IF($N80<>"",IF(INDEX(LdCNote,$N80)="","—",INDEX(LdCNote,$N80)),"")))) | L80: =IFERROR(MATCH($C$5&"|"&RIGHT("000000"&64,6),LdAKeyM,0),"") | M80: =IFERROR(MATCH($C$5&"|"&RIGHT("000000"&64,6),LdBKeyM,0),"") | N80: =IFERROR(MATCH($C$5&"|"&RIGHT("000000"&64,6),LdCKeyM,0),"")
A81: 65 | B81: =IF(AND($L81="",$M81="",$N81=""),"",IF($L81<>"",INDEX(LdADate,$L81),IF($M81<>"",INDEX(LdBDate,$M81),INDEX(LdCDate,$N81)))) | C81: =IF($L81<>"","دستمزد (فردی)",IF($M81<>"","سهم از گروه "&IFERROR(VLOOKUP(INDEX(LdBGroup,$M81),WGTbl,2,0),INDEX(LdBGroup,$M81)),IF($N81<>"",IF(N(INDEX(LdCDep,$N81))>0,"بازگشت بانکی","پرداخت بانکی"),""))) | D81: =IF($L81<>"",IF(INDEX(LdAId,$L81)="","—",INDEX(LdAId,$L81)),IF($M81<>"",IF(INDEX(LdBId,$M81)="","—",INDEX(LdBId,$M81)),IF($N81<>"",IF(INDEX(LdCBank,$N81)="","—",INDEX(LdCBank,$N81)),""))) | E81: =IF($L81<>"",IF(INDEX(LdAAmt,$L81)=0,"",INDEX(LdAAmt,$L81)),IF($M81<>"",IF(INDEX(LdBAmt,$M81)=0,"",INDEX(LdBAmt,$M81)),IF($N81<>"",IF(INDEX(LdCDep,$N81)=0,"",INDEX(LdCDep,$N81)),""))) | F81: =IF(AND($L81="",$M81="",$N81=""),"",IF($N81="","",IF(INDEX(LdCWit,$N81)=0,"",INDEX(LdCWit,$N81)))) | G81: =IF($B81="","",IF($G80="",0,$G80)+IF($E81="",0,$E81)-IF($F81="",0,$F81)) | H81: =IF(AND($L81="",$M81="",$N81=""),"",IF($L81<>"",IF(INDEX(LdANote,$L81)="","—",INDEX(LdANote,$L81)),IF($M81<>"",IF(INDEX(LdBNote,$M81)="","—",INDEX(LdBNote,$M81)),IF($N81<>"",IF(INDEX(LdCNote,$N81)="","—",INDEX(LdCNote,$N81)),"")))) | L81: =IFERROR(MATCH($C$5&"|"&RIGHT("000000"&65,6),LdAKeyM,0),"") | M81: =IFERROR(MATCH($C$5&"|"&RIGHT("000000"&65,6),LdBKeyM,0),"") | N81: =IFERROR(MATCH($C$5&"|"&RIGHT("000000"&65,6),LdCKeyM,0),"")
A82: 66 | B82: =IF(AND($L82="",$M82="",$N82=""),"",IF($L82<>"",INDEX(LdADate,$L82),IF($M82<>"",INDEX(LdBDate,$M82),INDEX(LdCDate,$N82)))) | C82: =IF($L82<>"","دستمزد (فردی)",IF($M82<>"","سهم از گروه "&IFERROR(VLOOKUP(INDEX(LdBGroup,$M82),WGTbl,2,0),INDEX(LdBGroup,$M82)),IF($N82<>"",IF(N(INDEX(LdCDep,$N82))>0,"بازگشت بانکی","پرداخت بانکی"),""))) | D82: =IF($L82<>"",IF(INDEX(LdAId,$L82)="","—",INDEX(LdAId,$L82)),IF($M82<>"",IF(INDEX(LdBId,$M82)="","—",INDEX(LdBId,$M82)),IF($N82<>"",IF(INDEX(LdCBank,$N82)="","—",INDEX(LdCBank,$N82)),""))) | E82: =IF($L82<>"",IF(INDEX(LdAAmt,$L82)=0,"",INDEX(LdAAmt,$L82)),IF($M82<>"",IF(INDEX(LdBAmt,$M82)=0,"",INDEX(LdBAmt,$M82)),IF($N82<>"",IF(INDEX(LdCDep,$N82)=0,"",INDEX(LdCDep,$N82)),""))) | F82: =IF(AND($L82="",$M82="",$N82=""),"",IF($N82="","",IF(INDEX(LdCWit,$N82)=0,"",INDEX(LdCWit,$N82)))) | G82: =IF($B82="","",IF($G81="",0,$G81)+IF($E82="",0,$E82)-IF($F82="",0,$F82)) | H82: =IF(AND($L82="",$M82="",$N82=""),"",IF($L82<>"",IF(INDEX(LdANote,$L82)="","—",INDEX(LdANote,$L82)),IF($M82<>"",IF(INDEX(LdBNote,$M82)="","—",INDEX(LdBNote,$M82)),IF($N82<>"",IF(INDEX(LdCNote,$N82)="","—",INDEX(LdCNote,$N82)),"")))) | L82: =IFERROR(MATCH($C$5&"|"&RIGHT("000000"&66,6),LdAKeyM,0),"") | M82: =IFERROR(MATCH($C$5&"|"&RIGHT("000000"&66,6),LdBKeyM,0),"") | N82: =IFERROR(MATCH($C$5&"|"&RIGHT("000000"&66,6),LdCKeyM,0),"")
A83: 67 | B83: =IF(AND($L83="",$M83="",$N83=""),"",IF($L83<>"",INDEX(LdADate,$L83),IF($M83<>"",INDEX(LdBDate,$M83),INDEX(LdCDate,$N83)))) | C83: =IF($L83<>"","دستمزد (فردی)",IF($M83<>"","سهم از گروه "&IFERROR(VLOOKUP(INDEX(LdBGroup,$M83),WGTbl,2,0),INDEX(LdBGroup,$M83)),IF($N83<>"",IF(N(INDEX(LdCDep,$N83))>0,"بازگشت بانکی","پرداخت بانکی"),""))) | D83: =IF($L83<>"",IF(INDEX(LdAId,$L83)="","—",INDEX(LdAId,$L83)),IF($M83<>"",IF(INDEX(LdBId,$M83)="","—",INDEX(LdBId,$M83)),IF($N83<>"",IF(INDEX(LdCBank,$N83)="","—",INDEX(LdCBank,$N83)),""))) | E83: =IF($L83<>"",IF(INDEX(LdAAmt,$L83)=0,"",INDEX(LdAAmt,$L83)),IF($M83<>"",IF(INDEX(LdBAmt,$M83)=0,"",INDEX(LdBAmt,$M83)),IF($N83<>"",IF(INDEX(LdCDep,$N83)=0,"",INDEX(LdCDep,$N83)),""))) | F83: =IF(AND($L83="",$M83="",$N83=""),"",IF($N83="","",IF(INDEX(LdCWit,$N83)=0,"",INDEX(LdCWit,$N83)))) | G83: =IF($B83="","",IF($G82="",0,$G82)+IF($E83="",0,$E83)-IF($F83="",0,$F83)) | H83: =IF(AND($L83="",$M83="",$N83=""),"",IF($L83<>"",IF(INDEX(LdANote,$L83)="","—",INDEX(LdANote,$L83)),IF($M83<>"",IF(INDEX(LdBNote,$M83)="","—",INDEX(LdBNote,$M83)),IF($N83<>"",IF(INDEX(LdCNote,$N83)="","—",INDEX(LdCNote,$N83)),"")))) | L83: =IFERROR(MATCH($C$5&"|"&RIGHT("000000"&67,6),LdAKeyM,0),"") | M83: =IFERROR(MATCH($C$5&"|"&RIGHT("000000"&67,6),LdBKeyM,0),"") | N83: =IFERROR(MATCH($C$5&"|"&RIGHT("000000"&67,6),LdCKeyM,0),"")
A84: 68 | B84: =IF(AND($L84="",$M84="",$N84=""),"",IF($L84<>"",INDEX(LdADate,$L84),IF($M84<>"",INDEX(LdBDate,$M84),INDEX(LdCDate,$N84)))) | C84: =IF($L84<>"","دستمزد (فردی)",IF($M84<>"","سهم از گروه "&IFERROR(VLOOKUP(INDEX(LdBGroup,$M84),WGTbl,2,0),INDEX(LdBGroup,$M84)),IF($N84<>"",IF(N(INDEX(LdCDep,$N84))>0,"بازگشت بانکی","پرداخت بانکی"),""))) | D84: =IF($L84<>"",IF(INDEX(LdAId,$L84)="","—",INDEX(LdAId,$L84)),IF($M84<>"",IF(INDEX(LdBId,$M84)="","—",INDEX(LdBId,$M84)),IF($N84<>"",IF(INDEX(LdCBank,$N84)="","—",INDEX(LdCBank,$N84)),""))) | E84: =IF($L84<>"",IF(INDEX(LdAAmt,$L84)=0,"",INDEX(LdAAmt,$L84)),IF($M84<>"",IF(INDEX(LdBAmt,$M84)=0,"",INDEX(LdBAmt,$M84)),IF($N84<>"",IF(INDEX(LdCDep,$N84)=0,"",INDEX(LdCDep,$N84)),""))) | F84: =IF(AND($L84="",$M84="",$N84=""),"",IF($N84="","",IF(INDEX(LdCWit,$N84)=0,"",INDEX(LdCWit,$N84)))) | G84: =IF($B84="","",IF($G83="",0,$G83)+IF($E84="",0,$E84)-IF($F84="",0,$F84)) | H84: =IF(AND($L84="",$M84="",$N84=""),"",IF($L84<>"",IF(INDEX(LdANote,$L84)="","—",INDEX(LdANote,$L84)),IF($M84<>"",IF(INDEX(LdBNote,$M84)="","—",INDEX(LdBNote,$M84)),IF($N84<>"",IF(INDEX(LdCNote,$N84)="","—",INDEX(LdCNote,$N84)),"")))) | L84: =IFERROR(MATCH($C$5&"|"&RIGHT("000000"&68,6),LdAKeyM,0),"") | M84: =IFERROR(MATCH($C$5&"|"&RIGHT("000000"&68,6),LdBKeyM,0),"") | N84: =IFERROR(MATCH($C$5&"|"&RIGHT("000000"&68,6),LdCKeyM,0),"")
A85: 69 | B85: =IF(AND($L85="",$M85="",$N85=""),"",IF($L85<>"",INDEX(LdADate,$L85),IF($M85<>"",INDEX(LdBDate,$M85),INDEX(LdCDate,$N85)))) | C85: =IF($L85<>"","دستمزد (فردی)",IF($M85<>"","سهم از گروه "&IFERROR(VLOOKUP(INDEX(LdBGroup,$M85),WGTbl,2,0),INDEX(LdBGroup,$M85)),IF($N85<>"",IF(N(INDEX(LdCDep,$N85))>0,"بازگشت بانکی","پرداخت بانکی"),""))) | D85: =IF($L85<>"",IF(INDEX(LdAId,$L85)="","—",INDEX(LdAId,$L85)),IF($M85<>"",IF(INDEX(LdBId,$M85)="","—",INDEX(LdBId,$M85)),IF($N85<>"",IF(INDEX(LdCBank,$N85)="","—",INDEX(LdCBank,$N85)),""))) | E85: =IF($L85<>"",IF(INDEX(LdAAmt,$L85)=0,"",INDEX(LdAAmt,$L85)),IF($M85<>"",IF(INDEX(LdBAmt,$M85)=0,"",INDEX(LdBAmt,$M85)),IF($N85<>"",IF(INDEX(LdCDep,$N85)=0,"",INDEX(LdCDep,$N85)),""))) | F85: =IF(AND($L85="",$M85="",$N85=""),"",IF($N85="","",IF(INDEX(LdCWit,$N85)=0,"",INDEX(LdCWit,$N85)))) | G85: =IF($B85="","",IF($G84="",0,$G84)+IF($E85="",0,$E85)-IF($F85="",0,$F85)) | H85: =IF(AND($L85="",$M85="",$N85=""),"",IF($L85<>"",IF(INDEX(LdANote,$L85)="","—",INDEX(LdANote,$L85)),IF($M85<>"",IF(INDEX(LdBNote,$M85)="","—",INDEX(LdBNote,$M85)),IF($N85<>"",IF(INDEX(LdCNote,$N85)="","—",INDEX(LdCNote,$N85)),"")))) | L85: =IFERROR(MATCH($C$5&"|"&RIGHT("000000"&69,6),LdAKeyM,0),"") | M85: =IFERROR(MATCH($C$5&"|"&RIGHT("000000"&69,6),LdBKeyM,0),"") | N85: =IFERROR(MATCH($C$5&"|"&RIGHT("000000"&69,6),LdCKeyM,0),"")
A86: 70 | B86: =IF(AND($L86="",$M86="",$N86=""),"",IF($L86<>"",INDEX(LdADate,$L86),IF($M86<>"",INDEX(LdBDate,$M86),INDEX(LdCDate,$N86)))) | C86: =IF($L86<>"","دستمزد (فردی)",IF($M86<>"","سهم از گروه "&IFERROR(VLOOKUP(INDEX(LdBGroup,$M86),WGTbl,2,0),INDEX(LdBGroup,$M86)),IF($N86<>"",IF(N(INDEX(LdCDep,$N86))>0,"بازگشت بانکی","پرداخت بانکی"),""))) | D86: =IF($L86<>"",IF(INDEX(LdAId,$L86)="","—",INDEX(LdAId,$L86)),IF($M86<>"",IF(INDEX(LdBId,$M86)="","—",INDEX(LdBId,$M86)),IF($N86<>"",IF(INDEX(LdCBank,$N86)="","—",INDEX(LdCBank,$N86)),""))) | E86: =IF($L86<>"",IF(INDEX(LdAAmt,$L86)=0,"",INDEX(LdAAmt,$L86)),IF($M86<>"",IF(INDEX(LdBAmt,$M86)=0,"",INDEX(LdBAmt,$M86)),IF($N86<>"",IF(INDEX(LdCDep,$N86)=0,"",INDEX(LdCDep,$N86)),""))) | F86: =IF(AND($L86="",$M86="",$N86=""),"",IF($N86="","",IF(INDEX(LdCWit,$N86)=0,"",INDEX(LdCWit,$N86)))) | G86: =IF($B86="","",IF($G85="",0,$G85)+IF($E86="",0,$E86)-IF($F86="",0,$F86)) | H86: =IF(AND($L86="",$M86="",$N86=""),"",IF($L86<>"",IF(INDEX(LdANote,$L86)="","—",INDEX(LdANote,$L86)),IF($M86<>"",IF(INDEX(LdBNote,$M86)="","—",INDEX(LdBNote,$M86)),IF($N86<>"",IF(INDEX(LdCNote,$N86)="","—",INDEX(LdCNote,$N86)),"")))) | L86: =IFERROR(MATCH($C$5&"|"&RIGHT("000000"&70,6),LdAKeyM,0),"") | M86: =IFERROR(MATCH($C$5&"|"&RIGHT("000000"&70,6),LdBKeyM,0),"") | N86: =IFERROR(MATCH($C$5&"|"&RIGHT("000000"&70,6),LdCKeyM,0),"")
A87: 71 | B87: =IF(AND($L87="",$M87="",$N87=""),"",IF($L87<>"",INDEX(LdADate,$L87),IF($M87<>"",INDEX(LdBDate,$M87),INDEX(LdCDate,$N87)))) | C87: =IF($L87<>"","دستمزد (فردی)",IF($M87<>"","سهم از گروه "&IFERROR(VLOOKUP(INDEX(LdBGroup,$M87),WGTbl,2,0),INDEX(LdBGroup,$M87)),IF($N87<>"",IF(N(INDEX(LdCDep,$N87))>0,"بازگشت بانکی","پرداخت بانکی"),""))) | D87: =IF($L87<>"",IF(INDEX(LdAId,$L87)="","—",INDEX(LdAId,$L87)),IF($M87<>"",IF(INDEX(LdBId,$M87)="","—",INDEX(LdBId,$M87)),IF($N87<>"",IF(INDEX(LdCBank,$N87)="","—",INDEX(LdCBank,$N87)),""))) | E87: =IF($L87<>"",IF(INDEX(LdAAmt,$L87)=0,"",INDEX(LdAAmt,$L87)),IF($M87<>"",IF(INDEX(LdBAmt,$M87)=0,"",INDEX(LdBAmt,$M87)),IF($N87<>"",IF(INDEX(LdCDep,$N87)=0,"",INDEX(LdCDep,$N87)),""))) | F87: =IF(AND($L87="",$M87="",$N87=""),"",IF($N87="","",IF(INDEX(LdCWit,$N87)=0,"",INDEX(LdCWit,$N87)))) | G87: =IF($B87="","",IF($G86="",0,$G86)+IF($E87="",0,$E87)-IF($F87="",0,$F87)) | H87: =IF(AND($L87="",$M87="",$N87=""),"",IF($L87<>"",IF(INDEX(LdANote,$L87)="","—",INDEX(LdANote,$L87)),IF($M87<>"",IF(INDEX(LdBNote,$M87)="","—",INDEX(LdBNote,$M87)),IF($N87<>"",IF(INDEX(LdCNote,$N87)="","—",INDEX(LdCNote,$N87)),"")))) | L87: =IFERROR(MATCH($C$5&"|"&RIGHT("000000"&71,6),LdAKeyM,0),"") | M87: =IFERROR(MATCH($C$5&"|"&RIGHT("000000"&71,6),LdBKeyM,0),"") | N87: =IFERROR(MATCH($C$5&"|"&RIGHT("000000"&71,6),LdCKeyM,0),"")
A88: 72 | B88: =IF(AND($L88="",$M88="",$N88=""),"",IF($L88<>"",INDEX(LdADate,$L88),IF($M88<>"",INDEX(LdBDate,$M88),INDEX(LdCDate,$N88)))) | C88: =IF($L88<>"","دستمزد (فردی)",IF($M88<>"","سهم از گروه "&IFERROR(VLOOKUP(INDEX(LdBGroup,$M88),WGTbl,2,0),INDEX(LdBGroup,$M88)),IF($N88<>"",IF(N(INDEX(LdCDep,$N88))>0,"بازگشت بانکی","پرداخت بانکی"),""))) | D88: =IF($L88<>"",IF(INDEX(LdAId,$L88)="","—",INDEX(LdAId,$L88)),IF($M88<>"",IF(INDEX(LdBId,$M88)="","—",INDEX(LdBId,$M88)),IF($N88<>"",IF(INDEX(LdCBank,$N88)="","—",INDEX(LdCBank,$N88)),""))) | E88: =IF($L88<>"",IF(INDEX(LdAAmt,$L88)=0,"",INDEX(LdAAmt,$L88)),IF($M88<>"",IF(INDEX(LdBAmt,$M88)=0,"",INDEX(LdBAmt,$M88)),IF($N88<>"",IF(INDEX(LdCDep,$N88)=0,"",INDEX(LdCDep,$N88)),""))) | F88: =IF(AND($L88="",$M88="",$N88=""),"",IF($N88="","",IF(INDEX(LdCWit,$N88)=0,"",INDEX(LdCWit,$N88)))) | G88: =IF($B88="","",IF($G87="",0,$G87)+IF($E88="",0,$E88)-IF($F88="",0,$F88)) | H88: =IF(AND($L88="",$M88="",$N88=""),"",IF($L88<>"",IF(INDEX(LdANote,$L88)="","—",INDEX(LdANote,$L88)),IF($M88<>"",IF(INDEX(LdBNote,$M88)="","—",INDEX(LdBNote,$M88)),IF($N88<>"",IF(INDEX(LdCNote,$N88)="","—",INDEX(LdCNote,$N88)),"")))) | L88: =IFERROR(MATCH($C$5&"|"&RIGHT("000000"&72,6),LdAKeyM,0),"") | M88: =IFERROR(MATCH($C$5&"|"&RIGHT("000000"&72,6),LdBKeyM,0),"") | N88: =IFERROR(MATCH($C$5&"|"&RIGHT("000000"&72,6),LdCKeyM,0),"")
A89: 73 | B89: =IF(AND($L89="",$M89="",$N89=""),"",IF($L89<>"",INDEX(LdADate,$L89),IF($M89<>"",INDEX(LdBDate,$M89),INDEX(LdCDate,$N89)))) | C89: =IF($L89<>"","دستمزد (فردی)",IF($M89<>"","سهم از گروه "&IFERROR(VLOOKUP(INDEX(LdBGroup,$M89),WGTbl,2,0),INDEX(LdBGroup,$M89)),IF($N89<>"",IF(N(INDEX(LdCDep,$N89))>0,"بازگشت بانکی","پرداخت بانکی"),""))) | D89: =IF($L89<>"",IF(INDEX(LdAId,$L89)="","—",INDEX(LdAId,$L89)),IF($M89<>"",IF(INDEX(LdBId,$M89)="","—",INDEX(LdBId,$M89)),IF($N89<>"",IF(INDEX(LdCBank,$N89)="","—",INDEX(LdCBank,$N89)),""))) | E89: =IF($L89<>"",IF(INDEX(LdAAmt,$L89)=0,"",INDEX(LdAAmt,$L89)),IF($M89<>"",IF(INDEX(LdBAmt,$M89)=0,"",INDEX(LdBAmt,$M89)),IF($N89<>"",IF(INDEX(LdCDep,$N89)=0,"",INDEX(LdCDep,$N89)),""))) | F89: =IF(AND($L89="",$M89="",$N89=""),"",IF($N89="","",IF(INDEX(LdCWit,$N89)=0,"",INDEX(LdCWit,$N89)))) | G89: =IF($B89="","",IF($G88="",0,$G88)+IF($E89="",0,$E89)-IF($F89="",0,$F89)) | H89: =IF(AND($L89="",$M89="",$N89=""),"",IF($L89<>"",IF(INDEX(LdANote,$L89)="","—",INDEX(LdANote,$L89)),IF($M89<>"",IF(INDEX(LdBNote,$M89)="","—",INDEX(LdBNote,$M89)),IF($N89<>"",IF(INDEX(LdCNote,$N89)="","—",INDEX(LdCNote,$N89)),"")))) | L89: =IFERROR(MATCH($C$5&"|"&RIGHT("000000"&73,6),LdAKeyM,0),"") | M89: =IFERROR(MATCH($C$5&"|"&RIGHT("000000"&73,6),LdBKeyM,0),"") | N89: =IFERROR(MATCH($C$5&"|"&RIGHT("000000"&73,6),LdCKeyM,0),"")
A90: 74 | B90: =IF(AND($L90="",$M90="",$N90=""),"",IF($L90<>"",INDEX(LdADate,$L90),IF($M90<>"",INDEX(LdBDate,$M90),INDEX(LdCDate,$N90)))) | C90: =IF($L90<>"","دستمزد (فردی)",IF($M90<>"","سهم از گروه "&IFERROR(VLOOKUP(INDEX(LdBGroup,$M90),WGTbl,2,0),INDEX(LdBGroup,$M90)),IF($N90<>"",IF(N(INDEX(LdCDep,$N90))>0,"بازگشت بانکی","پرداخت بانکی"),""))) | D90: =IF($L90<>"",IF(INDEX(LdAId,$L90)="","—",INDEX(LdAId,$L90)),IF($M90<>"",IF(INDEX(LdBId,$M90)="","—",INDEX(LdBId,$M90)),IF($N90<>"",IF(INDEX(LdCBank,$N90)="","—",INDEX(LdCBank,$N90)),""))) | E90: =IF($L90<>"",IF(INDEX(LdAAmt,$L90)=0,"",INDEX(LdAAmt,$L90)),IF($M90<>"",IF(INDEX(LdBAmt,$M90)=0,"",INDEX(LdBAmt,$M90)),IF($N90<>"",IF(INDEX(LdCDep,$N90)=0,"",INDEX(LdCDep,$N90)),""))) | F90: =IF(AND($L90="",$M90="",$N90=""),"",IF($N90="","",IF(INDEX(LdCWit,$N90)=0,"",INDEX(LdCWit,$N90)))) | G90: =IF($B90="","",IF($G89="",0,$G89)+IF($E90="",0,$E90)-IF($F90="",0,$F90)) | H90: =IF(AND($L90="",$M90="",$N90=""),"",IF($L90<>"",IF(INDEX(LdANote,$L90)="","—",INDEX(LdANote,$L90)),IF($M90<>"",IF(INDEX(LdBNote,$M90)="","—",INDEX(LdBNote,$M90)),IF($N90<>"",IF(INDEX(LdCNote,$N90)="","—",INDEX(LdCNote,$N90)),"")))) | L90: =IFERROR(MATCH($C$5&"|"&RIGHT("000000"&74,6),LdAKeyM,0),"") | M90: =IFERROR(MATCH($C$5&"|"&RIGHT("000000"&74,6),LdBKeyM,0),"") | N90: =IFERROR(MATCH($C$5&"|"&RIGHT("000000"&74,6),LdCKeyM,0),"")
A91: 75 | B91: =IF(AND($L91="",$M91="",$N91=""),"",IF($L91<>"",INDEX(LdADate,$L91),IF($M91<>"",INDEX(LdBDate,$M91),INDEX(LdCDate,$N91)))) | C91: =IF($L91<>"","دستمزد (فردی)",IF($M91<>"","سهم از گروه "&IFERROR(VLOOKUP(INDEX(LdBGroup,$M91),WGTbl,2,0),INDEX(LdBGroup,$M91)),IF($N91<>"",IF(N(INDEX(LdCDep,$N91))>0,"بازگشت بانکی","پرداخت بانکی"),""))) | D91: =IF($L91<>"",IF(INDEX(LdAId,$L91)="","—",INDEX(LdAId,$L91)),IF($M91<>"",IF(INDEX(LdBId,$M91)="","—",INDEX(LdBId,$M91)),IF($N91<>"",IF(INDEX(LdCBank,$N91)="","—",INDEX(LdCBank,$N91)),""))) | E91: =IF($L91<>"",IF(INDEX(LdAAmt,$L91)=0,"",INDEX(LdAAmt,$L91)),IF($M91<>"",IF(INDEX(LdBAmt,$M91)=0,"",INDEX(LdBAmt,$M91)),IF($N91<>"",IF(INDEX(LdCDep,$N91)=0,"",INDEX(LdCDep,$N91)),""))) | F91: =IF(AND($L91="",$M91="",$N91=""),"",IF($N91="","",IF(INDEX(LdCWit,$N91)=0,"",INDEX(LdCWit,$N91)))) | G91: =IF($B91="","",IF($G90="",0,$G90)+IF($E91="",0,$E91)-IF($F91="",0,$F91)) | H91: =IF(AND($L91="",$M91="",$N91=""),"",IF($L91<>"",IF(INDEX(LdANote,$L91)="","—",INDEX(LdANote,$L91)),IF($M91<>"",IF(INDEX(LdBNote,$M91)="","—",INDEX(LdBNote,$M91)),IF($N91<>"",IF(INDEX(LdCNote,$N91)="","—",INDEX(LdCNote,$N91)),"")))) | L91: =IFERROR(MATCH($C$5&"|"&RIGHT("000000"&75,6),LdAKeyM,0),"") | M91: =IFERROR(MATCH($C$5&"|"&RIGHT("000000"&75,6),LdBKeyM,0),"") | N91: =IFERROR(MATCH($C$5&"|"&RIGHT("000000"&75,6),LdCKeyM,0),"")
A92: 76 | B92: =IF(AND($L92="",$M92="",$N92=""),"",IF($L92<>"",INDEX(LdADate,$L92),IF($M92<>"",INDEX(LdBDate,$M92),INDEX(LdCDate,$N92)))) | C92: =IF($L92<>"","دستمزد (فردی)",IF($M92<>"","سهم از گروه "&IFERROR(VLOOKUP(INDEX(LdBGroup,$M92),WGTbl,2,0),INDEX(LdBGroup,$M92)),IF($N92<>"",IF(N(INDEX(LdCDep,$N92))>0,"بازگشت بانکی","پرداخت بانکی"),""))) | D92: =IF($L92<>"",IF(INDEX(LdAId,$L92)="","—",INDEX(LdAId,$L92)),IF($M92<>"",IF(INDEX(LdBId,$M92)="","—",INDEX(LdBId,$M92)),IF($N92<>"",IF(INDEX(LdCBank,$N92)="","—",INDEX(LdCBank,$N92)),""))) | E92: =IF($L92<>"",IF(INDEX(LdAAmt,$L92)=0,"",INDEX(LdAAmt,$L92)),IF($M92<>"",IF(INDEX(LdBAmt,$M92)=0,"",INDEX(LdBAmt,$M92)),IF($N92<>"",IF(INDEX(LdCDep,$N92)=0,"",INDEX(LdCDep,$N92)),""))) | F92: =IF(AND($L92="",$M92="",$N92=""),"",IF($N92="","",IF(INDEX(LdCWit,$N92)=0,"",INDEX(LdCWit,$N92)))) | G92: =IF($B92="","",IF($G91="",0,$G91)+IF($E92="",0,$E92)-IF($F92="",0,$F92)) | H92: =IF(AND($L92="",$M92="",$N92=""),"",IF($L92<>"",IF(INDEX(LdANote,$L92)="","—",INDEX(LdANote,$L92)),IF($M92<>"",IF(INDEX(LdBNote,$M92)="","—",INDEX(LdBNote,$M92)),IF($N92<>"",IF(INDEX(LdCNote,$N92)="","—",INDEX(LdCNote,$N92)),"")))) | L92: =IFERROR(MATCH($C$5&"|"&RIGHT("000000"&76,6),LdAKeyM,0),"") | M92: =IFERROR(MATCH($C$5&"|"&RIGHT("000000"&76,6),LdBKeyM,0),"") | N92: =IFERROR(MATCH($C$5&"|"&RIGHT("000000"&76,6),LdCKeyM,0),"")
A93: 77 | B93: =IF(AND($L93="",$M93="",$N93=""),"",IF($L93<>"",INDEX(LdADate,$L93),IF($M93<>"",INDEX(LdBDate,$M93),INDEX(LdCDate,$N93)))) | C93: =IF($L93<>"","دستمزد (فردی)",IF($M93<>"","سهم از گروه "&IFERROR(VLOOKUP(INDEX(LdBGroup,$M93),WGTbl,2,0),INDEX(LdBGroup,$M93)),IF($N93<>"",IF(N(INDEX(LdCDep,$N93))>0,"بازگشت بانکی","پرداخت بانکی"),""))) | D93: =IF($L93<>"",IF(INDEX(LdAId,$L93)="","—",INDEX(LdAId,$L93)),IF($M93<>"",IF(INDEX(LdBId,$M93)="","—",INDEX(LdBId,$M93)),IF($N93<>"",IF(INDEX(LdCBank,$N93)="","—",INDEX(LdCBank,$N93)),""))) | E93: =IF($L93<>"",IF(INDEX(LdAAmt,$L93)=0,"",INDEX(LdAAmt,$L93)),IF($M93<>"",IF(INDEX(LdBAmt,$M93)=0,"",INDEX(LdBAmt,$M93)),IF($N93<>"",IF(INDEX(LdCDep,$N93)=0,"",INDEX(LdCDep,$N93)),""))) | F93: =IF(AND($L93="",$M93="",$N93=""),"",IF($N93="","",IF(INDEX(LdCWit,$N93)=0,"",INDEX(LdCWit,$N93)))) | G93: =IF($B93="","",IF($G92="",0,$G92)+IF($E93="",0,$E93)-IF($F93="",0,$F93)) | H93: =IF(AND($L93="",$M93="",$N93=""),"",IF($L93<>"",IF(INDEX(LdANote,$L93)="","—",INDEX(LdANote,$L93)),IF($M93<>"",IF(INDEX(LdBNote,$M93)="","—",INDEX(LdBNote,$M93)),IF($N93<>"",IF(INDEX(LdCNote,$N93)="","—",INDEX(LdCNote,$N93)),"")))) | L93: =IFERROR(MATCH($C$5&"|"&RIGHT("000000"&77,6),LdAKeyM,0),"") | M93: =IFERROR(MATCH($C$5&"|"&RIGHT("000000"&77,6),LdBKeyM,0),"") | N93: =IFERROR(MATCH($C$5&"|"&RIGHT("000000"&77,6),LdCKeyM,0),"")
A94: 78 | B94: =IF(AND($L94="",$M94="",$N94=""),"",IF($L94<>"",INDEX(LdADate,$L94),IF($M94<>"",INDEX(LdBDate,$M94),INDEX(LdCDate,$N94)))) | C94: =IF($L94<>"","دستمزد (فردی)",IF($M94<>"","سهم از گروه "&IFERROR(VLOOKUP(INDEX(LdBGroup,$M94),WGTbl,2,0),INDEX(LdBGroup,$M94)),IF($N94<>"",IF(N(INDEX(LdCDep,$N94))>0,"بازگشت بانکی","پرداخت بانکی"),""))) | D94: =IF($L94<>"",IF(INDEX(LdAId,$L94)="","—",INDEX(LdAId,$L94)),IF($M94<>"",IF(INDEX(LdBId,$M94)="","—",INDEX(LdBId,$M94)),IF($N94<>"",IF(INDEX(LdCBank,$N94)="","—",INDEX(LdCBank,$N94)),""))) | E94: =IF($L94<>"",IF(INDEX(LdAAmt,$L94)=0,"",INDEX(LdAAmt,$L94)),IF($M94<>"",IF(INDEX(LdBAmt,$M94)=0,"",INDEX(LdBAmt,$M94)),IF($N94<>"",IF(INDEX(LdCDep,$N94)=0,"",INDEX(LdCDep,$N94)),""))) | F94: =IF(AND($L94="",$M94="",$N94=""),"",IF($N94="","",IF(INDEX(LdCWit,$N94)=0,"",INDEX(LdCWit,$N94)))) | G94: =IF($B94="","",IF($G93="",0,$G93)+IF($E94="",0,$E94)-IF($F94="",0,$F94)) | H94: =IF(AND($L94="",$M94="",$N94=""),"",IF($L94<>"",IF(INDEX(LdANote,$L94)="","—",INDEX(LdANote,$L94)),IF($M94<>"",IF(INDEX(LdBNote,$M94)="","—",INDEX(LdBNote,$M94)),IF($N94<>"",IF(INDEX(LdCNote,$N94)="","—",INDEX(LdCNote,$N94)),"")))) | L94: =IFERROR(MATCH($C$5&"|"&RIGHT("000000"&78,6),LdAKeyM,0),"") | M94: =IFERROR(MATCH($C$5&"|"&RIGHT("000000"&78,6),LdBKeyM,0),"") | N94: =IFERROR(MATCH($C$5&"|"&RIGHT("000000"&78,6),LdCKeyM,0),"")
A95: 79 | B95: =IF(AND($L95="",$M95="",$N95=""),"",IF($L95<>"",INDEX(LdADate,$L95),IF($M95<>"",INDEX(LdBDate,$M95),INDEX(LdCDate,$N95)))) | C95: =IF($L95<>"","دستمزد (فردی)",IF($M95<>"","سهم از گروه "&IFERROR(VLOOKUP(INDEX(LdBGroup,$M95),WGTbl,2,0),INDEX(LdBGroup,$M95)),IF($N95<>"",IF(N(INDEX(LdCDep,$N95))>0,"بازگشت بانکی","پرداخت بانکی"),""))) | D95: =IF($L95<>"",IF(INDEX(LdAId,$L95)="","—",INDEX(LdAId,$L95)),IF($M95<>"",IF(INDEX(LdBId,$M95)="","—",INDEX(LdBId,$M95)),IF($N95<>"",IF(INDEX(LdCBank,$N95)="","—",INDEX(LdCBank,$N95)),""))) | E95: =IF($L95<>"",IF(INDEX(LdAAmt,$L95)=0,"",INDEX(LdAAmt,$L95)),IF($M95<>"",IF(INDEX(LdBAmt,$M95)=0,"",INDEX(LdBAmt,$M95)),IF($N95<>"",IF(INDEX(LdCDep,$N95)=0,"",INDEX(LdCDep,$N95)),""))) | F95: =IF(AND($L95="",$M95="",$N95=""),"",IF($N95="","",IF(INDEX(LdCWit,$N95)=0,"",INDEX(LdCWit,$N95)))) | G95: =IF($B95="","",IF($G94="",0,$G94)+IF($E95="",0,$E95)-IF($F95="",0,$F95)) | H95: =IF(AND($L95="",$M95="",$N95=""),"",IF($L95<>"",IF(INDEX(LdANote,$L95)="","—",INDEX(LdANote,$L95)),IF($M95<>"",IF(INDEX(LdBNote,$M95)="","—",INDEX(LdBNote,$M95)),IF($N95<>"",IF(INDEX(LdCNote,$N95)="","—",INDEX(LdCNote,$N95)),"")))) | L95: =IFERROR(MATCH($C$5&"|"&RIGHT("000000"&79,6),LdAKeyM,0),"") | M95: =IFERROR(MATCH($C$5&"|"&RIGHT("000000"&79,6),LdBKeyM,0),"") | N95: =IFERROR(MATCH($C$5&"|"&RIGHT("000000"&79,6),LdCKeyM,0),"")
A96: 80 | B96: =IF(AND($L96="",$M96="",$N96=""),"",IF($L96<>"",INDEX(LdADate,$L96),IF($M96<>"",INDEX(LdBDate,$M96),INDEX(LdCDate,$N96)))) | C96: =IF($L96<>"","دستمزد (فردی)",IF($M96<>"","سهم از گروه "&IFERROR(VLOOKUP(INDEX(LdBGroup,$M96),WGTbl,2,0),INDEX(LdBGroup,$M96)),IF($N96<>"",IF(N(INDEX(LdCDep,$N96))>0,"بازگشت بانکی","پرداخت بانکی"),""))) | D96: =IF($L96<>"",IF(INDEX(LdAId,$L96)="","—",INDEX(LdAId,$L96)),IF($M96<>"",IF(INDEX(LdBId,$M96)="","—",INDEX(LdBId,$M96)),IF($N96<>"",IF(INDEX(LdCBank,$N96)="","—",INDEX(LdCBank,$N96)),""))) | E96: =IF($L96<>"",IF(INDEX(LdAAmt,$L96)=0,"",INDEX(LdAAmt,$L96)),IF($M96<>"",IF(INDEX(LdBAmt,$M96)=0,"",INDEX(LdBAmt,$M96)),IF($N96<>"",IF(INDEX(LdCDep,$N96)=0,"",INDEX(LdCDep,$N96)),""))) | F96: =IF(AND($L96="",$M96="",$N96=""),"",IF($N96="","",IF(INDEX(LdCWit,$N96)=0,"",INDEX(LdCWit,$N96)))) | G96: =IF($B96="","",IF($G95="",0,$G95)+IF($E96="",0,$E96)-IF($F96="",0,$F96)) | H96: =IF(AND($L96="",$M96="",$N96=""),"",IF($L96<>"",IF(INDEX(LdANote,$L96)="","—",INDEX(LdANote,$L96)),IF($M96<>"",IF(INDEX(LdBNote,$M96)="","—",INDEX(LdBNote,$M96)),IF($N96<>"",IF(INDEX(LdCNote,$N96)="","—",INDEX(LdCNote,$N96)),"")))) | L96: =IFERROR(MATCH($C$5&"|"&RIGHT("000000"&80,6),LdAKeyM,0),"") | M96: =IFERROR(MATCH($C$5&"|"&RIGHT("000000"&80,6),LdBKeyM,0),"") | N96: =IFERROR(MATCH($C$5&"|"&RIGHT("000000"&80,6),LdCKeyM,0),"")
A97: 81 | B97: =IF(AND($L97="",$M97="",$N97=""),"",IF($L97<>"",INDEX(LdADate,$L97),IF($M97<>"",INDEX(LdBDate,$M97),INDEX(LdCDate,$N97)))) | C97: =IF($L97<>"","دستمزد (فردی)",IF($M97<>"","سهم از گروه "&IFERROR(VLOOKUP(INDEX(LdBGroup,$M97),WGTbl,2,0),INDEX(LdBGroup,$M97)),IF($N97<>"",IF(N(INDEX(LdCDep,$N97))>0,"بازگشت بانکی","پرداخت بانکی"),""))) | D97: =IF($L97<>"",IF(INDEX(LdAId,$L97)="","—",INDEX(LdAId,$L97)),IF($M97<>"",IF(INDEX(LdBId,$M97)="","—",INDEX(LdBId,$M97)),IF($N97<>"",IF(INDEX(LdCBank,$N97)="","—",INDEX(LdCBank,$N97)),""))) | E97: =IF($L97<>"",IF(INDEX(LdAAmt,$L97)=0,"",INDEX(LdAAmt,$L97)),IF($M97<>"",IF(INDEX(LdBAmt,$M97)=0,"",INDEX(LdBAmt,$M97)),IF($N97<>"",IF(INDEX(LdCDep,$N97)=0,"",INDEX(LdCDep,$N97)),""))) | F97: =IF(AND($L97="",$M97="",$N97=""),"",IF($N97="","",IF(INDEX(LdCWit,$N97)=0,"",INDEX(LdCWit,$N97)))) | G97: =IF($B97="","",IF($G96="",0,$G96)+IF($E97="",0,$E97)-IF($F97="",0,$F97)) | H97: =IF(AND($L97="",$M97="",$N97=""),"",IF($L97<>"",IF(INDEX(LdANote,$L97)="","—",INDEX(LdANote,$L97)),IF($M97<>"",IF(INDEX(LdBNote,$M97)="","—",INDEX(LdBNote,$M97)),IF($N97<>"",IF(INDEX(LdCNote,$N97)="","—",INDEX(LdCNote,$N97)),"")))) | L97: =IFERROR(MATCH($C$5&"|"&RIGHT("000000"&81,6),LdAKeyM,0),"") | M97: =IFERROR(MATCH($C$5&"|"&RIGHT("000000"&81,6),LdBKeyM,0),"") | N97: =IFERROR(MATCH($C$5&"|"&RIGHT("000000"&81,6),LdCKeyM,0),"")
A98: 82 | B98: =IF(AND($L98="",$M98="",$N98=""),"",IF($L98<>"",INDEX(LdADate,$L98),IF($M98<>"",INDEX(LdBDate,$M98),INDEX(LdCDate,$N98)))) | C98: =IF($L98<>"","دستمزد (فردی)",IF($M98<>"","سهم از گروه "&IFERROR(VLOOKUP(INDEX(LdBGroup,$M98),WGTbl,2,0),INDEX(LdBGroup,$M98)),IF($N98<>"",IF(N(INDEX(LdCDep,$N98))>0,"بازگشت بانکی","پرداخت بانکی"),""))) | D98: =IF($L98<>"",IF(INDEX(LdAId,$L98)="","—",INDEX(LdAId,$L98)),IF($M98<>"",IF(INDEX(LdBId,$M98)="","—",INDEX(LdBId,$M98)),IF($N98<>"",IF(INDEX(LdCBank,$N98)="","—",INDEX(LdCBank,$N98)),""))) | E98: =IF($L98<>"",IF(INDEX(LdAAmt,$L98)=0,"",INDEX(LdAAmt,$L98)),IF($M98<>"",IF(INDEX(LdBAmt,$M98)=0,"",INDEX(LdBAmt,$M98)),IF($N98<>"",IF(INDEX(LdCDep,$N98)=0,"",INDEX(LdCDep,$N98)),""))) | F98: =IF(AND($L98="",$M98="",$N98=""),"",IF($N98="","",IF(INDEX(LdCWit,$N98)=0,"",INDEX(LdCWit,$N98)))) | G98: =IF($B98="","",IF($G97="",0,$G97)+IF($E98="",0,$E98)-IF($F98="",0,$F98)) | H98: =IF(AND($L98="",$M98="",$N98=""),"",IF($L98<>"",IF(INDEX(LdANote,$L98)="","—",INDEX(LdANote,$L98)),IF($M98<>"",IF(INDEX(LdBNote,$M98)="","—",INDEX(LdBNote,$M98)),IF($N98<>"",IF(INDEX(LdCNote,$N98)="","—",INDEX(LdCNote,$N98)),"")))) | L98: =IFERROR(MATCH($C$5&"|"&RIGHT("000000"&82,6),LdAKeyM,0),"") | M98: =IFERROR(MATCH($C$5&"|"&RIGHT("000000"&82,6),LdBKeyM,0),"") | N98: =IFERROR(MATCH($C$5&"|"&RIGHT("000000"&82,6),LdCKeyM,0),"")
A99: 83 | B99: =IF(AND($L99="",$M99="",$N99=""),"",IF($L99<>"",INDEX(LdADate,$L99),IF($M99<>"",INDEX(LdBDate,$M99),INDEX(LdCDate,$N99)))) | C99: =IF($L99<>"","دستمزد (فردی)",IF($M99<>"","سهم از گروه "&IFERROR(VLOOKUP(INDEX(LdBGroup,$M99),WGTbl,2,0),INDEX(LdBGroup,$M99)),IF($N99<>"",IF(N(INDEX(LdCDep,$N99))>0,"بازگشت بانکی","پرداخت بانکی"),""))) | D99: =IF($L99<>"",IF(INDEX(LdAId,$L99)="","—",INDEX(LdAId,$L99)),IF($M99<>"",IF(INDEX(LdBId,$M99)="","—",INDEX(LdBId,$M99)),IF($N99<>"",IF(INDEX(LdCBank,$N99)="","—",INDEX(LdCBank,$N99)),""))) | E99: =IF($L99<>"",IF(INDEX(LdAAmt,$L99)=0,"",INDEX(LdAAmt,$L99)),IF($M99<>"",IF(INDEX(LdBAmt,$M99)=0,"",INDEX(LdBAmt,$M99)),IF($N99<>"",IF(INDEX(LdCDep,$N99)=0,"",INDEX(LdCDep,$N99)),""))) | F99: =IF(AND($L99="",$M99="",$N99=""),"",IF($N99="","",IF(INDEX(LdCWit,$N99)=0,"",INDEX(LdCWit,$N99)))) | G99: =IF($B99="","",IF($G98="",0,$G98)+IF($E99="",0,$E99)-IF($F99="",0,$F99)) | H99: =IF(AND($L99="",$M99="",$N99=""),"",IF($L99<>"",IF(INDEX(LdANote,$L99)="","—",INDEX(LdANote,$L99)),IF($M99<>"",IF(INDEX(LdBNote,$M99)="","—",INDEX(LdBNote,$M99)),IF($N99<>"",IF(INDEX(LdCNote,$N99)="","—",INDEX(LdCNote,$N99)),"")))) | L99: =IFERROR(MATCH($C$5&"|"&RIGHT("000000"&83,6),LdAKeyM,0),"") | M99: =IFERROR(MATCH($C$5&"|"&RIGHT("000000"&83,6),LdBKeyM,0),"") | N99: =IFERROR(MATCH($C$5&"|"&RIGHT("000000"&83,6),LdCKeyM,0),"")
A100: 84 | B100: =IF(AND($L100="",$M100="",$N100=""),"",IF($L100<>"",INDEX(LdADate,$L100),IF($M100<>"",INDEX(LdBDate,$M100),INDEX(LdCDate,$N100)))) | C100: =IF($L100<>"","دستمزد (فردی)",IF($M100<>"","سهم از گروه "&IFERROR(VLOOKUP(INDEX(LdBGroup,$M100),WGTbl,2,0),INDEX(LdBGroup,$M100)),IF($N100<>"",IF(N(INDEX(LdCDep,$N100))>0,"بازگشت بانکی","پرداخت بانکی"),""))) | D100: =IF($L100<>"",IF(INDEX(LdAId,$L100)="","—",INDEX(LdAId,$L100)),IF($M100<>"",IF(INDEX(LdBId,$M100)="","—",INDEX(LdBId,$M100)),IF($N100<>"",IF(INDEX(LdCBank,$N100)="","—",INDEX(LdCBank,$N100)),""))) | E100: =IF($L100<>"",IF(INDEX(LdAAmt,$L100)=0,"",INDEX(LdAAmt,$L100)),IF($M100<>"",IF(INDEX(LdBAmt,$M100)=0,"",INDEX(LdBAmt,$M100)),IF($N100<>"",IF(INDEX(LdCDep,$N100)=0,"",INDEX(LdCDep,$N100)),""))) | F100: =IF(AND($L100="",$M100="",$N100=""),"",IF($N100="","",IF(INDEX(LdCWit,$N100)=0,"",INDEX(LdCWit,$N100)))) | G100: =IF($B100="","",IF($G99="",0,$G99)+IF($E100="",0,$E100)-IF($F100="",0,$F100)) | H100: =IF(AND($L100="",$M100="",$N100=""),"",IF($L100<>"",IF(INDEX(LdANote,$L100)="","—",INDEX(LdANote,$L100)),IF($M100<>"",IF(INDEX(LdBNote,$M100)="","—",INDEX(LdBNote,$M100)),IF($N100<>"",IF(INDEX(LdCNote,$N100)="","—",INDEX(LdCNote,$N100)),"")))) | L100: =IFERROR(MATCH($C$5&"|"&RIGHT("000000"&84,6),LdAKeyM,0),"") | M100: =IFERROR(MATCH($C$5&"|"&RIGHT("000000"&84,6),LdBKeyM,0),"") | N100: =IFERROR(MATCH($C$5&"|"&RIGHT("000000"&84,6),LdCKeyM,0),"")
A101: 85 | B101: =IF(AND($L101="",$M101="",$N101=""),"",IF($L101<>"",INDEX(LdADate,$L101),IF($M101<>"",INDEX(LdBDate,$M101),INDEX(LdCDate,$N101)))) | C101: =IF($L101<>"","دستمزد (فردی)",IF($M101<>"","سهم از گروه "&IFERROR(VLOOKUP(INDEX(LdBGroup,$M101),WGTbl,2,0),INDEX(LdBGroup,$M101)),IF($N101<>"",IF(N(INDEX(LdCDep,$N101))>0,"بازگشت بانکی","پرداخت بانکی"),""))) | D101: =IF($L101<>"",IF(INDEX(LdAId,$L101)="","—",INDEX(LdAId,$L101)),IF($M101<>"",IF(INDEX(LdBId,$M101)="","—",INDEX(LdBId,$M101)),IF($N101<>"",IF(INDEX(LdCBank,$N101)="","—",INDEX(LdCBank,$N101)),""))) | E101: =IF($L101<>"",IF(INDEX(LdAAmt,$L101)=0,"",INDEX(LdAAmt,$L101)),IF($M101<>"",IF(INDEX(LdBAmt,$M101)=0,"",INDEX(LdBAmt,$M101)),IF($N101<>"",IF(INDEX(LdCDep,$N101)=0,"",INDEX(LdCDep,$N101)),""))) | F101: =IF(AND($L101="",$M101="",$N101=""),"",IF($N101="","",IF(INDEX(LdCWit,$N101)=0,"",INDEX(LdCWit,$N101)))) | G101: =IF($B101="","",IF($G100="",0,$G100)+IF($E101="",0,$E101)-IF($F101="",0,$F101)) | H101: =IF(AND($L101="",$M101="",$N101=""),"",IF($L101<>"",IF(INDEX(LdANote,$L101)="","—",INDEX(LdANote,$L101)),IF($M101<>"",IF(INDEX(LdBNote,$M101)="","—",INDEX(LdBNote,$M101)),IF($N101<>"",IF(INDEX(LdCNote,$N101)="","—",INDEX(LdCNote,$N101)),"")))) | L101: =IFERROR(MATCH($C$5&"|"&RIGHT("000000"&85,6),LdAKeyM,0),"") | M101: =IFERROR(MATCH($C$5&"|"&RIGHT("000000"&85,6),LdBKeyM,0),"") | N101: =IFERROR(MATCH($C$5&"|"&RIGHT("000000"&85,6),LdCKeyM,0),"")
...

Sheet GroupReport
A1: =IF(Sync!$AI$6="","مازندشت",Sync!$AI$6)&" — "&IF(Sync!$AI$9="","سورتینگ و بسته‌بندی مرکبات",Sync!$AI$9)
A2: =IF(Sync!$AI$7="","باغدشت، بخش مرکزی، شهرستان قائم‌شهر، استان مازندران، ایران",Sync!$AI$7)&" | MAZANDASHT · CITRUS SORTING & PACKING"
A3: ="گزارش گروه کاری — "&IFERROR(IF(VLOOKUP($C$5,WGTbl,2,0)="","(بدون عنوان)",VLOOKUP($C$5,WGTbl,2,0)),"کد گروه را وارد کنید")
A5: کد گروه کاری (ورود دستی): | C5: WG01 | E5: کد را از INFO (شیت WorkGroups) وارد کنید. برای گروه دیگر، همین شیت را کپی و کد را عوض کنید.
A6: عنوان گروه: | C6: =IFERROR(IF(VLOOKUP($C$5,WGTbl,2,0)="","(بدون عنوان)",VLOOKUP($C$5,WGTbl,2,0)),"—")
A7: توضیح: | C7: =IFERROR(IF(VLOOKUP($C$5,WGTbl,3,0)="","—",VLOOKUP($C$5,WGTbl,3,0)),"—")
A8: اعضای گروه (INFO ← Staff): | C8: =IF($C$5="","—",COUNTIF(StaffGrpE,$C$5)&" نفر" &IF(COUNTIF(StaffGrpE,$C$5)=0," (هیچ عضوی تعیین نشده)"," (صرفاً اطلاعاتی — ریز سهم‌ها دستی وارد می‌شوند)"))
A9: بخش ۱: رویدادهای دستمزد گروهی این گروه با کنترل تطابق مبلغ کل با جمع ریز | بخش ۲: ریز سهم هر عضو به ترتیب تاریخ.
A11: جمع مبالغ رویدادها (ریال) | C11: جمع ریز توزیع‌شده (ریال) | E11: مغایرت (ریال) | G11: وضعیت
A12: =SUM($D$17:$D$2016) | C12: =SUM($F$2021:$F$4020) | E12: =$A$12-$C$12 | G12: =IF(ROUND($A$12-$C$12,0)=0,"√","▲")
A13: تعداد رویداد گروهی | C13: تعداد ردیف ریز | E13: آخرین رویداد | G13: اعضا
A14: =COUNT($D$17:$D$2016) | C14: =COUNT($F$2021:$F$4020) | E14: =IF(COUNT($D$17:$D$2016)=0,"—",INDEX($B$17:$B$2016,COUNT($D$17:$D$2016))) | G14: =IF($C$5="","—",COUNTIF(StaffGrpE,$C$5))
A15: ردیف | B15: تاریخ | C15: شناسه | D15: مبلغ کل (ریال) | E15: جمع ریز (ریال) | F15: تعداد سهم | G15: وضعیت
A16: No. | B16: Date | C16: Doc ID | D16: Total | E16: Shares Sum | F16: Shares | G16: Status
A17: 1 | B17: =IF($N17="","",INDEX(LdADate,$N17)) | C17: =IF($N17="","",IF(INDEX(LdAId,$N17)="","—",INDEX(LdAId,$N17))) | D17: =IF($N17="","",IF(INDEX(LdAAmt,$N17)=0,"",INDEX(LdAAmt,$N17))) | E17: =IF($N17="","",SUMIFS(ShareAmt,ShareLink,$C17)) | F17: =IF($N17="","",COUNTIF(ShareLink,$C17)) | G17: =IF($N17="","",IF(ROUND($E17-$D17,0)=0,"√","▲ "&TEXT($D17-$E17,"#,##0"))) | N17: =IFERROR(MATCH($C$5&"|"&RIGHT("000000"&1,6),LdAKeyG,0),"")
A18: 2 | B18: =IF($N18="","",INDEX(LdADate,$N18)) | C18: =IF($N18="","",IF(INDEX(LdAId,$N18)="","—",INDEX(LdAId,$N18))) | D18: =IF($N18="","",IF(INDEX(LdAAmt,$N18)=0,"",INDEX(LdAAmt,$N18))) | E18: =IF($N18="","",SUMIFS(ShareAmt,ShareLink,$C18)) | F18: =IF($N18="","",COUNTIF(ShareLink,$C18)) | G18: =IF($N18="","",IF(ROUND($E18-$D18,0)=0,"√","▲ "&TEXT($D18-$E18,"#,##0"))) | N18: =IFERROR(MATCH($C$5&"|"&RIGHT("000000"&2,6),LdAKeyG,0),"")
A19: 3 | B19: =IF($N19="","",INDEX(LdADate,$N19)) | C19: =IF($N19="","",IF(INDEX(LdAId,$N19)="","—",INDEX(LdAId,$N19))) | D19: =IF($N19="","",IF(INDEX(LdAAmt,$N19)=0,"",INDEX(LdAAmt,$N19))) | E19: =IF($N19="","",SUMIFS(ShareAmt,ShareLink,$C19)) | F19: =IF($N19="","",COUNTIF(ShareLink,$C19)) | G19: =IF($N19="","",IF(ROUND($E19-$D19,0)=0,"√","▲ "&TEXT($D19-$E19,"#,##0"))) | N19: =IFERROR(MATCH($C$5&"|"&RIGHT("000000"&3,6),LdAKeyG,0),"")
A20: 4 | B20: =IF($N20="","",INDEX(LdADate,$N20)) | C20: =IF($N20="","",IF(INDEX(LdAId,$N20)="","—",INDEX(LdAId,$N20))) | D20: =IF($N20="","",IF(INDEX(LdAAmt,$N20)=0,"",INDEX(LdAAmt,$N20))) | E20: =IF($N20="","",SUMIFS(ShareAmt,ShareLink,$C20)) | F20: =IF($N20="","",COUNTIF(ShareLink,$C20)) | G20: =IF($N20="","",IF(ROUND($E20-$D20,0)=0,"√","▲ "&TEXT($D20-$E20,"#,##0"))) | N20: =IFERROR(MATCH($C$5&"|"&RIGHT("000000"&4,6),LdAKeyG,0),"")
A21: 5 | B21: =IF($N21="","",INDEX(LdADate,$N21)) | C21: =IF($N21="","",IF(INDEX(LdAId,$N21)="","—",INDEX(LdAId,$N21))) | D21: =IF($N21="","",IF(INDEX(LdAAmt,$N21)=0,"",INDEX(LdAAmt,$N21))) | E21: =IF($N21="","",SUMIFS(ShareAmt,ShareLink,$C21)) | F21: =IF($N21="","",COUNTIF(ShareLink,$C21)) | G21: =IF($N21="","",IF(ROUND($E21-$D21,0)=0,"√","▲ "&TEXT($D21-$E21,"#,##0"))) | N21: =IFERROR(MATCH($C$5&"|"&RIGHT("000000"&5,6),LdAKeyG,0),"")
A22: 6 | B22: =IF($N22="","",INDEX(LdADate,$N22)) | C22: =IF($N22="","",IF(INDEX(LdAId,$N22)="","—",INDEX(LdAId,$N22))) | D22: =IF($N22="","",IF(INDEX(LdAAmt,$N22)=0,"",INDEX(LdAAmt,$N22))) | E22: =IF($N22="","",SUMIFS(ShareAmt,ShareLink,$C22)) | F22: =IF($N22="","",COUNTIF(ShareLink,$C22)) | G22: =IF($N22="","",IF(ROUND($E22-$D22,0)=0,"√","▲ "&TEXT($D22-$E22,"#,##0"))) | N22: =IFERROR(MATCH($C$5&"|"&RIGHT("000000"&6,6),LdAKeyG,0),"")
A23: 7 | B23: =IF($N23="","",INDEX(LdADate,$N23)) | C23: =IF($N23="","",IF(INDEX(LdAId,$N23)="","—",INDEX(LdAId,$N23))) | D23: =IF($N23="","",IF(INDEX(LdAAmt,$N23)=0,"",INDEX(LdAAmt,$N23))) | E23: =IF($N23="","",SUMIFS(ShareAmt,ShareLink,$C23)) | F23: =IF($N23="","",COUNTIF(ShareLink,$C23)) | G23: =IF($N23="","",IF(ROUND($E23-$D23,0)=0,"√","▲ "&TEXT($D23-$E23,"#,##0"))) | N23: =IFERROR(MATCH($C$5&"|"&RIGHT("000000"&7,6),LdAKeyG,0),"")
A24: 8 | B24: =IF($N24="","",INDEX(LdADate,$N24)) | C24: =IF($N24="","",IF(INDEX(LdAId,$N24)="","—",INDEX(LdAId,$N24))) | D24: =IF($N24="","",IF(INDEX(LdAAmt,$N24)=0,"",INDEX(LdAAmt,$N24))) | E24: =IF($N24="","",SUMIFS(ShareAmt,ShareLink,$C24)) | F24: =IF($N24="","",COUNTIF(ShareLink,$C24)) | G24: =IF($N24="","",IF(ROUND($E24-$D24,0)=0,"√","▲ "&TEXT($D24-$E24,"#,##0"))) | N24: =IFERROR(MATCH($C$5&"|"&RIGHT("000000"&8,6),LdAKeyG,0),"")
A25: 9 | B25: =IF($N25="","",INDEX(LdADate,$N25)) | C25: =IF($N25="","",IF(INDEX(LdAId,$N25)="","—",INDEX(LdAId,$N25))) | D25: =IF($N25="","",IF(INDEX(LdAAmt,$N25)=0,"",INDEX(LdAAmt,$N25))) | E25: =IF($N25="","",SUMIFS(ShareAmt,ShareLink,$C25)) | F25: =IF($N25="","",COUNTIF(ShareLink,$C25)) | G25: =IF($N25="","",IF(ROUND($E25-$D25,0)=0,"√","▲ "&TEXT($D25-$E25,"#,##0"))) | N25: =IFERROR(MATCH($C$5&"|"&RIGHT("000000"&9,6),LdAKeyG,0),"")
A26: 10 | B26: =IF($N26="","",INDEX(LdADate,$N26)) | C26: =IF($N26="","",IF(INDEX(LdAId,$N26)="","—",INDEX(LdAId,$N26))) | D26: =IF($N26="","",IF(INDEX(LdAAmt,$N26)=0,"",INDEX(LdAAmt,$N26))) | E26: =IF($N26="","",SUMIFS(ShareAmt,ShareLink,$C26)) | F26: =IF($N26="","",COUNTIF(ShareLink,$C26)) | G26: =IF($N26="","",IF(ROUND($E26-$D26,0)=0,"√","▲ "&TEXT($D26-$E26,"#,##0"))) | N26: =IFERROR(MATCH($C$5&"|"&RIGHT("000000"&10,6),LdAKeyG,0),"")
A27: 11 | B27: =IF($N27="","",INDEX(LdADate,$N27)) | C27: =IF($N27="","",IF(INDEX(LdAId,$N27)="","—",INDEX(LdAId,$N27))) | D27: =IF($N27="","",IF(INDEX(LdAAmt,$N27)=0,"",INDEX(LdAAmt,$N27))) | E27: =IF($N27="","",SUMIFS(ShareAmt,ShareLink,$C27)) | F27: =IF($N27="","",COUNTIF(ShareLink,$C27)) | G27: =IF($N27="","",IF(ROUND($E27-$D27,0)=0,"√","▲ "&TEXT($D27-$E27,"#,##0"))) | N27: =IFERROR(MATCH($C$5&"|"&RIGHT("000000"&11,6),LdAKeyG,0),"")
A28: 12 | B28: =IF($N28="","",INDEX(LdADate,$N28)) | C28: =IF($N28="","",IF(INDEX(LdAId,$N28)="","—",INDEX(LdAId,$N28))) | D28: =IF($N28="","",IF(INDEX(LdAAmt,$N28)=0,"",INDEX(LdAAmt,$N28))) | E28: =IF($N28="","",SUMIFS(ShareAmt,ShareLink,$C28)) | F28: =IF($N28="","",COUNTIF(ShareLink,$C28)) | G28: =IF($N28="","",IF(ROUND($E28-$D28,0)=0,"√","▲ "&TEXT($D28-$E28,"#,##0"))) | N28: =IFERROR(MATCH($C$5&"|"&RIGHT("000000"&12,6),LdAKeyG,0),"")
A29: 13 | B29: =IF($N29="","",INDEX(LdADate,$N29)) | C29: =IF($N29="","",IF(INDEX(LdAId,$N29)="","—",INDEX(LdAId,$N29))) | D29: =IF($N29="","",IF(INDEX(LdAAmt,$N29)=0,"",INDEX(LdAAmt,$N29))) | E29: =IF($N29="","",SUMIFS(ShareAmt,ShareLink,$C29)) | F29: =IF($N29="","",COUNTIF(ShareLink,$C29)) | G29: =IF($N29="","",IF(ROUND($E29-$D29,0)=0,"√","▲ "&TEXT($D29-$E29,"#,##0"))) | N29: =IFERROR(MATCH($C$5&"|"&RIGHT("000000"&13,6),LdAKeyG,0),"")
A30: 14 | B30: =IF($N30="","",INDEX(LdADate,$N30)) | C30: =IF($N30="","",IF(INDEX(LdAId,$N30)="","—",INDEX(LdAId,$N30))) | D30: =IF($N30="","",IF(INDEX(LdAAmt,$N30)=0,"",INDEX(LdAAmt,$N30))) | E30: =IF($N30="","",SUMIFS(ShareAmt,ShareLink,$C30)) | F30: =IF($N30="","",COUNTIF(ShareLink,$C30)) | G30: =IF($N30="","",IF(ROUND($E30-$D30,0)=0,"√","▲ "&TEXT($D30-$E30,"#,##0"))) | N30: =IFERROR(MATCH($C$5&"|"&RIGHT("000000"&14,6),LdAKeyG,0),"")
A31: 15 | B31: =IF($N31="","",INDEX(LdADate,$N31)) | C31: =IF($N31="","",IF(INDEX(LdAId,$N31)="","—",INDEX(LdAId,$N31))) | D31: =IF($N31="","",IF(INDEX(LdAAmt,$N31)=0,"",INDEX(LdAAmt,$N31))) | E31: =IF($N31="","",SUMIFS(ShareAmt,ShareLink,$C31)) | F31: =IF($N31="","",COUNTIF(ShareLink,$C31)) | G31: =IF($N31="","",IF(ROUND($E31-$D31,0)=0,"√","▲ "&TEXT($D31-$E31,"#,##0"))) | N31: =IFERROR(MATCH($C$5&"|"&RIGHT("000000"&15,6),LdAKeyG,0),"")
A32: 16 | B32: =IF($N32="","",INDEX(LdADate,$N32)) | C32: =IF($N32="","",IF(INDEX(LdAId,$N32)="","—",INDEX(LdAId,$N32))) | D32: =IF($N32="","",IF(INDEX(LdAAmt,$N32)=0,"",INDEX(LdAAmt,$N32))) | E32: =IF($N32="","",SUMIFS(ShareAmt,ShareLink,$C32)) | F32: =IF($N32="","",COUNTIF(ShareLink,$C32)) | G32: =IF($N32="","",IF(ROUND($E32-$D32,0)=0,"√","▲ "&TEXT($D32-$E32,"#,##0"))) | N32: =IFERROR(MATCH($C$5&"|"&RIGHT("000000"&16,6),LdAKeyG,0),"")
A33: 17 | B33: =IF($N33="","",INDEX(LdADate,$N33)) | C33: =IF($N33="","",IF(INDEX(LdAId,$N33)="","—",INDEX(LdAId,$N33))) | D33: =IF($N33="","",IF(INDEX(LdAAmt,$N33)=0,"",INDEX(LdAAmt,$N33))) | E33: =IF($N33="","",SUMIFS(ShareAmt,ShareLink,$C33)) | F33: =IF($N33="","",COUNTIF(ShareLink,$C33)) | G33: =IF($N33="","",IF(ROUND($E33-$D33,0)=0,"√","▲ "&TEXT($D33-$E33,"#,##0"))) | N33: =IFERROR(MATCH($C$5&"|"&RIGHT("000000"&17,6),LdAKeyG,0),"")
A34: 18 | B34: =IF($N34="","",INDEX(LdADate,$N34)) | C34: =IF($N34="","",IF(INDEX(LdAId,$N34)="","—",INDEX(LdAId,$N34))) | D34: =IF($N34="","",IF(INDEX(LdAAmt,$N34)=0,"",INDEX(LdAAmt,$N34))) | E34: =IF($N34="","",SUMIFS(ShareAmt,ShareLink,$C34)) | F34: =IF($N34="","",COUNTIF(ShareLink,$C34)) | G34: =IF($N34="","",IF(ROUND($E34-$D34,0)=0,"√","▲ "&TEXT($D34-$E34,"#,##0"))) | N34: =IFERROR(MATCH($C$5&"|"&RIGHT("000000"&18,6),LdAKeyG,0),"")
A35: 19 | B35: =IF($N35="","",INDEX(LdADate,$N35)) | C35: =IF($N35="","",IF(INDEX(LdAId,$N35)="","—",INDEX(LdAId,$N35))) | D35: =IF($N35="","",IF(INDEX(LdAAmt,$N35)=0,"",INDEX(LdAAmt,$N35))) | E35: =IF($N35="","",SUMIFS(ShareAmt,ShareLink,$C35)) | F35: =IF($N35="","",COUNTIF(ShareLink,$C35)) | G35: =IF($N35="","",IF(ROUND($E35-$D35,0)=0,"√","▲ "&TEXT($D35-$E35,"#,##0"))) | N35: =IFERROR(MATCH($C$5&"|"&RIGHT("000000"&19,6),LdAKeyG,0),"")
A36: 20 | B36: =IF($N36="","",INDEX(LdADate,$N36)) | C36: =IF($N36="","",IF(INDEX(LdAId,$N36)="","—",INDEX(LdAId,$N36))) | D36: =IF($N36="","",IF(INDEX(LdAAmt,$N36)=0,"",INDEX(LdAAmt,$N36))) | E36: =IF($N36="","",SUMIFS(ShareAmt,ShareLink,$C36)) | F36: =IF($N36="","",COUNTIF(ShareLink,$C36)) | G36: =IF($N36="","",IF(ROUND($E36-$D36,0)=0,"√","▲ "&TEXT($D36-$E36,"#,##0"))) | N36: =IFERROR(MATCH($C$5&"|"&RIGHT("000000"&20,6),LdAKeyG,0),"")
A37: 21 | B37: =IF($N37="","",INDEX(LdADate,$N37)) | C37: =IF($N37="","",IF(INDEX(LdAId,$N37)="","—",INDEX(LdAId,$N37))) | D37: =IF($N37="","",IF(INDEX(LdAAmt,$N37)=0,"",INDEX(LdAAmt,$N37))) | E37: =IF($N37="","",SUMIFS(ShareAmt,ShareLink,$C37)) | F37: =IF($N37="","",COUNTIF(ShareLink,$C37)) | G37: =IF($N37="","",IF(ROUND($E37-$D37,0)=0,"√","▲ "&TEXT($D37-$E37,"#,##0"))) | N37: =IFERROR(MATCH($C$5&"|"&RIGHT("000000"&21,6),LdAKeyG,0),"")
A38: 22 | B38: =IF($N38="","",INDEX(LdADate,$N38)) | C38: =IF($N38="","",IF(INDEX(LdAId,$N38)="","—",INDEX(LdAId,$N38))) | D38: =IF($N38="","",IF(INDEX(LdAAmt,$N38)=0,"",INDEX(LdAAmt,$N38))) | E38: =IF($N38="","",SUMIFS(ShareAmt,ShareLink,$C38)) | F38: =IF($N38="","",COUNTIF(ShareLink,$C38)) | G38: =IF($N38="","",IF(ROUND($E38-$D38,0)=0,"√","▲ "&TEXT($D38-$E38,"#,##0"))) | N38: =IFERROR(MATCH($C$5&"|"&RIGHT("000000"&22,6),LdAKeyG,0),"")
A39: 23 | B39: =IF($N39="","",INDEX(LdADate,$N39)) | C39: =IF($N39="","",IF(INDEX(LdAId,$N39)="","—",INDEX(LdAId,$N39))) | D39: =IF($N39="","",IF(INDEX(LdAAmt,$N39)=0,"",INDEX(LdAAmt,$N39))) | E39: =IF($N39="","",SUMIFS(ShareAmt,ShareLink,$C39)) | F39: =IF($N39="","",COUNTIF(ShareLink,$C39)) | G39: =IF($N39="","",IF(ROUND($E39-$D39,0)=0,"√","▲ "&TEXT($D39-$E39,"#,##0"))) | N39: =IFERROR(MATCH($C$5&"|"&RIGHT("000000"&23,6),LdAKeyG,0),"")
A40: 24 | B40: =IF($N40="","",INDEX(LdADate,$N40)) | C40: =IF($N40="","",IF(INDEX(LdAId,$N40)="","—",INDEX(LdAId,$N40))) | D40: =IF($N40="","",IF(INDEX(LdAAmt,$N40)=0,"",INDEX(LdAAmt,$N40))) | E40: =IF($N40="","",SUMIFS(ShareAmt,ShareLink,$C40)) | F40: =IF($N40="","",COUNTIF(ShareLink,$C40)) | G40: =IF($N40="","",IF(ROUND($E40-$D40,0)=0,"√","▲ "&TEXT($D40-$E40,"#,##0"))) | N40: =IFERROR(MATCH($C$5&"|"&RIGHT("000000"&24,6),LdAKeyG,0),"")
A41: 25 | B41: =IF($N41="","",INDEX(LdADate,$N41)) | C41: =IF($N41="","",IF(INDEX(LdAId,$N41)="","—",INDEX(LdAId,$N41))) | D41: =IF($N41="","",IF(INDEX(LdAAmt,$N41)=0,"",INDEX(LdAAmt,$N41))) | E41: =IF($N41="","",SUMIFS(ShareAmt,ShareLink,$C41)) | F41: =IF($N41="","",COUNTIF(ShareLink,$C41)) | G41: =IF($N41="","",IF(ROUND($E41-$D41,0)=0,"√","▲ "&TEXT($D41-$E41,"#,##0"))) | N41: =IFERROR(MATCH($C$5&"|"&RIGHT("000000"&25,6),LdAKeyG,0),"")
A42: 26 | B42: =IF($N42="","",INDEX(LdADate,$N42)) | C42: =IF($N42="","",IF(INDEX(LdAId,$N42)="","—",INDEX(LdAId,$N42))) | D42: =IF($N42="","",IF(INDEX(LdAAmt,$N42)=0,"",INDEX(LdAAmt,$N42))) | E42: =IF($N42="","",SUMIFS(ShareAmt,ShareLink,$C42)) | F42: =IF($N42="","",COUNTIF(ShareLink,$C42)) | G42: =IF($N42="","",IF(ROUND($E42-$D42,0)=0,"√","▲ "&TEXT($D42-$E42,"#,##0"))) | N42: =IFERROR(MATCH($C$5&"|"&RIGHT("000000"&26,6),LdAKeyG,0),"")
A43: 27 | B43: =IF($N43="","",INDEX(LdADate,$N43)) | C43: =IF($N43="","",IF(INDEX(LdAId,$N43)="","—",INDEX(LdAId,$N43))) | D43: =IF($N43="","",IF(INDEX(LdAAmt,$N43)=0,"",INDEX(LdAAmt,$N43))) | E43: =IF($N43="","",SUMIFS(ShareAmt,ShareLink,$C43)) | F43: =IF($N43="","",COUNTIF(ShareLink,$C43)) | G43: =IF($N43="","",IF(ROUND($E43-$D43,0)=0,"√","▲ "&TEXT($D43-$E43,"#,##0"))) | N43: =IFERROR(MATCH($C$5&"|"&RIGHT("000000"&27,6),LdAKeyG,0),"")
A44: 28 | B44: =IF($N44="","",INDEX(LdADate,$N44)) | C44: =IF($N44="","",IF(INDEX(LdAId,$N44)="","—",INDEX(LdAId,$N44))) | D44: =IF($N44="","",IF(INDEX(LdAAmt,$N44)=0,"",INDEX(LdAAmt,$N44))) | E44: =IF($N44="","",SUMIFS(ShareAmt,ShareLink,$C44)) | F44: =IF($N44="","",COUNTIF(ShareLink,$C44)) | G44: =IF($N44="","",IF(ROUND($E44-$D44,0)=0,"√","▲ "&TEXT($D44-$E44,"#,##0"))) | N44: =IFERROR(MATCH($C$5&"|"&RIGHT("000000"&28,6),LdAKeyG,0),"")
A45: 29 | B45: =IF($N45="","",INDEX(LdADate,$N45)) | C45: =IF($N45="","",IF(INDEX(LdAId,$N45)="","—",INDEX(LdAId,$N45))) | D45: =IF($N45="","",IF(INDEX(LdAAmt,$N45)=0,"",INDEX(LdAAmt,$N45))) | E45: =IF($N45="","",SUMIFS(ShareAmt,ShareLink,$C45)) | F45: =IF($N45="","",COUNTIF(ShareLink,$C45)) | G45: =IF($N45="","",IF(ROUND($E45-$D45,0)=0,"√","▲ "&TEXT($D45-$E45,"#,##0"))) | N45: =IFERROR(MATCH($C$5&"|"&RIGHT("000000"&29,6),LdAKeyG,0),"")
A46: 30 | B46: =IF($N46="","",INDEX(LdADate,$N46)) | C46: =IF($N46="","",IF(INDEX(LdAId,$N46)="","—",INDEX(LdAId,$N46))) | D46: =IF($N46="","",IF(INDEX(LdAAmt,$N46)=0,"",INDEX(LdAAmt,$N46))) | E46: =IF($N46="","",SUMIFS(ShareAmt,ShareLink,$C46)) | F46: =IF($N46="","",COUNTIF(ShareLink,$C46)) | G46: =IF($N46="","",IF(ROUND($E46-$D46,0)=0,"√","▲ "&TEXT($D46-$E46,"#,##0"))) | N46: =IFERROR(MATCH($C$5&"|"&RIGHT("000000"&30,6),LdAKeyG,0),"")
A47: 31 | B47: =IF($N47="","",INDEX(LdADate,$N47)) | C47: =IF($N47="","",IF(INDEX(LdAId,$N47)="","—",INDEX(LdAId,$N47))) | D47: =IF($N47="","",IF(INDEX(LdAAmt,$N47)=0,"",INDEX(LdAAmt,$N47))) | E47: =IF($N47="","",SUMIFS(ShareAmt,ShareLink,$C47)) | F47: =IF($N47="","",COUNTIF(ShareLink,$C47)) | G47: =IF($N47="","",IF(ROUND($E47-$D47,0)=0,"√","▲ "&TEXT($D47-$E47,"#,##0"))) | N47: =IFERROR(MATCH($C$5&"|"&RIGHT("000000"&31,6),LdAKeyG,0),"")
A48: 32 | B48: =IF($N48="","",INDEX(LdADate,$N48)) | C48: =IF($N48="","",IF(INDEX(LdAId,$N48)="","—",INDEX(LdAId,$N48))) | D48: =IF($N48="","",IF(INDEX(LdAAmt,$N48)=0,"",INDEX(LdAAmt,$N48))) | E48: =IF($N48="","",SUMIFS(ShareAmt,ShareLink,$C48)) | F48: =IF($N48="","",COUNTIF(ShareLink,$C48)) | G48: =IF($N48="","",IF(ROUND($E48-$D48,0)=0,"√","▲ "&TEXT($D48-$E48,"#,##0"))) | N48: =IFERROR(MATCH($C$5&"|"&RIGHT("000000"&32,6),LdAKeyG,0),"")
A49: 33 | B49: =IF($N49="","",INDEX(LdADate,$N49)) | C49: =IF($N49="","",IF(INDEX(LdAId,$N49)="","—",INDEX(LdAId,$N49))) | D49: =IF($N49="","",IF(INDEX(LdAAmt,$N49)=0,"",INDEX(LdAAmt,$N49))) | E49: =IF($N49="","",SUMIFS(ShareAmt,ShareLink,$C49)) | F49: =IF($N49="","",COUNTIF(ShareLink,$C49)) | G49: =IF($N49="","",IF(ROUND($E49-$D49,0)=0,"√","▲ "&TEXT($D49-$E49,"#,##0"))) | N49: =IFERROR(MATCH($C$5&"|"&RIGHT("000000"&33,6),LdAKeyG,0),"")
A50: 34 | B50: =IF($N50="","",INDEX(LdADate,$N50)) | C50: =IF($N50="","",IF(INDEX(LdAId,$N50)="","—",INDEX(LdAId,$N50))) | D50: =IF($N50="","",IF(INDEX(LdAAmt,$N50)=0,"",INDEX(LdAAmt,$N50))) | E50: =IF($N50="","",SUMIFS(ShareAmt,ShareLink,$C50)) | F50: =IF($N50="","",COUNTIF(ShareLink,$C50)) | G50: =IF($N50="","",IF(ROUND($E50-$D50,0)=0,"√","▲ "&TEXT($D50-$E50,"#,##0"))) | N50: =IFERROR(MATCH($C$5&"|"&RIGHT("000000"&34,6),LdAKeyG,0),"")
A51: 35 | B51: =IF($N51="","",INDEX(LdADate,$N51)) | C51: =IF($N51="","",IF(INDEX(LdAId,$N51)="","—",INDEX(LdAId,$N51))) | D51: =IF($N51="","",IF(INDEX(LdAAmt,$N51)=0,"",INDEX(LdAAmt,$N51))) | E51: =IF($N51="","",SUMIFS(ShareAmt,ShareLink,$C51)) | F51: =IF($N51="","",COUNTIF(ShareLink,$C51)) | G51: =IF($N51="","",IF(ROUND($E51-$D51,0)=0,"√","▲ "&TEXT($D51-$E51,"#,##0"))) | N51: =IFERROR(MATCH($C$5&"|"&RIGHT("000000"&35,6),LdAKeyG,0),"")
A52: 36 | B52: =IF($N52="","",INDEX(LdADate,$N52)) | C52: =IF($N52="","",IF(INDEX(LdAId,$N52)="","—",INDEX(LdAId,$N52))) | D52: =IF($N52="","",IF(INDEX(LdAAmt,$N52)=0,"",INDEX(LdAAmt,$N52))) | E52: =IF($N52="","",SUMIFS(ShareAmt,ShareLink,$C52)) | F52: =IF($N52="","",COUNTIF(ShareLink,$C52)) | G52: =IF($N52="","",IF(ROUND($E52-$D52,0)=0,"√","▲ "&TEXT($D52-$E52,"#,##0"))) | N52: =IFERROR(MATCH($C$5&"|"&RIGHT("000000"&36,6),LdAKeyG,0),"")
A53: 37 | B53: =IF($N53="","",INDEX(LdADate,$N53)) | C53: =IF($N53="","",IF(INDEX(LdAId,$N53)="","—",INDEX(LdAId,$N53))) | D53: =IF($N53="","",IF(INDEX(LdAAmt,$N53)=0,"",INDEX(LdAAmt,$N53))) | E53: =IF($N53="","",SUMIFS(ShareAmt,ShareLink,$C53)) | F53: =IF($N53="","",COUNTIF(ShareLink,$C53)) | G53: =IF($N53="","",IF(ROUND($E53-$D53,0)=0,"√","▲ "&TEXT($D53-$E53,"#,##0"))) | N53: =IFERROR(MATCH($C$5&"|"&RIGHT("000000"&37,6),LdAKeyG,0),"")
A54: 38 | B54: =IF($N54="","",INDEX(LdADate,$N54)) | C54: =IF($N54="","",IF(INDEX(LdAId,$N54)="","—",INDEX(LdAId,$N54))) | D54: =IF($N54="","",IF(INDEX(LdAAmt,$N54)=0,"",INDEX(LdAAmt,$N54))) | E54: =IF($N54="","",SUMIFS(ShareAmt,ShareLink,$C54)) | F54: =IF($N54="","",COUNTIF(ShareLink,$C54)) | G54: =IF($N54="","",IF(ROUND($E54-$D54,0)=0,"√","▲ "&TEXT($D54-$E54,"#,##0"))) | N54: =IFERROR(MATCH($C$5&"|"&RIGHT("000000"&38,6),LdAKeyG,0),"")
A55: 39 | B55: =IF($N55="","",INDEX(LdADate,$N55)) | C55: =IF($N55="","",IF(INDEX(LdAId,$N55)="","—",INDEX(LdAId,$N55))) | D55: =IF($N55="","",IF(INDEX(LdAAmt,$N55)=0,"",INDEX(LdAAmt,$N55))) | E55: =IF($N55="","",SUMIFS(ShareAmt,ShareLink,$C55)) | F55: =IF($N55="","",COUNTIF(ShareLink,$C55)) | G55: =IF($N55="","",IF(ROUND($E55-$D55,0)=0,"√","▲ "&TEXT($D55-$E55,"#,##0"))) | N55: =IFERROR(MATCH($C$5&"|"&RIGHT("000000"&39,6),LdAKeyG,0),"")
A56: 40 | B56: =IF($N56="","",INDEX(LdADate,$N56)) | C56: =IF($N56="","",IF(INDEX(LdAId,$N56)="","—",INDEX(LdAId,$N56))) | D56: =IF($N56="","",IF(INDEX(LdAAmt,$N56)=0,"",INDEX(LdAAmt,$N56))) | E56: =IF($N56="","",SUMIFS(ShareAmt,ShareLink,$C56)) | F56: =IF($N56="","",COUNTIF(ShareLink,$C56)) | G56: =IF($N56="","",IF(ROUND($E56-$D56,0)=0,"√","▲ "&TEXT($D56-$E56,"#,##0"))) | N56: =IFERROR(MATCH($C$5&"|"&RIGHT("000000"&40,6),LdAKeyG,0),"")
A57: 41 | B57: =IF($N57="","",INDEX(LdADate,$N57)) | C57: =IF($N57="","",IF(INDEX(LdAId,$N57)="","—",INDEX(LdAId,$N57))) | D57: =IF($N57="","",IF(INDEX(LdAAmt,$N57)=0,"",INDEX(LdAAmt,$N57))) | E57: =IF($N57="","",SUMIFS(ShareAmt,ShareLink,$C57)) | F57: =IF($N57="","",COUNTIF(ShareLink,$C57)) | G57: =IF($N57="","",IF(ROUND($E57-$D57,0)=0,"√","▲ "&TEXT($D57-$E57,"#,##0"))) | N57: =IFERROR(MATCH($C$5&"|"&RIGHT("000000"&41,6),LdAKeyG,0),"")
A58: 42 | B58: =IF($N58="","",INDEX(LdADate,$N58)) | C58: =IF($N58="","",IF(INDEX(LdAId,$N58)="","—",INDEX(LdAId,$N58))) | D58: =IF($N58="","",IF(INDEX(LdAAmt,$N58)=0,"",INDEX(LdAAmt,$N58))) | E58: =IF($N58="","",SUMIFS(ShareAmt,ShareLink,$C58)) | F58: =IF($N58="","",COUNTIF(ShareLink,$C58)) | G58: =IF($N58="","",IF(ROUND($E58-$D58,0)=0,"√","▲ "&TEXT($D58-$E58,"#,##0"))) | N58: =IFERROR(MATCH($C$5&"|"&RIGHT("000000"&42,6),LdAKeyG,0),"")
A59: 43 | B59: =IF($N59="","",INDEX(LdADate,$N59)) | C59: =IF($N59="","",IF(INDEX(LdAId,$N59)="","—",INDEX(LdAId,$N59))) | D59: =IF($N59="","",IF(INDEX(LdAAmt,$N59)=0,"",INDEX(LdAAmt,$N59))) | E59: =IF($N59="","",SUMIFS(ShareAmt,ShareLink,$C59)) | F59: =IF($N59="","",COUNTIF(ShareLink,$C59)) | G59: =IF($N59="","",IF(ROUND($E59-$D59,0)=0,"√","▲ "&TEXT($D59-$E59,"#,##0"))) | N59: =IFERROR(MATCH($C$5&"|"&RIGHT("000000"&43,6),LdAKeyG,0),"")
A60: 44 | B60: =IF($N60="","",INDEX(LdADate,$N60)) | C60: =IF($N60="","",IF(INDEX(LdAId,$N60)="","—",INDEX(LdAId,$N60))) | D60: =IF($N60="","",IF(INDEX(LdAAmt,$N60)=0,"",INDEX(LdAAmt,$N60))) | E60: =IF($N60="","",SUMIFS(ShareAmt,ShareLink,$C60)) | F60: =IF($N60="","",COUNTIF(ShareLink,$C60)) | G60: =IF($N60="","",IF(ROUND($E60-$D60,0)=0,"√","▲ "&TEXT($D60-$E60,"#,##0"))) | N60: =IFERROR(MATCH($C$5&"|"&RIGHT("000000"&44,6),LdAKeyG,0),"")
A61: 45 | B61: =IF($N61="","",INDEX(LdADate,$N61)) | C61: =IF($N61="","",IF(INDEX(LdAId,$N61)="","—",INDEX(LdAId,$N61))) | D61: =IF($N61="","",IF(INDEX(LdAAmt,$N61)=0,"",INDEX(LdAAmt,$N61))) | E61: =IF($N61="","",SUMIFS(ShareAmt,ShareLink,$C61)) | F61: =IF($N61="","",COUNTIF(ShareLink,$C61)) | G61: =IF($N61="","",IF(ROUND($E61-$D61,0)=0,"√","▲ "&TEXT($D61-$E61,"#,##0"))) | N61: =IFERROR(MATCH($C$5&"|"&RIGHT("000000"&45,6),LdAKeyG,0),"")
A62: 46 | B62: =IF($N62="","",INDEX(LdADate,$N62)) | C62: =IF($N62="","",IF(INDEX(LdAId,$N62)="","—",INDEX(LdAId,$N62))) | D62: =IF($N62="","",IF(INDEX(LdAAmt,$N62)=0,"",INDEX(LdAAmt,$N62))) | E62: =IF($N62="","",SUMIFS(ShareAmt,ShareLink,$C62)) | F62: =IF($N62="","",COUNTIF(ShareLink,$C62)) | G62: =IF($N62="","",IF(ROUND($E62-$D62,0)=0,"√","▲ "&TEXT($D62-$E62,"#,##0"))) | N62: =IFERROR(MATCH($C$5&"|"&RIGHT("000000"&46,6),LdAKeyG,0),"")
A63: 47 | B63: =IF($N63="","",INDEX(LdADate,$N63)) | C63: =IF($N63="","",IF(INDEX(LdAId,$N63)="","—",INDEX(LdAId,$N63))) | D63: =IF($N63="","",IF(INDEX(LdAAmt,$N63)=0,"",INDEX(LdAAmt,$N63))) | E63: =IF($N63="","",SUMIFS(ShareAmt,ShareLink,$C63)) | F63: =IF($N63="","",COUNTIF(ShareLink,$C63)) | G63: =IF($N63="","",IF(ROUND($E63-$D63,0)=0,"√","▲ "&TEXT($D63-$E63,"#,##0"))) | N63: =IFERROR(MATCH($C$5&"|"&RIGHT("000000"&47,6),LdAKeyG,0),"")
A64: 48 | B64: =IF($N64="","",INDEX(LdADate,$N64)) | C64: =IF($N64="","",IF(INDEX(LdAId,$N64)="","—",INDEX(LdAId,$N64))) | D64: =IF($N64="","",IF(INDEX(LdAAmt,$N64)=0,"",INDEX(LdAAmt,$N64))) | E64: =IF($N64="","",SUMIFS(ShareAmt,ShareLink,$C64)) | F64: =IF($N64="","",COUNTIF(ShareLink,$C64)) | G64: =IF($N64="","",IF(ROUND($E64-$D64,0)=0,"√","▲ "&TEXT($D64-$E64,"#,##0"))) | N64: =IFERROR(MATCH($C$5&"|"&RIGHT("000000"&48,6),LdAKeyG,0),"")
A65: 49 | B65: =IF($N65="","",INDEX(LdADate,$N65)) | C65: =IF($N65="","",IF(INDEX(LdAId,$N65)="","—",INDEX(LdAId,$N65))) | D65: =IF($N65="","",IF(INDEX(LdAAmt,$N65)=0,"",INDEX(LdAAmt,$N65))) | E65: =IF($N65="","",SUMIFS(ShareAmt,ShareLink,$C65)) | F65: =IF($N65="","",COUNTIF(ShareLink,$C65)) | G65: =IF($N65="","",IF(ROUND($E65-$D65,0)=0,"√","▲ "&TEXT($D65-$E65,"#,##0"))) | N65: =IFERROR(MATCH($C$5&"|"&RIGHT("000000"&49,6),LdAKeyG,0),"")
A66: 50 | B66: =IF($N66="","",INDEX(LdADate,$N66)) | C66: =IF($N66="","",IF(INDEX(LdAId,$N66)="","—",INDEX(LdAId,$N66))) | D66: =IF($N66="","",IF(INDEX(LdAAmt,$N66)=0,"",INDEX(LdAAmt,$N66))) | E66: =IF($N66="","",SUMIFS(ShareAmt,ShareLink,$C66)) | F66: =IF($N66="","",COUNTIF(ShareLink,$C66)) | G66: =IF($N66="","",IF(ROUND($E66-$D66,0)=0,"√","▲ "&TEXT($D66-$E66,"#,##0"))) | N66: =IFERROR(MATCH($C$5&"|"&RIGHT("000000"&50,6),LdAKeyG,0),"")
A67: 51 | B67: =IF($N67="","",INDEX(LdADate,$N67)) | C67: =IF($N67="","",IF(INDEX(LdAId,$N67)="","—",INDEX(LdAId,$N67))) | D67: =IF($N67="","",IF(INDEX(LdAAmt,$N67)=0,"",INDEX(LdAAmt,$N67))) | E67: =IF($N67="","",SUMIFS(ShareAmt,ShareLink,$C67)) | F67: =IF($N67="","",COUNTIF(ShareLink,$C67)) | G67: =IF($N67="","",IF(ROUND($E67-$D67,0)=0,"√","▲ "&TEXT($D67-$E67,"#,##0"))) | N67: =IFERROR(MATCH($C$5&"|"&RIGHT("000000"&51,6),LdAKeyG,0),"")
A68: 52 | B68: =IF($N68="","",INDEX(LdADate,$N68)) | C68: =IF($N68="","",IF(INDEX(LdAId,$N68)="","—",INDEX(LdAId,$N68))) | D68: =IF($N68="","",IF(INDEX(LdAAmt,$N68)=0,"",INDEX(LdAAmt,$N68))) | E68: =IF($N68="","",SUMIFS(ShareAmt,ShareLink,$C68)) | F68: =IF($N68="","",COUNTIF(ShareLink,$C68)) | G68: =IF($N68="","",IF(ROUND($E68-$D68,0)=0,"√","▲ "&TEXT($D68-$E68,"#,##0"))) | N68: =IFERROR(MATCH($C$5&"|"&RIGHT("000000"&52,6),LdAKeyG,0),"")
A69: 53 | B69: =IF($N69="","",INDEX(LdADate,$N69)) | C69: =IF($N69="","",IF(INDEX(LdAId,$N69)="","—",INDEX(LdAId,$N69))) | D69: =IF($N69="","",IF(INDEX(LdAAmt,$N69)=0,"",INDEX(LdAAmt,$N69))) | E69: =IF($N69="","",SUMIFS(ShareAmt,ShareLink,$C69)) | F69: =IF($N69="","",COUNTIF(ShareLink,$C69)) | G69: =IF($N69="","",IF(ROUND($E69-$D69,0)=0,"√","▲ "&TEXT($D69-$E69,"#,##0"))) | N69: =IFERROR(MATCH($C$5&"|"&RIGHT("000000"&53,6),LdAKeyG,0),"")
A70: 54 | B70: =IF($N70="","",INDEX(LdADate,$N70)) | C70: =IF($N70="","",IF(INDEX(LdAId,$N70)="","—",INDEX(LdAId,$N70))) | D70: =IF($N70="","",IF(INDEX(LdAAmt,$N70)=0,"",INDEX(LdAAmt,$N70))) | E70: =IF($N70="","",SUMIFS(ShareAmt,ShareLink,$C70)) | F70: =IF($N70="","",COUNTIF(ShareLink,$C70)) | G70: =IF($N70="","",IF(ROUND($E70-$D70,0)=0,"√","▲ "&TEXT($D70-$E70,"#,##0"))) | N70: =IFERROR(MATCH($C$5&"|"&RIGHT("000000"&54,6),LdAKeyG,0),"")
A71: 55 | B71: =IF($N71="","",INDEX(LdADate,$N71)) | C71: =IF($N71="","",IF(INDEX(LdAId,$N71)="","—",INDEX(LdAId,$N71))) | D71: =IF($N71="","",IF(INDEX(LdAAmt,$N71)=0,"",INDEX(LdAAmt,$N71))) | E71: =IF($N71="","",SUMIFS(ShareAmt,ShareLink,$C71)) | F71: =IF($N71="","",COUNTIF(ShareLink,$C71)) | G71: =IF($N71="","",IF(ROUND($E71-$D71,0)=0,"√","▲ "&TEXT($D71-$E71,"#,##0"))) | N71: =IFERROR(MATCH($C$5&"|"&RIGHT("000000"&55,6),LdAKeyG,0),"")
A72: 56 | B72: =IF($N72="","",INDEX(LdADate,$N72)) | C72: =IF($N72="","",IF(INDEX(LdAId,$N72)="","—",INDEX(LdAId,$N72))) | D72: =IF($N72="","",IF(INDEX(LdAAmt,$N72)=0,"",INDEX(LdAAmt,$N72))) | E72: =IF($N72="","",SUMIFS(ShareAmt,ShareLink,$C72)) | F72: =IF($N72="","",COUNTIF(ShareLink,$C72)) | G72: =IF($N72="","",IF(ROUND($E72-$D72,0)=0,"√","▲ "&TEXT($D72-$E72,"#,##0"))) | N72: =IFERROR(MATCH($C$5&"|"&RIGHT("000000"&56,6),LdAKeyG,0),"")
A73: 57 | B73: =IF($N73="","",INDEX(LdADate,$N73)) | C73: =IF($N73="","",IF(INDEX(LdAId,$N73)="","—",INDEX(LdAId,$N73))) | D73: =IF($N73="","",IF(INDEX(LdAAmt,$N73)=0,"",INDEX(LdAAmt,$N73))) | E73: =IF($N73="","",SUMIFS(ShareAmt,ShareLink,$C73)) | F73: =IF($N73="","",COUNTIF(ShareLink,$C73)) | G73: =IF($N73="","",IF(ROUND($E73-$D73,0)=0,"√","▲ "&TEXT($D73-$E73,"#,##0"))) | N73: =IFERROR(MATCH($C$5&"|"&RIGHT("000000"&57,6),LdAKeyG,0),"")
A74: 58 | B74: =IF($N74="","",INDEX(LdADate,$N74)) | C74: =IF($N74="","",IF(INDEX(LdAId,$N74)="","—",INDEX(LdAId,$N74))) | D74: =IF($N74="","",IF(INDEX(LdAAmt,$N74)=0,"",INDEX(LdAAmt,$N74))) | E74: =IF($N74="","",SUMIFS(ShareAmt,ShareLink,$C74)) | F74: =IF($N74="","",COUNTIF(ShareLink,$C74)) | G74: =IF($N74="","",IF(ROUND($E74-$D74,0)=0,"√","▲ "&TEXT($D74-$E74,"#,##0"))) | N74: =IFERROR(MATCH($C$5&"|"&RIGHT("000000"&58,6),LdAKeyG,0),"")
A75: 59 | B75: =IF($N75="","",INDEX(LdADate,$N75)) | C75: =IF($N75="","",IF(INDEX(LdAId,$N75)="","—",INDEX(LdAId,$N75))) | D75: =IF($N75="","",IF(INDEX(LdAAmt,$N75)=0,"",INDEX(LdAAmt,$N75))) | E75: =IF($N75="","",SUMIFS(ShareAmt,ShareLink,$C75)) | F75: =IF($N75="","",COUNTIF(ShareLink,$C75)) | G75: =IF($N75="","",IF(ROUND($E75-$D75,0)=0,"√","▲ "&TEXT($D75-$E75,"#,##0"))) | N75: =IFERROR(MATCH($C$5&"|"&RIGHT("000000"&59,6),LdAKeyG,0),"")
A76: 60 | B76: =IF($N76="","",INDEX(LdADate,$N76)) | C76: =IF($N76="","",IF(INDEX(LdAId,$N76)="","—",INDEX(LdAId,$N76))) | D76: =IF($N76="","",IF(INDEX(LdAAmt,$N76)=0,"",INDEX(LdAAmt,$N76))) | E76: =IF($N76="","",SUMIFS(ShareAmt,ShareLink,$C76)) | F76: =IF($N76="","",COUNTIF(ShareLink,$C76)) | G76: =IF($N76="","",IF(ROUND($E76-$D76,0)=0,"√","▲ "&TEXT($D76-$E76,"#,##0"))) | N76: =IFERROR(MATCH($C$5&"|"&RIGHT("000000"&60,6),LdAKeyG,0),"")
A77: 61 | B77: =IF($N77="","",INDEX(LdADate,$N77)) | C77: =IF($N77="","",IF(INDEX(LdAId,$N77)="","—",INDEX(LdAId,$N77))) | D77: =IF($N77="","",IF(INDEX(LdAAmt,$N77)=0,"",INDEX(LdAAmt,$N77))) | E77: =IF($N77="","",SUMIFS(ShareAmt,ShareLink,$C77)) | F77: =IF($N77="","",COUNTIF(ShareLink,$C77)) | G77: =IF($N77="","",IF(ROUND($E77-$D77,0)=0,"√","▲ "&TEXT($D77-$E77,"#,##0"))) | N77: =IFERROR(MATCH($C$5&"|"&RIGHT("000000"&61,6),LdAKeyG,0),"")
A78: 62 | B78: =IF($N78="","",INDEX(LdADate,$N78)) | C78: =IF($N78="","",IF(INDEX(LdAId,$N78)="","—",INDEX(LdAId,$N78))) | D78: =IF($N78="","",IF(INDEX(LdAAmt,$N78)=0,"",INDEX(LdAAmt,$N78))) | E78: =IF($N78="","",SUMIFS(ShareAmt,ShareLink,$C78)) | F78: =IF($N78="","",COUNTIF(ShareLink,$C78)) | G78: =IF($N78="","",IF(ROUND($E78-$D78,0)=0,"√","▲ "&TEXT($D78-$E78,"#,##0"))) | N78: =IFERROR(MATCH($C$5&"|"&RIGHT("000000"&62,6),LdAKeyG,0),"")
A79: 63 | B79: =IF($N79="","",INDEX(LdADate,$N79)) | C79: =IF($N79="","",IF(INDEX(LdAId,$N79)="","—",INDEX(LdAId,$N79))) | D79: =IF($N79="","",IF(INDEX(LdAAmt,$N79)=0,"",INDEX(LdAAmt,$N79))) | E79: =IF($N79="","",SUMIFS(ShareAmt,ShareLink,$C79)) | F79: =IF($N79="","",COUNTIF(ShareLink,$C79)) | G79: =IF($N79="","",IF(ROUND($E79-$D79,0)=0,"√","▲ "&TEXT($D79-$E79,"#,##0"))) | N79: =IFERROR(MATCH($C$5&"|"&RIGHT("000000"&63,6),LdAKeyG,0),"")
A80: 64 | B80: =IF($N80="","",INDEX(LdADate,$N80)) | C80: =IF($N80="","",IF(INDEX(LdAId,$N80)="","—",INDEX(LdAId,$N80))) | D80: =IF($N80="","",IF(INDEX(LdAAmt,$N80)=0,"",INDEX(LdAAmt,$N80))) | E80: =IF($N80="","",SUMIFS(ShareAmt,ShareLink,$C80)) | F80: =IF($N80="","",COUNTIF(ShareLink,$C80)) | G80: =IF($N80="","",IF(ROUND($E80-$D80,0)=0,"√","▲ "&TEXT($D80-$E80,"#,##0"))) | N80: =IFERROR(MATCH($C$5&"|"&RIGHT("000000"&64,6),LdAKeyG,0),"")
A81: 65 | B81: =IF($N81="","",INDEX(LdADate,$N81)) | C81: =IF($N81="","",IF(INDEX(LdAId,$N81)="","—",INDEX(LdAId,$N81))) | D81: =IF($N81="","",IF(INDEX(LdAAmt,$N81)=0,"",INDEX(LdAAmt,$N81))) | E81: =IF($N81="","",SUMIFS(ShareAmt,ShareLink,$C81)) | F81: =IF($N81="","",COUNTIF(ShareLink,$C81)) | G81: =IF($N81="","",IF(ROUND($E81-$D81,0)=0,"√","▲ "&TEXT($D81-$E81,"#,##0"))) | N81: =IFERROR(MATCH($C$5&"|"&RIGHT("000000"&65,6),LdAKeyG,0),"")
A82: 66 | B82: =IF($N82="","",INDEX(LdADate,$N82)) | C82: =IF($N82="","",IF(INDEX(LdAId,$N82)="","—",INDEX(LdAId,$N82))) | D82: =IF($N82="","",IF(INDEX(LdAAmt,$N82)=0,"",INDEX(LdAAmt,$N82))) | E82: =IF($N82="","",SUMIFS(ShareAmt,ShareLink,$C82)) | F82: =IF($N82="","",COUNTIF(ShareLink,$C82)) | G82: =IF($N82="","",IF(ROUND($E82-$D82,0)=0,"√","▲ "&TEXT($D82-$E82,"#,##0"))) | N82: =IFERROR(MATCH($C$5&"|"&RIGHT("000000"&66,6),LdAKeyG,0),"")
A83: 67 | B83: =IF($N83="","",INDEX(LdADate,$N83)) | C83: =IF($N83="","",IF(INDEX(LdAId,$N83)="","—",INDEX(LdAId,$N83))) | D83: =IF($N83="","",IF(INDEX(LdAAmt,$N83)=0,"",INDEX(LdAAmt,$N83))) | E83: =IF($N83="","",SUMIFS(ShareAmt,ShareLink,$C83)) | F83: =IF($N83="","",COUNTIF(ShareLink,$C83)) | G83: =IF($N83="","",IF(ROUND($E83-$D83,0)=0,"√","▲ "&TEXT($D83-$E83,"#,##0"))) | N83: =IFERROR(MATCH($C$5&"|"&RIGHT("000000"&67,6),LdAKeyG,0),"")
A84: 68 | B84: =IF($N84="","",INDEX(LdADate,$N84)) | C84: =IF($N84="","",IF(INDEX(LdAId,$N84)="","—",INDEX(LdAId,$N84))) | D84: =IF($N84="","",IF(INDEX(LdAAmt,$N84)=0,"",INDEX(LdAAmt,$N84))) | E84: =IF($N84="","",SUMIFS(ShareAmt,ShareLink,$C84)) | F84: =IF($N84="","",COUNTIF(ShareLink,$C84)) | G84: =IF($N84="","",IF(ROUND($E84-$D84,0)=0,"√","▲ "&TEXT($D84-$E84,"#,##0"))) | N84: =IFERROR(MATCH($C$5&"|"&RIGHT("000000"&68,6),LdAKeyG,0),"")
A85: 69 | B85: =IF($N85="","",INDEX(LdADate,$N85)) | C85: =IF($N85="","",IF(INDEX(LdAId,$N85)="","—",INDEX(LdAId,$N85))) | D85: =IF($N85="","",IF(INDEX(LdAAmt,$N85)=0,"",INDEX(LdAAmt,$N85))) | E85: =IF($N85="","",SUMIFS(ShareAmt,ShareLink,$C85)) | F85: =IF($N85="","",COUNTIF(ShareLink,$C85)) | G85: =IF($N85="","",IF(ROUND($E85-$D85,0)=0,"√","▲ "&TEXT($D85-$E85,"#,##0"))) | N85: =IFERROR(MATCH($C$5&"|"&RIGHT("000000"&69,6),LdAKeyG,0),"")
A86: 70 | B86: =IF($N86="","",INDEX(LdADate,$N86)) | C86: =IF($N86="","",IF(INDEX(LdAId,$N86)="","—",INDEX(LdAId,$N86))) | D86: =IF($N86="","",IF(INDEX(LdAAmt,$N86)=0,"",INDEX(LdAAmt,$N86))) | E86: =IF($N86="","",SUMIFS(ShareAmt,ShareLink,$C86)) | F86: =IF($N86="","",COUNTIF(ShareLink,$C86)) | G86: =IF($N86="","",IF(ROUND($E86-$D86,0)=0,"√","▲ "&TEXT($D86-$E86,"#,##0"))) | N86: =IFERROR(MATCH($C$5&"|"&RIGHT("000000"&70,6),LdAKeyG,0),"")
A87: 71 | B87: =IF($N87="","",INDEX(LdADate,$N87)) | C87: =IF($N87="","",IF(INDEX(LdAId,$N87)="","—",INDEX(LdAId,$N87))) | D87: =IF($N87="","",IF(INDEX(LdAAmt,$N87)=0,"",INDEX(LdAAmt,$N87))) | E87: =IF($N87="","",SUMIFS(ShareAmt,ShareLink,$C87)) | F87: =IF($N87="","",COUNTIF(ShareLink,$C87)) | G87: =IF($N87="","",IF(ROUND($E87-$D87,0)=0,"√","▲ "&TEXT($D87-$E87,"#,##0"))) | N87: =IFERROR(MATCH($C$5&"|"&RIGHT("000000"&71,6),LdAKeyG,0),"")
A88: 72 | B88: =IF($N88="","",INDEX(LdADate,$N88)) | C88: =IF($N88="","",IF(INDEX(LdAId,$N88)="","—",INDEX(LdAId,$N88))) | D88: =IF($N88="","",IF(INDEX(LdAAmt,$N88)=0,"",INDEX(LdAAmt,$N88))) | E88: =IF($N88="","",SUMIFS(ShareAmt,ShareLink,$C88)) | F88: =IF($N88="","",COUNTIF(ShareLink,$C88)) | G88: =IF($N88="","",IF(ROUND($E88-$D88,0)=0,"√","▲ "&TEXT($D88-$E88,"#,##0"))) | N88: =IFERROR(MATCH($C$5&"|"&RIGHT("000000"&72,6),LdAKeyG,0),"")
A89: 73 | B89: =IF($N89="","",INDEX(LdADate,$N89)) | C89: =IF($N89="","",IF(INDEX(LdAId,$N89)="","—",INDEX(LdAId,$N89))) | D89: =IF($N89="","",IF(INDEX(LdAAmt,$N89)=0,"",INDEX(LdAAmt,$N89))) | E89: =IF($N89="","",SUMIFS(ShareAmt,ShareLink,$C89)) | F89: =IF($N89="","",COUNTIF(ShareLink,$C89)) | G89: =IF($N89="","",IF(ROUND($E89-$D89,0)=0,"√","▲ "&TEXT($D89-$E89,"#,##0"))) | N89: =IFERROR(MATCH($C$5&"|"&RIGHT("000000"&73,6),LdAKeyG,0),"")
A90: 74 | B90: =IF($N90="","",INDEX(LdADate,$N90)) | C90: =IF($N90="","",IF(INDEX(LdAId,$N90)="","—",INDEX(LdAId,$N90))) | D90: =IF($N90="","",IF(INDEX(LdAAmt,$N90)=0,"",INDEX(LdAAmt,$N90))) | E90: =IF($N90="","",SUMIFS(ShareAmt,ShareLink,$C90)) | F90: =IF($N90="","",COUNTIF(ShareLink,$C90)) | G90: =IF($N90="","",IF(ROUND($E90-$D90,0)=0,"√","▲ "&TEXT($D90-$E90,"#,##0"))) | N90: =IFERROR(MATCH($C$5&"|"&RIGHT("000000"&74,6),LdAKeyG,0),"")
A91: 75 | B91: =IF($N91="","",INDEX(LdADate,$N91)) | C91: =IF($N91="","",IF(INDEX(LdAId,$N91)="","—",INDEX(LdAId,$N91))) | D91: =IF($N91="","",IF(INDEX(LdAAmt,$N91)=0,"",INDEX(LdAAmt,$N91))) | E91: =IF($N91="","",SUMIFS(ShareAmt,ShareLink,$C91)) | F91: =IF($N91="","",COUNTIF(ShareLink,$C91)) | G91: =IF($N91="","",IF(ROUND($E91-$D91,0)=0,"√","▲ "&TEXT($D91-$E91,"#,##0"))) | N91: =IFERROR(MATCH($C$5&"|"&RIGHT("000000"&75,6),LdAKeyG,0),"")
A92: 76 | B92: =IF($N92="","",INDEX(LdADate,$N92)) | C92: =IF($N92="","",IF(INDEX(LdAId,$N92)="","—",INDEX(LdAId,$N92))) | D92: =IF($N92="","",IF(INDEX(LdAAmt,$N92)=0,"",INDEX(LdAAmt,$N92))) | E92: =IF($N92="","",SUMIFS(ShareAmt,ShareLink,$C92)) | F92: =IF($N92="","",COUNTIF(ShareLink,$C92)) | G92: =IF($N92="","",IF(ROUND($E92-$D92,0)=0,"√","▲ "&TEXT($D92-$E92,"#,##0"))) | N92: =IFERROR(MATCH($C$5&"|"&RIGHT("000000"&76,6),LdAKeyG,0),"")
A93: 77 | B93: =IF($N93="","",INDEX(LdADate,$N93)) | C93: =IF($N93="","",IF(INDEX(LdAId,$N93)="","—",INDEX(LdAId,$N93))) | D93: =IF($N93="","",IF(INDEX(LdAAmt,$N93)=0,"",INDEX(LdAAmt,$N93))) | E93: =IF($N93="","",SUMIFS(ShareAmt,ShareLink,$C93)) | F93: =IF($N93="","",COUNTIF(ShareLink,$C93)) | G93: =IF($N93="","",IF(ROUND($E93-$D93,0)=0,"√","▲ "&TEXT($D93-$E93,"#,##0"))) | N93: =IFERROR(MATCH($C$5&"|"&RIGHT("000000"&77,6),LdAKeyG,0),"")
A94: 78 | B94: =IF($N94="","",INDEX(LdADate,$N94)) | C94: =IF($N94="","",IF(INDEX(LdAId,$N94)="","—",INDEX(LdAId,$N94))) | D94: =IF($N94="","",IF(INDEX(LdAAmt,$N94)=0,"",INDEX(LdAAmt,$N94))) | E94: =IF($N94="","",SUMIFS(ShareAmt,ShareLink,$C94)) | F94: =IF($N94="","",COUNTIF(ShareLink,$C94)) | G94: =IF($N94="","",IF(ROUND($E94-$D94,0)=0,"√","▲ "&TEXT($D94-$E94,"#,##0"))) | N94: =IFERROR(MATCH($C$5&"|"&RIGHT("000000"&78,6),LdAKeyG,0),"")
A95: 79 | B95: =IF($N95="","",INDEX(LdADate,$N95)) | C95: =IF($N95="","",IF(INDEX(LdAId,$N95)="","—",INDEX(LdAId,$N95))) | D95: =IF($N95="","",IF(INDEX(LdAAmt,$N95)=0,"",INDEX(LdAAmt,$N95))) | E95: =IF($N95="","",SUMIFS(ShareAmt,ShareLink,$C95)) | F95: =IF($N95="","",COUNTIF(ShareLink,$C95)) | G95: =IF($N95="","",IF(ROUND($E95-$D95,0)=0,"√","▲ "&TEXT($D95-$E95,"#,##0"))) | N95: =IFERROR(MATCH($C$5&"|"&RIGHT("000000"&79,6),LdAKeyG,0),"")
A96: 80 | B96: =IF($N96="","",INDEX(LdADate,$N96)) | C96: =IF($N96="","",IF(INDEX(LdAId,$N96)="","—",INDEX(LdAId,$N96))) | D96: =IF($N96="","",IF(INDEX(LdAAmt,$N96)=0,"",INDEX(LdAAmt,$N96))) | E96: =IF($N96="","",SUMIFS(ShareAmt,ShareLink,$C96)) | F96: =IF($N96="","",COUNTIF(ShareLink,$C96)) | G96: =IF($N96="","",IF(ROUND($E96-$D96,0)=0,"√","▲ "&TEXT($D96-$E96,"#,##0"))) | N96: =IFERROR(MATCH($C$5&"|"&RIGHT("000000"&80,6),LdAKeyG,0),"")
A97: 81 | B97: =IF($N97="","",INDEX(LdADate,$N97)) | C97: =IF($N97="","",IF(INDEX(LdAId,$N97)="","—",INDEX(LdAId,$N97))) | D97: =IF($N97="","",IF(INDEX(LdAAmt,$N97)=0,"",INDEX(LdAAmt,$N97))) | E97: =IF($N97="","",SUMIFS(ShareAmt,ShareLink,$C97)) | F97: =IF($N97="","",COUNTIF(ShareLink,$C97)) | G97: =IF($N97="","",IF(ROUND($E97-$D97,0)=0,"√","▲ "&TEXT($D97-$E97,"#,##0"))) | N97: =IFERROR(MATCH($C$5&"|"&RIGHT("000000"&81,6),LdAKeyG,0),"")
A98: 82 | B98: =IF($N98="","",INDEX(LdADate,$N98)) | C98: =IF($N98="","",IF(INDEX(LdAId,$N98)="","—",INDEX(LdAId,$N98))) | D98: =IF($N98="","",IF(INDEX(LdAAmt,$N98)=0,"",INDEX(LdAAmt,$N98))) | E98: =IF($N98="","",SUMIFS(ShareAmt,ShareLink,$C98)) | F98: =IF($N98="","",COUNTIF(ShareLink,$C98)) | G98: =IF($N98="","",IF(ROUND($E98-$D98,0)=0,"√","▲ "&TEXT($D98-$E98,"#,##0"))) | N98: =IFERROR(MATCH($C$5&"|"&RIGHT("000000"&82,6),LdAKeyG,0),"")
A99: 83 | B99: =IF($N99="","",INDEX(LdADate,$N99)) | C99: =IF($N99="","",IF(INDEX(LdAId,$N99)="","—",INDEX(LdAId,$N99))) | D99: =IF($N99="","",IF(INDEX(LdAAmt,$N99)=0,"",INDEX(LdAAmt,$N99))) | E99: =IF($N99="","",SUMIFS(ShareAmt,ShareLink,$C99)) | F99: =IF($N99="","",COUNTIF(ShareLink,$C99)) | G99: =IF($N99="","",IF(ROUND($E99-$D99,0)=0,"√","▲ "&TEXT($D99-$E99,"#,##0"))) | N99: =IFERROR(MATCH($C$5&"|"&RIGHT("000000"&83,6),LdAKeyG,0),"")
A100: 84 | B100: =IF($N100="","",INDEX(LdADate,$N100)) | C100: =IF($N100="","",IF(INDEX(LdAId,$N100)="","—",INDEX(LdAId,$N100))) | D100: =IF($N100="","",IF(INDEX(LdAAmt,$N100)=0,"",INDEX(LdAAmt,$N100))) | E100: =IF($N100="","",SUMIFS(ShareAmt,ShareLink,$C100)) | F100: =IF($N100="","",COUNTIF(ShareLink,$C100)) | G100: =IF($N100="","",IF(ROUND($E100-$D100,0)=0,"√","▲ "&TEXT($D100-$E100,"#,##0"))) | N100: =IFERROR(MATCH($C$5&"|"&RIGHT("000000"&84,6),LdAKeyG,0),"")
A101: 85 | B101: =IF($N101="","",INDEX(LdADate,$N101)) | C101: =IF($N101="","",IF(INDEX(LdAId,$N101)="","—",INDEX(LdAId,$N101))) | D101: =IF($N101="","",IF(INDEX(LdAAmt,$N101)=0,"",INDEX(LdAAmt,$N101))) | E101: =IF($N101="","",SUMIFS(ShareAmt,ShareLink,$C101)) | F101: =IF($N101="","",COUNTIF(ShareLink,$C101)) | G101: =IF($N101="","",IF(ROUND($E101-$D101,0)=0,"√","▲ "&TEXT($D101-$E101,"#,##0"))) | N101: =IFERROR(MATCH($C$5&"|"&RIGHT("000000"&85,6),LdAKeyG,0),"")
A102: 86 | B102: =IF($N102="","",INDEX(LdADate,$N102)) | C102: =IF($N102="","",IF(INDEX(LdAId,$N102)="","—",INDEX(LdAId,$N102))) | D102: =IF($N102="","",IF(INDEX(LdAAmt,$N102)=0,"",INDEX(LdAAmt,$N102))) | E102: =IF($N102="","",SUMIFS(ShareAmt,ShareLink,$C102)) | F102: =IF($N102="","",COUNTIF(ShareLink,$C102)) | G102: =IF($N102="","",IF(ROUND($E102-$D102,0)=0,"√","▲ "&TEXT($D102-$E102,"#,##0"))) | N102: =IFERROR(MATCH($C$5&"|"&RIGHT("000000"&86,6),LdAKeyG,0),"")
...

Sheet Summary
A1: =IF(Sync!$AI$6="","مازندشت",Sync!$AI$6)&" — "&IF(Sync!$AI$9="","سورتینگ و بسته‌بندی مرکبات",Sync!$AI$9)
A2: =IF(Sync!$AI$7="","باغدشت، بخش مرکزی، شهرستان قائم‌شهر، استان مازندران، ایران",Sync!$AI$7)&" | MAZANDASHT · CITRUS SORTING & PACKING"
A3: خلاصه دستمزد کارکنان — تعلق، پرداخت و مانده هر نفر
A4: فقط حساب‌های E… که در INFO ← Accounts نام دارند. تعلق = دستمزد فردی + سهم از گروه‌ها؛ پرداخت = برداشت‌های بانکی با همان کد.
A5: تعداد نفرات | C5: جمع تعلق (ریال) | E5: جمع پرداخت (ریال) | G5: جمع مانده (ریال) | I5: مانده ≠ ۰
A6: =NStaffE | C6: =F60 | E6: =G60 | G6: =H60 | I6: =COUNTIF($H$10:$H$59,"<>0")
A8: ردیف | B8: کد | C8: نام | D8: گروه کاری | E8: سمت | F8: جمع تعلق (ریال) | G8: جمع پرداخت (ریال) | H8: مانده (ریال) | I8: رویدادها
A9: No. | B9: Code | C9: Name | D9: Group | E9: Role | F9: Entitled | G9: Paid | H9: Balance | I9: Events
A10: =IF(ROW()-9>NStaffE,"",ROW()-9) | B10: =IF($A10="","",IF($A10<=NStaffE,INDEX(PkStaffE,$A10),"")) | C10: =IF($B10="","",IFERROR(IF(VLOOKUP($B10,AcctTblE,4,0)="","(بدون نام)",VLOOKUP($B10,AcctTblE,4,0)),"—")) | D10: =IF($B10="","",IFERROR(IF(VLOOKUP(IFERROR(VLOOKUP($B10,StaffTblE,2,0),""),WGTbl,2,0)="","—",VLOOKUP(IFERROR(VLOOKUP($B10,StaffTblE,2,0),""),WGTbl,2,0)),"—")) | E10: =IF($B10="","",IFERROR(IF(VLOOKUP($B10,StaffTblE,3,0)="","—",VLOOKUP($B10,StaffTblE,3,0)),"—")) | F10: =IF($B10="","",SUMIFS(LdAAmt,LdAParty,$B10,LdAType,1)+SUMIFS(LdBAmt,LdBMember,$B10)) | G10: =IF($B10="","",SUMIFS(LdCWit,LdCParty,$B10)) | H10: =IF($B10="","",$F10-$G10) | I10: =IF($B10="","",COUNTIFS(LdAParty,$B10,LdAType,1)+COUNTIFS(LdBMember,$B10)+COUNTIFS(LdCParty,$B10))
A11: =IF(ROW()-9>NStaffE,"",ROW()-9) | B11: =IF($A11="","",IF($A11<=NStaffE,INDEX(PkStaffE,$A11),"")) | C11: =IF($B11="","",IFERROR(IF(VLOOKUP($B11,AcctTblE,4,0)="","(بدون نام)",VLOOKUP($B11,AcctTblE,4,0)),"—")) | D11: =IF($B11="","",IFERROR(IF(VLOOKUP(IFERROR(VLOOKUP($B11,StaffTblE,2,0),""),WGTbl,2,0)="","—",VLOOKUP(IFERROR(VLOOKUP($B11,StaffTblE,2,0),""),WGTbl,2,0)),"—")) | E11: =IF($B11="","",IFERROR(IF(VLOOKUP($B11,StaffTblE,3,0)="","—",VLOOKUP($B11,StaffTblE,3,0)),"—")) | F11: =IF($B11="","",SUMIFS(LdAAmt,LdAParty,$B11,LdAType,1)+SUMIFS(LdBAmt,LdBMember,$B11)) | G11: =IF($B11="","",SUMIFS(LdCWit,LdCParty,$B11)) | H11: =IF($B11="","",$F11-$G11) | I11: =IF($B11="","",COUNTIFS(LdAParty,$B11,LdAType,1)+COUNTIFS(LdBMember,$B11)+COUNTIFS(LdCParty,$B11))
A12: =IF(ROW()-9>NStaffE,"",ROW()-9) | B12: =IF($A12="","",IF($A12<=NStaffE,INDEX(PkStaffE,$A12),"")) | C12: =IF($B12="","",IFERROR(IF(VLOOKUP($B12,AcctTblE,4,0)="","(بدون نام)",VLOOKUP($B12,AcctTblE,4,0)),"—")) | D12: =IF($B12="","",IFERROR(IF(VLOOKUP(IFERROR(VLOOKUP($B12,StaffTblE,2,0),""),WGTbl,2,0)="","—",VLOOKUP(IFERROR(VLOOKUP($B12,StaffTblE,2,0),""),WGTbl,2,0)),"—")) | E12: =IF($B12="","",IFERROR(IF(VLOOKUP($B12,StaffTblE,3,0)="","—",VLOOKUP($B12,StaffTblE,3,0)),"—")) | F12: =IF($B12="","",SUMIFS(LdAAmt,LdAParty,$B12,LdAType,1)+SUMIFS(LdBAmt,LdBMember,$B12)) | G12: =IF($B12="","",SUMIFS(LdCWit,LdCParty,$B12)) | H12: =IF($B12="","",$F12-$G12) | I12: =IF($B12="","",COUNTIFS(LdAParty,$B12,LdAType,1)+COUNTIFS(LdBMember,$B12)+COUNTIFS(LdCParty,$B12))
A13: =IF(ROW()-9>NStaffE,"",ROW()-9) | B13: =IF($A13="","",IF($A13<=NStaffE,INDEX(PkStaffE,$A13),"")) | C13: =IF($B13="","",IFERROR(IF(VLOOKUP($B13,AcctTblE,4,0)="","(بدون نام)",VLOOKUP($B13,AcctTblE,4,0)),"—")) | D13: =IF($B13="","",IFERROR(IF(VLOOKUP(IFERROR(VLOOKUP($B13,StaffTblE,2,0),""),WGTbl,2,0)="","—",VLOOKUP(IFERROR(VLOOKUP($B13,StaffTblE,2,0),""),WGTbl,2,0)),"—")) | E13: =IF($B13="","",IFERROR(IF(VLOOKUP($B13,StaffTblE,3,0)="","—",VLOOKUP($B13,StaffTblE,3,0)),"—")) | F13: =IF($B13="","",SUMIFS(LdAAmt,LdAParty,$B13,LdAType,1)+SUMIFS(LdBAmt,LdBMember,$B13)) | G13: =IF($B13="","",SUMIFS(LdCWit,LdCParty,$B13)) | H13: =IF($B13="","",$F13-$G13) | I13: =IF($B13="","",COUNTIFS(LdAParty,$B13,LdAType,1)+COUNTIFS(LdBMember,$B13)+COUNTIFS(LdCParty,$B13))
A14: =IF(ROW()-9>NStaffE,"",ROW()-9) | B14: =IF($A14="","",IF($A14<=NStaffE,INDEX(PkStaffE,$A14),"")) | C14: =IF($B14="","",IFERROR(IF(VLOOKUP($B14,AcctTblE,4,0)="","(بدون نام)",VLOOKUP($B14,AcctTblE,4,0)),"—")) | D14: =IF($B14="","",IFERROR(IF(VLOOKUP(IFERROR(VLOOKUP($B14,StaffTblE,2,0),""),WGTbl,2,0)="","—",VLOOKUP(IFERROR(VLOOKUP($B14,StaffTblE,2,0),""),WGTbl,2,0)),"—")) | E14: =IF($B14="","",IFERROR(IF(VLOOKUP($B14,StaffTblE,3,0)="","—",VLOOKUP($B14,StaffTblE,3,0)),"—")) | F14: =IF($B14="","",SUMIFS(LdAAmt,LdAParty,$B14,LdAType,1)+SUMIFS(LdBAmt,LdBMember,$B14)) | G14: =IF($B14="","",SUMIFS(LdCWit,LdCParty,$B14)) | H14: =IF($B14="","",$F14-$G14) | I14: =IF($B14="","",COUNTIFS(LdAParty,$B14,LdAType,1)+COUNTIFS(LdBMember,$B14)+COUNTIFS(LdCParty,$B14))
A15: =IF(ROW()-9>NStaffE,"",ROW()-9) | B15: =IF($A15="","",IF($A15<=NStaffE,INDEX(PkStaffE,$A15),"")) | C15: =IF($B15="","",IFERROR(IF(VLOOKUP($B15,AcctTblE,4,0)="","(بدون نام)",VLOOKUP($B15,AcctTblE,4,0)),"—")) | D15: =IF($B15="","",IFERROR(IF(VLOOKUP(IFERROR(VLOOKUP($B15,StaffTblE,2,0),""),WGTbl,2,0)="","—",VLOOKUP(IFERROR(VLOOKUP($B15,StaffTblE,2,0),""),WGTbl,2,0)),"—")) | E15: =IF($B15="","",IFERROR(IF(VLOOKUP($B15,StaffTblE,3,0)="","—",VLOOKUP($B15,StaffTblE,3,0)),"—")) | F15: =IF($B15="","",SUMIFS(LdAAmt,LdAParty,$B15,LdAType,1)+SUMIFS(LdBAmt,LdBMember,$B15)) | G15: =IF($B15="","",SUMIFS(LdCWit,LdCParty,$B15)) | H15: =IF($B15="","",$F15-$G15) | I15: =IF($B15="","",COUNTIFS(LdAParty,$B15,LdAType,1)+COUNTIFS(LdBMember,$B15)+COUNTIFS(LdCParty,$B15))
A16: =IF(ROW()-9>NStaffE,"",ROW()-9) | B16: =IF($A16="","",IF($A16<=NStaffE,INDEX(PkStaffE,$A16),"")) | C16: =IF($B16="","",IFERROR(IF(VLOOKUP($B16,AcctTblE,4,0)="","(بدون نام)",VLOOKUP($B16,AcctTblE,4,0)),"—")) | D16: =IF($B16="","",IFERROR(IF(VLOOKUP(IFERROR(VLOOKUP($B16,StaffTblE,2,0),""),WGTbl,2,0)="","—",VLOOKUP(IFERROR(VLOOKUP($B16,StaffTblE,2,0),""),WGTbl,2,0)),"—")) | E16: =IF($B16="","",IFERROR(IF(VLOOKUP($B16,StaffTblE,3,0)="","—",VLOOKUP($B16,StaffTblE,3,0)),"—")) | F16: =IF($B16="","",SUMIFS(LdAAmt,LdAParty,$B16,LdAType,1)+SUMIFS(LdBAmt,LdBMember,$B16)) | G16: =IF($B16="","",SUMIFS(LdCWit,LdCParty,$B16)) | H16: =IF($B16="","",$F16-$G16) | I16: =IF($B16="","",COUNTIFS(LdAParty,$B16,LdAType,1)+COUNTIFS(LdBMember,$B16)+COUNTIFS(LdCParty,$B16))
A17: =IF(ROW()-9>NStaffE,"",ROW()-9) | B17: =IF($A17="","",IF($A17<=NStaffE,INDEX(PkStaffE,$A17),"")) | C17: =IF($B17="","",IFERROR(IF(VLOOKUP($B17,AcctTblE,4,0)="","(بدون نام)",VLOOKUP($B17,AcctTblE,4,0)),"—")) | D17: =IF($B17="","",IFERROR(IF(VLOOKUP(IFERROR(VLOOKUP($B17,StaffTblE,2,0),""),WGTbl,2,0)="","—",VLOOKUP(IFERROR(VLOOKUP($B17,StaffTblE,2,0),""),WGTbl,2,0)),"—")) | E17: =IF($B17="","",IFERROR(IF(VLOOKUP($B17,StaffTblE,3,0)="","—",VLOOKUP($B17,StaffTblE,3,0)),"—")) | F17: =IF($B17="","",SUMIFS(LdAAmt,LdAParty,$B17,LdAType,1)+SUMIFS(LdBAmt,LdBMember,$B17)) | G17: =IF($B17="","",SUMIFS(LdCWit,LdCParty,$B17)) | H17: =IF($B17="","",$F17-$G17) | I17: =IF($B17="","",COUNTIFS(LdAParty,$B17,LdAType,1)+COUNTIFS(LdBMember,$B17)+COUNTIFS(LdCParty,$B17))
A18: =IF(ROW()-9>NStaffE,"",ROW()-9) | B18: =IF($A18="","",IF($A18<=NStaffE,INDEX(PkStaffE,$A18),"")) | C18: =IF($B18="","",IFERROR(IF(VLOOKUP($B18,AcctTblE,4,0)="","(بدون نام)",VLOOKUP($B18,AcctTblE,4,0)),"—")) | D18: =IF($B18="","",IFERROR(IF(VLOOKUP(IFERROR(VLOOKUP($B18,StaffTblE,2,0),""),WGTbl,2,0)="","—",VLOOKUP(IFERROR(VLOOKUP($B18,StaffTblE,2,0),""),WGTbl,2,0)),"—")) | E18: =IF($B18="","",IFERROR(IF(VLOOKUP($B18,StaffTblE,3,0)="","—",VLOOKUP($B18,StaffTblE,3,0)),"—")) | F18: =IF($B18="","",SUMIFS(LdAAmt,LdAParty,$B18,LdAType,1)+SUMIFS(LdBAmt,LdBMember,$B18)) | G18: =IF($B18="","",SUMIFS(LdCWit,LdCParty,$B18)) | H18: =IF($B18="","",$F18-$G18) | I18: =IF($B18="","",COUNTIFS(LdAParty,$B18,LdAType,1)+COUNTIFS(LdBMember,$B18)+COUNTIFS(LdCParty,$B18))
A19: =IF(ROW()-9>NStaffE,"",ROW()-9) | B19: =IF($A19="","",IF($A19<=NStaffE,INDEX(PkStaffE,$A19),"")) | C19: =IF($B19="","",IFERROR(IF(VLOOKUP($B19,AcctTblE,4,0)="","(بدون نام)",VLOOKUP($B19,AcctTblE,4,0)),"—")) | D19: =IF($B19="","",IFERROR(IF(VLOOKUP(IFERROR(VLOOKUP($B19,StaffTblE,2,0),""),WGTbl,2,0)="","—",VLOOKUP(IFERROR(VLOOKUP($B19,StaffTblE,2,0),""),WGTbl,2,0)),"—")) | E19: =IF($B19="","",IFERROR(IF(VLOOKUP($B19,StaffTblE,3,0)="","—",VLOOKUP($B19,StaffTblE,3,0)),"—")) | F19: =IF($B19="","",SUMIFS(LdAAmt,LdAParty,$B19,LdAType,1)+SUMIFS(LdBAmt,LdBMember,$B19)) | G19: =IF($B19="","",SUMIFS(LdCWit,LdCParty,$B19)) | H19: =IF($B19="","",$F19-$G19) | I19: =IF($B19="","",COUNTIFS(LdAParty,$B19,LdAType,1)+COUNTIFS(LdBMember,$B19)+COUNTIFS(LdCParty,$B19))
A20: =IF(ROW()-9>NStaffE,"",ROW()-9) | B20: =IF($A20="","",IF($A20<=NStaffE,INDEX(PkStaffE,$A20),"")) | C20: =IF($B20="","",IFERROR(IF(VLOOKUP($B20,AcctTblE,4,0)="","(بدون نام)",VLOOKUP($B20,AcctTblE,4,0)),"—")) | D20: =IF($B20="","",IFERROR(IF(VLOOKUP(IFERROR(VLOOKUP($B20,StaffTblE,2,0),""),WGTbl,2,0)="","—",VLOOKUP(IFERROR(VLOOKUP($B20,StaffTblE,2,0),""),WGTbl,2,0)),"—")) | E20: =IF($B20="","",IFERROR(IF(VLOOKUP($B20,StaffTblE,3,0)="","—",VLOOKUP($B20,StaffTblE,3,0)),"—")) | F20: =IF($B20="","",SUMIFS(LdAAmt,LdAParty,$B20,LdAType,1)+SUMIFS(LdBAmt,LdBMember,$B20)) | G20: =IF($B20="","",SUMIFS(LdCWit,LdCParty,$B20)) | H20: =IF($B20="","",$F20-$G20) | I20: =IF($B20="","",COUNTIFS(LdAParty,$B20,LdAType,1)+COUNTIFS(LdBMember,$B20)+COUNTIFS(LdCParty,$B20))
A21: =IF(ROW()-9>NStaffE,"",ROW()-9) | B21: =IF($A21="","",IF($A21<=NStaffE,INDEX(PkStaffE,$A21),"")) | C21: =IF($B21="","",IFERROR(IF(VLOOKUP($B21,AcctTblE,4,0)="","(بدون نام)",VLOOKUP($B21,AcctTblE,4,0)),"—")) | D21: =IF($B21="","",IFERROR(IF(VLOOKUP(IFERROR(VLOOKUP($B21,StaffTblE,2,0),""),WGTbl,2,0)="","—",VLOOKUP(IFERROR(VLOOKUP($B21,StaffTblE,2,0),""),WGTbl,2,0)),"—")) | E21: =IF($B21="","",IFERROR(IF(VLOOKUP($B21,StaffTblE,3,0)="","—",VLOOKUP($B21,StaffTblE,3,0)),"—")) | F21: =IF($B21="","",SUMIFS(LdAAmt,LdAParty,$B21,LdAType,1)+SUMIFS(LdBAmt,LdBMember,$B21)) | G21: =IF($B21="","",SUMIFS(LdCWit,LdCParty,$B21)) | H21: =IF($B21="","",$F21-$G21) | I21: =IF($B21="","",COUNTIFS(LdAParty,$B21,LdAType,1)+COUNTIFS(LdBMember,$B21)+COUNTIFS(LdCParty,$B21))
... A59: =IF(ROW()-9>NStaffE,"",ROW()-9) | B59: =IF($A59="","",IF($A59<=NStaffE,INDEX(PkStaffE,$A59),"")) | C59: =IF($B59="","",IFERROR(IF(VLOOKUP($B59,AcctTblE,4,0)="","(بدون نام)",VLOOKUP($B59,AcctTblE,4,0)),"—")) | D59: =IF($B59="","",IFERROR(IF(VLOOKUP(IFERROR(VLOOKUP($B59,StaffTblE,2,0),""),WGTbl,2,0)="","—",VLOOKUP(IFERROR(VLOOKUP($B59,StaffTblE,2,0),""),WGTbl,2,0)),"—")) | E59: =IF($B59="","",IFERROR(IF(VLOOKUP($B59,StaffTblE,3,0)="","—",VLOOKUP($B59,StaffTblE,3,0)),"—")) | F59: =IF($B59="","",SUMIFS(LdAAmt,LdAParty,$B59,LdAType,1)+SUMIFS(LdBAmt,LdBMember,$B59)) | G59: =IF($B59="","",SUMIFS(LdCWit,LdCParty,$B59)) | H59: =IF($B59="","",$F59-$G59) | I59: =IF($B59="","",COUNTIFS(LdAParty,$B59,LdAType,1)+COUNTIFS(LdBMember,$B59)+COUNTIFS(LdCParty,$B59))
A60: جمع کل | F60: =SUM(F10:F59) | G60: =SUM(G10:G59) | H60: =SUM(H10:H59) | I60: =SUM(I10:I59)

Sheet Sync
A1: مازندشت — سورتینگ و بسته‌بندی مرکبات
A2: باغدشت، بخش مرکزی، شهرستان قائم‌شهر، استان مازندران، ایران | MAZANDASHT · CITRUS SORTING & PACKING
A3: برگه فنی — آینه‌ی فایل مادر (INFO) و فایل واریز/برداشت (Transactions) برای دفتر دستمزد. فرمول‌ها را تغییر ندهید. اگر همه سلول‌ها خالی شدند یعنی لینک به‌روز نشده: Data ← Edit Links ← Update Values.
A5: WG · Code | B5: · Title | C5: · Desc | E5: Staff · Code | F5: · Group | G5: · Role | H5: · Card | I5: · Note | K5: Acct · Code | L5: · Nature | M5: · Sub | N5: · Name | P5: Entry · C | Q5: Entry · D | R5: Entry · E | S5: Entry · G | T5: Entry · J | U5: Entry · K | V5: Entry · L | W5: Entry · M | X5: Entry · N | Y5: Entry · R | AA5: flg | AB5: cum·N | AC5: packed·E | AE5: flg | AF5: cum·N | AG5: packed·WG | AI5: Company
A6: =IF([1]WorkGroups!$B$7="","",[1]WorkGroups!$A$7) | B6: =IF([1]WorkGroups!$B$7="","",[1]WorkGroups!$B$7) | C6: =IF([1]WorkGroups!$B$7="","",[1]WorkGroups!$C$7) | E6: =IF([1]Staff!$A$7="","",[1]Staff!$A$7) | F6: =IF([1]Staff!$C$7="","",[1]Staff!$C$7) | G6: =IF([1]Staff!$D$7="","",[1]Staff!$D$7) | H6: =IF([1]Staff!$E$7="","",[1]Staff!$E$7) | I6: =IF([1]Staff!$F$7="","",[1]Staff!$F$7) | K6: =IF([1]Accounts!$D$7="","",[1]Accounts!$A$7) | L6: =IF([1]Accounts!$D$7="","",[1]Accounts!$B$7) | M6: =IF([1]Accounts!$D$7="","",[1]Accounts!$C$7) | N6: =IF([1]Accounts!$D$7="","",[1]Accounts!$D$7) | P6: =IF([2]Entry!$C$9="","",[2]Entry!$C$9) | Q6: =IF([2]Entry!$D$9="","",[2]Entry!$D$9) | R6: =IF([2]Entry!$E$9="","",[2]Entry!$E$9) | S6: =IF([2]Entry!$G$9="","",[2]Entry!$G$9) | T6: =IF([2]Entry!$J$9="","",[2]Entry!$J$9) | U6: =IF([2]Entry!$K$9="","",[2]Entry!$K$9) | V6: =IF([2]Entry!$L$9="","",[2]Entry!$L$9) | W6: =IF([2]Entry!$M$9="","",[2]Entry!$M$9) | X6: =IF([2]Entry!$N$9="","",[2]Entry!$N$9) | Y6: =IF([2]Entry!$R$9="","",[2]Entry!$R$9) | AA6: =IF(AND($E6<>"",IFERROR(VLOOKUP($E6,AcctTblE,4,0),"")<>""),1,0) | AB6: =SUM($AA$6:$AA6) | AC6: =IFERROR(INDEX($E$6:$E$55,MATCH(ROW()-5,$AB$6:$AB$55,0)),"") | AE6: =IF(AND($A6<>"",$B6<>""),1,0) | AF6: =SUM($AE$6:$AE6) | AG6: =IFERROR(INDEX($A$6:$A$35,MATCH(ROW()-5,$AF$6:$AF$35,0)),"") | AI6: =IF([1]Company!$C$5="","",[1]Company!$C$5)
A7: =IF([1]WorkGroups!$B$8="","",[1]WorkGroups!$A$8) | B7: =IF([1]WorkGroups!$B$8="","",[1]WorkGroups!$B$8) | C7: =IF([1]WorkGroups!$B$8="","",[1]WorkGroups!$C$8) | E7: =IF([1]Staff!$A$8="","",[1]Staff!$A$8) | F7: =IF([1]Staff!$C$8="","",[1]Staff!$C$8) | G7: =IF([1]Staff!$D$8="","",[1]Staff!$D$8) | H7: =IF([1]Staff!$E$8="","",[1]Staff!$E$8) | I7: =IF([1]Staff!$F$8="","",[1]Staff!$F$8) | K7: =IF([1]Accounts!$D$8="","",[1]Accounts!$A$8) | L7: =IF([1]Accounts!$D$8="","",[1]Accounts!$B$8) | M7: =IF([1]Accounts!$D$8="","",[1]Accounts!$C$8) | N7: =IF([1]Accounts!$D$8="","",[1]Accounts!$D$8) | P7: =IF([2]Entry!$C$10="","",[2]Entry!$C$10) | Q7: =IF([2]Entry!$D$10="","",[2]Entry!$D$10) | R7: =IF([2]Entry!$E$10="","",[2]Entry!$E$10) | S7: =IF([2]Entry!$G$10="","",[2]Entry!$G$10) | T7: =IF([2]Entry!$J$10="","",[2]Entry!$J$10) | U7: =IF([2]Entry!$K$10="","",[2]Entry!$K$10) | V7: =IF([2]Entry!$L$10="","",[2]Entry!$L$10) | W7: =IF([2]Entry!$M$10="","",[2]Entry!$M$10) | X7: =IF([2]Entry!$N$10="","",[2]Entry!$N$10) | Y7: =IF([2]Entry!$R$10="","",[2]Entry!$R$10) | AA7: =IF(AND($E7<>"",IFERROR(VLOOKUP($E7,AcctTblE,4,0),"")<>""),1,0) | AB7: =SUM($AA$6:$AA7) | AC7: =IFERROR(INDEX($E$6:$E$55,MATCH(ROW()-5,$AB$6:$AB$55,0)),"") | AE7: =IF(AND($A7<>"",$B7<>""),1,0) | AF7: =SUM($AE$6:$AE7) | AG7: =IFERROR(INDEX($A$6:$A$35,MATCH(ROW()-5,$AF$6:$AF$35,0)),"") | AI7: =IF([1]Company!$C$8="","",[1]Company!$C$8)
A8: =IF([1]WorkGroups!$B$9="","",[1]WorkGroups!$A$9) | B8: =IF([1]WorkGroups!$B$9="","",[1]WorkGroups!$B$9) | C8: =IF([1]WorkGroups!$B$9="","",[1]WorkGroups!$C$9) | E8: =IF([1]Staff!$A$9="","",[1]Staff!$A$9) | F8: =IF([1]Staff!$C$9="","",[1]Staff!$C$9) | G8: =IF([1]Staff!$D$9="","",[1]Staff!$D$9) | H8: =IF([1]Staff!$E$9="","",[1]Staff!$E$9) | I8: =IF([1]Staff!$F$9="","",[1]Staff!$F$9) | K8: =IF([1]Accounts!$D$9="","",[1]Accounts!$A$9) | L8: =IF([1]Accounts!$D$9="","",[1]Accounts!$B$9) | M8: =IF([1]Accounts!$D$9="","",[1]Accounts!$C$9) | N8: =IF([1]Accounts!$D$9="","",[1]Accounts!$D$9) | P8: =IF([2]Entry!$C$11="","",[2]Entry!$C$11) | Q8: =IF([2]Entry!$D$11="","",[2]Entry!$D$11) | R8: =IF([2]Entry!$E$11="","",[2]Entry!$E$11) | S8: =IF([2]Entry!$G$11="","",[2]Entry!$G$11) | T8: =IF([2]Entry!$J$11="","",[2]Entry!$J$11) | U8: =IF([2]Entry!$K$11="","",[2]Entry!$K$11) | V8: =IF([2]Entry!$L$11="","",[2]Entry!$L$11) | W8: =IF([2]Entry!$M$11="","",[2]Entry!$M$11) | X8: =IF([2]Entry!$N$11="","",[2]Entry!$N$11) | Y8: =IF([2]Entry!$R$11="","",[2]Entry!$R$11) | AA8: =IF(AND($E8<>"",IFERROR(VLOOKUP($E8,AcctTblE,4,0),"")<>""),1,0) | AB8: =SUM($AA$6:$AA8) | AC8: =IFERROR(INDEX($E$6:$E$55,MATCH(ROW()-5,$AB$6:$AB$55,0)),"") | AE8: =IF(AND($A8<>"",$B8<>""),1,0) | AF8: =SUM($AE$6:$AE8) | AG8: =IFERROR(INDEX($A$6:$A$35,MATCH(ROW()-5,$AF$6:$AF$35,0)),"") | AI8: =IF([1]Company!$C$9="","",[1]Company!$C$9)
A9: =IF([1]WorkGroups!$B$10="","",[1]WorkGroups!$A$10) | B9: =IF([1]WorkGroups!$B$10="","",[1]WorkGroups!$B$10) | C9: =IF([1]WorkGroups!$B$10="","",[1]WorkGroups!$C$10) | E9: =IF([1]Staff!$A$10="","",[1]Staff!$A$10) | F9: =IF([1]Staff!$C$10="","",[1]Staff!$C$10) | G9: =IF([1]Staff!$D$10="","",[1]Staff!$D$10) | H9: =IF([1]Staff!$E$10="","",[1]Staff!$E$10) | I9: =IF([1]Staff!$F$10="","",[1]Staff!$F$10) | K9: =IF([1]Accounts!$D$10="","",[1]Accounts!$A$10) | L9: =IF([1]Accounts!$D$10="","",[1]Accounts!$B$10) | M9: =IF([1]Accounts!$D$10="","",[1]Accounts!$C$10) | N9: =IF([1]Accounts!$D$10="","",[1]Accounts!$D$10) | P9: =IF([2]Entry!$C$12="","",[2]Entry!$C$12) | Q9: =IF([2]Entry!$D$12="","",[2]Entry!$D$12) | R9: =IF([2]Entry!$E$12="","",[2]Entry!$E$12) | S9: =IF([2]Entry!$G$12="","",[2]Entry!$G$12) | T9: =IF([2]Entry!$J$12="","",[2]Entry!$J$12) | U9: =IF([2]Entry!$K$12="","",[2]Entry!$K$12) | V9: =IF([2]Entry!$L$12="","",[2]Entry!$L$12) | W9: =IF([2]Entry!$M$12="","",[2]Entry!$M$12) | X9: =IF([2]Entry!$N$12="","",[2]Entry!$N$12) | Y9: =IF([2]Entry!$R$12="","",[2]Entry!$R$12) | AA9: =IF(AND($E9<>"",IFERROR(VLOOKUP($E9,AcctTblE,4,0),"")<>""),1,0) | AB9: =SUM($AA$6:$AA9) | AC9: =IFERROR(INDEX($E$6:$E$55,MATCH(ROW()-5,$AB$6:$AB$55,0)),"") | AE9: =IF(AND($A9<>"",$B9<>""),1,0) | AF9: =SUM($AE$6:$AE9) | AG9: =IFERROR(INDEX($A$6:$A$35,MATCH(ROW()-5,$AF$6:$AF$35,0)),"") | AI9: =IF([1]Company!$C$7="","",[1]Company!$C$7)
A10: =IF([1]WorkGroups!$B$11="","",[1]WorkGroups!$A$11) | B10: =IF([1]WorkGroups!$B$11="","",[1]WorkGroups!$B$11) | C10: =IF([1]WorkGroups!$B$11="","",[1]WorkGroups!$C$11) | E10: =IF([1]Staff!$A$11="","",[1]Staff!$A$11) | F10: =IF([1]Staff!$C$11="","",[1]Staff!$C$11) | G10: =IF([1]Staff!$D$11="","",[1]Staff!$D$11) | H10: =IF([1]Staff!$E$11="","",[1]Staff!$E$11) | I10: =IF([1]Staff!$F$11="","",[1]Staff!$F$11) | K10: =IF([1]Accounts!$D$11="","",[1]Accounts!$A$11) | L10: =IF([1]Accounts!$D$11="","",[1]Accounts!$B$11) | M10: =IF([1]Accounts!$D$11="","",[1]Accounts!$C$11) | N10: =IF([1]Accounts!$D$11="","",[1]Accounts!$D$11) | P10: =IF([2]Entry!$C$13="","",[2]Entry!$C$13) | Q10: =IF([2]Entry!$D$13="","",[2]Entry!$D$13) | R10: =IF([2]Entry!$E$13="","",[2]Entry!$E$13) | S10: =IF([2]Entry!$G$13="","",[2]Entry!$G$13) | T10: =IF([2]Entry!$J$13="","",[2]Entry!$J$13) | U10: =IF([2]Entry!$K$13="","",[2]Entry!$K$13) | V10: =IF([2]Entry!$L$13="","",[2]Entry!$L$13) | W10: =IF([2]Entry!$M$13="","",[2]Entry!$M$13) | X10: =IF([2]Entry!$N$13="","",[2]Entry!$N$13) | Y10: =IF([2]Entry!$R$13="","",[2]Entry!$R$13) | AA10: =IF(AND($E10<>"",IFERROR(VLOOKUP($E10,AcctTblE,4,0),"")<>""),1,0) | AB10: =SUM($AA$6:$AA10) | AC10: =IFERROR(INDEX($E$6:$E$55,MATCH(ROW()-5,$AB$6:$AB$55,0)),"") | AE10: =IF(AND($A10<>"",$B10<>""),1,0) | AF10: =SUM($AE$6:$AE10) | AG10: =IFERROR(INDEX($A$6:$A$35,MATCH(ROW()-5,$AF$6:$AF$35,0)),"")
A11: =IF([1]WorkGroups!$B$12="","",[1]WorkGroups!$A$12) | B11: =IF([1]WorkGroups!$B$12="","",[1]WorkGroups!$B$12) | C11: =IF([1]WorkGroups!$B$12="","",[1]WorkGroups!$C$12) | E11: =IF([1]Staff!$A$12="","",[1]Staff!$A$12) | F11: =IF([1]Staff!$C$12="","",[1]Staff!$C$12) | G11: =IF([1]Staff!$D$12="","",[1]Staff!$D$12) | H11: =IF([1]Staff!$E$12="","",[1]Staff!$E$12) | I11: =IF([1]Staff!$F$12="","",[1]Staff!$F$12) | K11: =IF([1]Accounts!$D$12="","",[1]Accounts!$A$12) | L11: =IF([1]Accounts!$D$12="","",[1]Accounts!$B$12) | M11: =IF([1]Accounts!$D$12="","",[1]Accounts!$C$12) | N11: =IF([1]Accounts!$D$12="","",[1]Accounts!$D$12) | P11: =IF([2]Entry!$C$14="","",[2]Entry!$C$14) | Q11: =IF([2]Entry!$D$14="","",[2]Entry!$D$14) | R11: =IF([2]Entry!$E$14="","",[2]Entry!$E$14) | S11: =IF([2]Entry!$G$14="","",[2]Entry!$G$14) | T11: =IF([2]Entry!$J$14="","",[2]Entry!$J$14) | U11: =IF([2]Entry!$K$14="","",[2]Entry!$K$14) | V11: =IF([2]Entry!$L$14="","",[2]Entry!$L$14) | W11: =IF([2]Entry!$M$14="","",[2]Entry!$M$14) | X11: =IF([2]Entry!$N$14="","",[2]Entry!$N$14) | Y11: =IF([2]Entry!$R$14="","",[2]Entry!$R$14) | AA11: =IF(AND($E11<>"",IFERROR(VLOOKUP($E11,AcctTblE,4,0),"")<>""),1,0) | AB11: =SUM($AA$6:$AA11) | AC11: =IFERROR(INDEX($E$6:$E$55,MATCH(ROW()-5,$AB$6:$AB$55,0)),"") | AE11: =IF(AND($A11<>"",$B11<>""),1,0) | AF11: =SUM($AE$6:$AE11) | AG11: =IFERROR(INDEX($A$6:$A$35,MATCH(ROW()-5,$AF$6:$AF$35,0)),"")
A12: =IF([1]WorkGroups!$B$13="","",[1]WorkGroups!$A$13) | B12: =IF([1]WorkGroups!$B$13="","",[1]WorkGroups!$B$13) | C12: =IF([1]WorkGroups!$B$13="","",[1]WorkGroups!$C$13) | E12: =IF([1]Staff!$A$13="","",[1]Staff!$A$13) | F12: =IF([1]Staff!$C$13="","",[1]Staff!$C$13) | G12: =IF([1]Staff!$D$13="","",[1]Staff!$D$13) | H12: =IF([1]Staff!$E$13="","",[1]Staff!$E$13) | I12: =IF([1]Staff!$F$13="","",[1]Staff!$F$13) | K12: =IF([1]Accounts!$D$13="","",[1]Accounts!$A$13) | L12: =IF([1]Accounts!$D$13="","",[1]Accounts!$B$13) | M12: =IF([1]Accounts!$D$13="","",[1]Accounts!$C$13) | N12: =IF([1]Accounts!$D$13="","",[1]Accounts!$D$13) | P12: =IF([2]Entry!$C$15="","",[2]Entry!$C$15) | Q12: =IF([2]Entry!$D$15="","",[2]Entry!$D$15) | R12: =IF([2]Entry!$E$15="","",[2]Entry!$E$15) | S12: =IF([2]Entry!$G$15="","",[2]Entry!$G$15) | T12: =IF([2]Entry!$J$15="","",[2]Entry!$J$15) | U12: =IF([2]Entry!$K$15="","",[2]Entry!$K$15) | V12: =IF([2]Entry!$L$15="","",[2]Entry!$L$15) | W12: =IF([2]Entry!$M$15="","",[2]Entry!$M$15) | X12: =IF([2]Entry!$N$15="","",[2]Entry!$N$15) | Y12: =IF([2]Entry!$R$15="","",[2]Entry!$R$15) | AA12: =IF(AND($E12<>"",IFERROR(VLOOKUP($E12,AcctTblE,4,0),"")<>""),1,0) | AB12: =SUM($AA$6:$AA12) | AC12: =IFERROR(INDEX($E$6:$E$55,MATCH(ROW()-5,$AB$6:$AB$55,0)),"") | AE12: =IF(AND($A12<>"",$B12<>""),1,0) | AF12: =SUM($AE$6:$AE12) | AG12: =IFERROR(INDEX($A$6:$A$35,MATCH(ROW()-5,$AF$6:$AF$35,0)),"")
A13: =IF([1]WorkGroups!$B$14="","",[1]WorkGroups!$A$14) | B13: =IF([1]WorkGroups!$B$14="","",[1]WorkGroups!$B$14) | C13: =IF([1]WorkGroups!$B$14="","",[1]WorkGroups!$C$14) | E13: =IF([1]Staff!$A$14="","",[1]Staff!$A$14) | F13: =IF([1]Staff!$C$14="","",[1]Staff!$C$14) | G13: =IF([1]Staff!$D$14="","",[1]Staff!$D$14) | H13: =IF([1]Staff!$E$14="","",[1]Staff!$E$14) | I13: =IF([1]Staff!$F$14="","",[1]Staff!$F$14) | K13: =IF([1]Accounts!$D$14="","",[1]Accounts!$A$14) | L13: =IF([1]Accounts!$D$14="","",[1]Accounts!$B$14) | M13: =IF([1]Accounts!$D$14="","",[1]Accounts!$C$14) | N13: =IF([1]Accounts!$D$14="","",[1]Accounts!$D$14) | P13: =IF([2]Entry!$C$16="","",[2]Entry!$C$16) | Q13: =IF([2]Entry!$D$16="","",[2]Entry!$D$16) | R13: =IF([2]Entry!$E$16="","",[2]Entry!$E$16) | S13: =IF([2]Entry!$G$16="","",[2]Entry!$G$16) | T13: =IF([2]Entry!$J$16="","",[2]Entry!$J$16) | U13: =IF([2]Entry!$K$16="","",[2]Entry!$K$16) | V13: =IF([2]Entry!$L$16="","",[2]Entry!$L$16) | W13: =IF([2]Entry!$M$16="","",[2]Entry!$M$16) | X13: =IF([2]Entry!$N$16="","",[2]Entry!$N$16) | Y13: =IF([2]Entry!$R$16="","",[2]Entry!$R$16) | AA13: =IF(AND($E13<>"",IFERROR(VLOOKUP($E13,AcctTblE,4,0),"")<>""),1,0) | AB13: =SUM($AA$6:$AA13) | AC13: =IFERROR(INDEX($E$6:$E$55,MATCH(ROW()-5,$AB$6:$AB$55,0)),"") | AE13: =IF(AND($A13<>"",$B13<>""),1,0) | AF13: =SUM($AE$6:$AE13) | AG13: =IFERROR(INDEX($A$6:$A$35,MATCH(ROW()-5,$AF$6:$AF$35,0)),"")
A14: =IF([1]WorkGroups!$B$15="","",[1]WorkGroups!$A$15) | B14: =IF([1]WorkGroups!$B$15="","",[1]WorkGroups!$B$15) | C14: =IF([1]WorkGroups!$B$15="","",[1]WorkGroups!$C$15) | E14: =IF([1]Staff!$A$15="","",[1]Staff!$A$15) | F14: =IF([1]Staff!$C$15="","",[1]Staff!$C$15) | G14: =IF([1]Staff!$D$15="","",[1]Staff!$D$15) | H14: =IF([1]Staff!$E$15="","",[1]Staff!$E$15) | I14: =IF([1]Staff!$F$15="","",[1]Staff!$F$15) | K14: =IF([1]Accounts!$D$15="","",[1]Accounts!$A$15) | L14: =IF([1]Accounts!$D$15="","",[1]Accounts!$B$15) | M14: =IF([1]Accounts!$D$15="","",[1]Accounts!$C$15) | N14: =IF([1]Accounts!$D$15="","",[1]Accounts!$D$15) | P14: =IF([2]Entry!$C$17="","",[2]Entry!$C$17) | Q14: =IF([2]Entry!$D$17="","",[2]Entry!$D$17) | R14: =IF([2]Entry!$E$17="","",[2]Entry!$E$17) | S14: =IF([2]Entry!$G$17="","",[2]Entry!$G$17) | T14: =IF([2]Entry!$J$17="","",[2]Entry!$J$17) | U14: =IF([2]Entry!$K$17="","",[2]Entry!$K$17) | V14: =IF([2]Entry!$L$17="","",[2]Entry!$L$17) | W14: =IF([2]Entry!$M$17="","",[2]Entry!$M$17) | X14: =IF([2]Entry!$N$17="","",[2]Entry!$N$17) | Y14: =IF([2]Entry!$R$17="","",[2]Entry!$R$17) | AA14: =IF(AND($E14<>"",IFERROR(VLOOKUP($E14,AcctTblE,4,0),"")<>""),1,0) | AB14: =SUM($AA$6:$AA14) | AC14: =IFERROR(INDEX($E$6:$E$55,MATCH(ROW()-5,$AB$6:$AB$55,0)),"") | AE14: =IF(AND($A14<>"",$B14<>""),1,0) | AF14: =SUM($AE$6:$AE14) | AG14: =IFERROR(INDEX($A$6:$A$35,MATCH(ROW()-5,$AF$6:$AF$35,0)),"")
A15: =IF([1]WorkGroups!$B$16="","",[1]WorkGroups!$A$16) | B15: =IF([1]WorkGroups!$B$16="","",[1]WorkGroups!$B$16) | C15: =IF([1]WorkGroups!$B$16="","",[1]WorkGroups!$C$16) | E15: =IF([1]Staff!$A$16="","",[1]Staff!$A$16) | F15: =IF([1]Staff!$C$16="","",[1]Staff!$C$16) | G15: =IF([1]Staff!$D$16="","",[1]Staff!$D$16) | H15: =IF([1]Staff!$E$16="","",[1]Staff!$E$16) | I15: =IF([1]Staff!$F$16="","",[1]Staff!$F$16) | K15: =IF([1]Accounts!$D$16="","",[1]Accounts!$A$16) | L15: =IF([1]Accounts!$D$16="","",[1]Accounts!$B$16) | M15: =IF([1]Accounts!$D$16="","",[1]Accounts!$C$16) | N15: =IF([1]Accounts!$D$16="","",[1]Accounts!$D$16) | P15: =IF([2]Entry!$C$18="","",[2]Entry!$C$18) | Q15: =IF([2]Entry!$D$18="","",[2]Entry!$D$18) | R15: =IF([2]Entry!$E$18="","",[2]Entry!$E$18) | S15: =IF([2]Entry!$G$18="","",[2]Entry!$G$18) | T15: =IF([2]Entry!$J$18="","",[2]Entry!$J$18) | U15: =IF([2]Entry!$K$18="","",[2]Entry!$K$18) | V15: =IF([2]Entry!$L$18="","",[2]Entry!$L$18) | W15: =IF([2]Entry!$M$18="","",[2]Entry!$M$18) | X15: =IF([2]Entry!$N$18="","",[2]Entry!$N$18) | Y15: =IF([2]Entry!$R$18="","",[2]Entry!$R$18) | AA15: =IF(AND($E15<>"",IFERROR(VLOOKUP($E15,AcctTblE,4,0),"")<>""),1,0) | AB15: =SUM($AA$6:$AA15) | AC15: =IFERROR(INDEX($E$6:$E$55,MATCH(ROW()-5,$AB$6:$AB$55,0)),"") | AE15: =IF(AND($A15<>"",$B15<>""),1,0) | AF15: =SUM($AE$6:$AE15) | AG15: =IFERROR(INDEX($A$6:$A$35,MATCH(ROW()-5,$AF$6:$AF$35,0)),"")
