Workbook
Name MainTbl: Sync!$A$6:$C$15
Name SubTbl: Sync!$E$6:$H$105
Name SubCodes: Sync!$E$6:$E$105
Name SubTitles: Sync!$G$6:$G$105
Name AcctTbl: Sync!$J$6:$M$565
Name PkSubExp: Sync!$AC$6:$AC$105
Name NSubExp: Sync!$AB$105
Name ExpNorm: Calc!$E$9:$E$2008
Name ExpTime: Calc!$F$9:$F$2008
Name ExpParty: Calc!$G$9:$G$2008
Name ExpBank: Calc!$H$9:$H$2008
Name ExpType: Calc!$I$9:$I$2008
Name ExpGroup: Calc!$J$9:$J$2008
Name ExpSub: Calc!$K$9:$K$2008
Name ExpDep: Calc!$L$9:$L$2008
Name ExpWit: Calc!$M$9:$M$2008
Name ExpKey: Calc!$O$9:$O$2008
Name ExpRankKey: Calc!$Q$9:$Q$2008
Name ExpNote: Sync!$Y$6:$Y$2005
Name ExpTotalNet: Summary!$G$111

Sheet Report
A1: =IF(Sync!$AE$6="","مازندشت",Sync!$AE$6)&" — "&IF(Sync!$AE$9="","سورتینگ و بسته‌بندی مرکبات",Sync!$AE$9)
A2: =IF(Sync!$AE$7="","باغدشت، بخش مرکزی، شهرستان قائم‌شهر، استان مازندران، ایران",Sync!$AE$7)&" | MAZANDASHT · CITRUS SORTING & PACKING"
A3: ="گزارش هزینه زیرگروه — "&IFERROR(IF(VLOOKUP($C$5,SubTbl,2,0)="","(بدون عنوان)",VLOOKUP($C$5,SubTbl,2,0)),"کد زیرگروه را وارد کنید")
A5: کد زیرگروه (ورود دستی): | C5: SG001 | E5: کد را از فایل INFO (شیت SubGroups) وارد کنید — سربرگ، کارت‌ها و کل فهرست خودکار به‌روز می‌شوند.
A6: عنوان زیرگروه: | C6: =IFERROR(IF(VLOOKUP($C$5,SubTbl,3,0)="","(بدون عنوان)",VLOOKUP($C$5,SubTbl,3,0)),"—")
A7: گروه اصلی: | C7: =IFERROR(IF(VLOOKUP($C$5,SubTbl,2,0)="","—",VLOOKUP($C$5,SubTbl,2,0)),"—")
A8: توضیح: | C8: =IFERROR(IF(VLOOKUP($C$5,SubTbl,4,0)="","—",VLOOKUP($C$5,SubTbl,4,0)),"—")
A9: فهرست زیر، همه تراکنش‌های گروه «هزینه» با این زیرگروه را به ترتیب تاریخ نشان می‌دهد. این شیت فقط نمایش/چاپ است؛ برای زیرگروه دیگر، شیت را کپی کنید و کد را عوض کنید.
A11: جمع برداشت (ریال) | C11: جمع واریز/بازگشت (ریال) | E11: خالص هزینه (ریال) | G11: تعداد تراکنش | I11: بزرگ‌ترین ردیف (ریال)
A12: =SUM($H$17:$H$2016) | C12: =SUM($G$17:$G$2016) | E12: =SUM($H$17:$H$2016)-SUM($G$17:$G$2016) | G12: =COUNT($I$17:$I$2016) | I12: =IF(COUNT($H$17:$H$2016)=0,"—",MAX($H$17:$H$2016))
A13: میانگین هر ردیف (ریال) | C13: سهم از کل هزینه | E13: اولین تاریخ | G13: آخرین تاریخ | I13: جمع خالص تا آخرین ردیف
A14: =IF($G$12=0,"—",ROUND($E$12/$G$12,0)) | C14: =IFERROR(IF(ExpTotalNet=0,"—",$E$12/ExpTotalNet),"—") | E14: =IF($G$12=0,"—",INDEX($B$17:$B$2016,1)) | G14: =IF($G$12=0,"—",INDEX($B$17:$B$2016,$G$12)) | I14: =IF($G$12=0,"—",LOOKUP(9.99E+307,$I$17:$I$2016))
A15: ردیف | B15: تاریخ | C15: ساعت | D15: بانک | E15: طرف حساب | F15: نوع تراکنش | G15: واریز (ریال) | H15: برداشت (ریال) | I15: جمع تجمعی خالص (ریال) | J15: توضیحات
A16: No. | B16: Date | C16: Time | D16: Bank | E16: Party | F16: Txn Type | G16: Deposit | H16: Withdrawal | I16: Cum. Net | J16: Notes
A17: 1 | B17: =IF($L17="","",INDEX(ExpNorm,$L17)) | C17: =IF($L17="","",IF(INDEX(ExpTime,$L17)="","—",LEFT(INDEX(ExpTime,$L17),2)&":"&RIGHT(INDEX(ExpTime,$L17),2))) | D17: =IF($L17="","",IF(INDEX(ExpBank,$L17)="","—",INDEX(ExpBank,$L17))) | E17: =IF($L17="","",IF(INDEX(ExpParty,$L17)="","—",IFERROR(VLOOKUP(INDEX(ExpParty,$L17),AcctTbl,4,0),INDEX(ExpParty,$L17)))) | F17: =IF($L17="","",IF(INDEX(ExpType,$L17)="","—",INDEX(ExpType,$L17))) | G17: =IF($L17="","",IF(INDEX(ExpDep,$L17)=0,"",INDEX(ExpDep,$L17))) | H17: =IF($L17="","",IF(INDEX(ExpWit,$L17)=0,"",INDEX(ExpWit,$L17))) | I17: =IF($B17="","",IF($H17="",0,$H17)-IF($G17="",0,$G17)) | J17: =IF($L17="","",IF(INDEX(ExpNote,$L17)="","—",INDEX(ExpNote,$L17))) | L17: =IFERROR(MATCH($C$5&"|"&RIGHT("000000"&1,6),ExpRankKey,0),"")
A18: 2 | B18: =IF($L18="","",INDEX(ExpNorm,$L18)) | C18: =IF($L18="","",IF(INDEX(ExpTime,$L18)="","—",LEFT(INDEX(ExpTime,$L18),2)&":"&RIGHT(INDEX(ExpTime,$L18),2))) | D18: =IF($L18="","",IF(INDEX(ExpBank,$L18)="","—",INDEX(ExpBank,$L18))) | E18: =IF($L18="","",IF(INDEX(ExpParty,$L18)="","—",IFERROR(VLOOKUP(INDEX(ExpParty,$L18),AcctTbl,4,0),INDEX(ExpParty,$L18)))) | F18: =IF($L18="","",IF(INDEX(ExpType,$L18)="","—",INDEX(ExpType,$L18))) | G18: =IF($L18="","",IF(INDEX(ExpDep,$L18)=0,"",INDEX(ExpDep,$L18))) | H18: =IF($L18="","",IF(INDEX(ExpWit,$L18)=0,"",INDEX(ExpWit,$L18))) | I18: =IF($B18="","",IF($I17="",0,$I17)+IF($H18="",0,$H18)-IF($G18="",0,$G18)) | J18: =IF($L18="","",IF(INDEX(ExpNote,$L18)="","—",INDEX(ExpNote,$L18))) | L18: =IFERROR(MATCH($C$5&"|"&RIGHT("000000"&2,6),ExpRankKey,0),"")
A19: 3 | B19: =IF($L19="","",INDEX(ExpNorm,$L19)) | C19: =IF($L19="","",IF(INDEX(ExpTime,$L19)="","—",LEFT(INDEX(ExpTime,$L19),2)&":"&RIGHT(INDEX(ExpTime,$L19),2))) | D19: =IF($L19="","",IF(INDEX(ExpBank,$L19)="","—",INDEX(ExpBank,$L19))) | E19: =IF($L19="","",IF(INDEX(ExpParty,$L19)="","—",IFERROR(VLOOKUP(INDEX(ExpParty,$L19),AcctTbl,4,0),INDEX(ExpParty,$L19)))) | F19: =IF($L19="","",IF(INDEX(ExpType,$L19)="","—",INDEX(ExpType,$L19))) | G19: =IF($L19="","",IF(INDEX(ExpDep,$L19)=0,"",INDEX(ExpDep,$L19))) | H19: =IF($L19="","",IF(INDEX(ExpWit,$L19)=0,"",INDEX(ExpWit,$L19))) | I19: =IF($B19="","",IF($I18="",0,$I18)+IF($H19="",0,$H19)-IF($G19="",0,$G19)) | J19: =IF($L19="","",IF(INDEX(ExpNote,$L19)="","—",INDEX(ExpNote,$L19))) | L19: =IFERROR(MATCH($C$5&"|"&RIGHT("000000"&3,6),ExpRankKey,0),"")
A20: 4 | B20: =IF($L20="","",INDEX(ExpNorm,$L20)) | C20: =IF($L20="","",IF(INDEX(ExpTime,$L20)="","—",LEFT(INDEX(ExpTime,$L20),2)&":"&RIGHT(INDEX(ExpTime,$L20),2))) | D20: =IF($L20="","",IF(INDEX(ExpBank,$L20)="","—",INDEX(ExpBank,$L20))) | E20: =IF($L20="","",IF(INDEX(ExpParty,$L20)="","—",IFERROR(VLOOKUP(INDEX(ExpParty,$L20),AcctTbl,4,0),INDEX(ExpParty,$L20)))) | F20: =IF($L20="","",IF(INDEX(ExpType,$L20)="","—",INDEX(ExpType,$L20))) | G20: =IF($L20="","",IF(INDEX(ExpDep,$L20)=0,"",INDEX(ExpDep,$L20))) | H20: =IF($L20="","",IF(INDEX(ExpWit,$L20)=0,"",INDEX(ExpWit,$L20))) | I20: =IF($B20="","",IF($I19="",0,$I19)+IF($H20="",0,$H20)-IF($G20="",0,$G20)) | J20: =IF($L20="","",IF(INDEX(ExpNote,$L20)="","—",INDEX(ExpNote,$L20))) | L20: =IFERROR(MATCH($C$5&"|"&RIGHT("000000"&4,6),ExpRankKey,0),"")
A21: 5 | B21: =IF($L21="","",INDEX(ExpNorm,$L21)) | C21: =IF($L21="","",IF(INDEX(ExpTime,$L21)="","—",LEFT(INDEX(ExpTime,$L21),2)&":"&RIGHT(INDEX(ExpTime,$L21),2))) | D21: =IF($L21="","",IF(INDEX(ExpBank,$L21)="","—",INDEX(ExpBank,$L21))) | E21: =IF($L21="","",IF(INDEX(ExpParty,$L21)="","—",IFERROR(VLOOKUP(INDEX(ExpParty,$L21),AcctTbl,4,0),INDEX(ExpParty,$L21)))) | F21: =IF($L21="","",IF(INDEX(ExpType,$L21)="","—",INDEX(ExpType,$L21))) | G21: =IF($L21="","",IF(INDEX(ExpDep,$L21)=0,"",INDEX(ExpDep,$L21))) | H21: =IF($L21="","",IF(INDEX(ExpWit,$L21)=0,"",INDEX(ExpWit,$L21))) | I21: =IF($B21="","",IF($I20="",0,$I20)+IF($H21="",0,$H21)-IF($G21="",0,$G21)) | J21: =IF($L21="","",IF(INDEX(ExpNote,$L21)="","—",INDEX(ExpNote,$L21))) | L21: =IFERROR(MATCH($C$5&"|"&RIGHT("000000"&5,6),ExpRankKey,0),"")
A22: 6 | B22: =IF($L22="","",INDEX(ExpNorm,$L22)) | C22: =IF($L22="","",IF(INDEX(ExpTime,$L22)="","—",LEFT(INDEX(ExpTime,$L22),2)&":"&RIGHT(INDEX(ExpTime,$L22),2))) | D22: =IF($L22="","",IF(INDEX(ExpBank,$L22)="","—",INDEX(ExpBank,$L22))) | E22: =IF($L22="","",IF(INDEX(ExpParty,$L22)="","—",IFERROR(VLOOKUP(INDEX(ExpParty,$L22),AcctTbl,4,0),INDEX(ExpParty,$L22)))) | F22: =IF($L22="","",IF(INDEX(ExpType,$L22)="","—",INDEX(ExpType,$L22))) | G22: =IF($L22="","",IF(INDEX(ExpDep,$L22)=0,"",INDEX(ExpDep,$L22))) | H22: =IF($L22="","",IF(INDEX(ExpWit,$L22)=0,"",INDEX(ExpWit,$L22))) | I22: =IF($B22="","",IF($I21="",0,$I21)+IF($H22="",0,$H22)-IF($G22="",0,$G22)) | J22: =IF($L22="","",IF(INDEX(ExpNote,$L22)="","—",INDEX(ExpNote,$L22))) | L22: =IFERROR(MATCH($C$5&"|"&RIGHT("000000"&6,6),ExpRankKey,0),"")
A23: 7 | B23: =IF($L23="","",INDEX(ExpNorm,$L23)) | C23: =IF($L23="","",IF(INDEX(ExpTime,$L23)="","—",LEFT(INDEX(ExpTime,$L23),2)&":"&RIGHT(INDEX(ExpTime,$L23),2))) | D23: =IF($L23="","",IF(INDEX(ExpBank,$L23)="","—",INDEX(ExpBank,$L23))) | E23: =IF($L23="","",IF(INDEX(ExpParty,$L23)="","—",IFERROR(VLOOKUP(INDEX(ExpParty,$L23),AcctTbl,4,0),INDEX(ExpParty,$L23)))) | F23: =IF($L23="","",IF(INDEX(ExpType,$L23)="","—",INDEX(ExpType,$L23))) | G23: =IF($L23="","",IF(INDEX(ExpDep,$L23)=0,"",INDEX(ExpDep,$L23))) | H23: =IF($L23="","",IF(INDEX(ExpWit,$L23)=0,"",INDEX(ExpWit,$L23))) | I23: =IF($B23="","",IF($I22="",0,$I22)+IF($H23="",0,$H23)-IF($G23="",0,$G23)) | J23: =IF($L23="","",IF(INDEX(ExpNote,$L23)="","—",INDEX(ExpNote,$L23))) | L23: =IFERROR(MATCH($C$5&"|"&RIGHT("000000"&7,6),ExpRankKey,0),"")
A24: 8 | B24: =IF($L24="","",INDEX(ExpNorm,$L24)) | C24: =IF($L24="","",IF(INDEX(ExpTime,$L24)="","—",LEFT(INDEX(ExpTime,$L24),2)&":"&RIGHT(INDEX(ExpTime,$L24),2))) | D24: =IF($L24="","",IF(INDEX(ExpBank,$L24)="","—",INDEX(ExpBank,$L24))) | E24: =IF($L24="","",IF(INDEX(ExpParty,$L24)="","—",IFERROR(VLOOKUP(INDEX(ExpParty,$L24),AcctTbl,4,0),INDEX(ExpParty,$L24)))) | F24: =IF($L24="","",IF(INDEX(ExpType,$L24)="","—",INDEX(ExpType,$L24))) | G24: =IF($L24="","",IF(INDEX(ExpDep,$L24)=0,"",INDEX(ExpDep,$L24))) | H24: =IF($L24="","",IF(INDEX(ExpWit,$L24)=0,"",INDEX(ExpWit,$L24))) | I24: =IF($B24="","",IF($I23="",0,$I23)+IF($H24="",0,$H24)-IF($G24="",0,$G24)) | J24: =IF($L24="","",IF(INDEX(ExpNote,$L24)="","—",INDEX(ExpNote,$L24))) | L24: =IFERROR(MATCH($C$5&"|"&RIGHT("000000"&8,6),ExpRankKey,0),"")
A25: 9 | B25: =IF($L25="","",INDEX(ExpNorm,$L25)) | C25: =IF($L25="","",IF(INDEX(ExpTime,$L25)="","—",LEFT(INDEX(ExpTime,$L25),2)&":"&RIGHT(INDEX(ExpTime,$L25),2))) | D25: =IF($L25="","",IF(INDEX(ExpBank,$L25)="","—",INDEX(ExpBank,$L25))) | E25: =IF($L25="","",IF(INDEX(ExpParty,$L25)="","—",IFERROR(VLOOKUP(INDEX(ExpParty,$L25),AcctTbl,4,0),INDEX(ExpParty,$L25)))) | F25: =IF($L25="","",IF(INDEX(ExpType,$L25)="","—",INDEX(ExpType,$L25))) | G25: =IF($L25="","",IF(INDEX(ExpDep,$L25)=0,"",INDEX(ExpDep,$L25))) | H25: =IF($L25="","",IF(INDEX(ExpWit,$L25)=0,"",INDEX(ExpWit,$L25))) | I25: =IF($B25="","",IF($I24="",0,$I24)+IF($H25="",0,$H25)-IF($G25="",0,$G25)) | J25: =IF($L25="","",IF(INDEX(ExpNote,$L25)="","—",INDEX(ExpNote,$L25))) | L25: =IFERROR(MATCH($C$5&"|"&RIGHT("000000"&9,6),ExpRankKey,0),"")
A26: 10 | B26: =IF($L26="","",INDEX(ExpNorm,$L26)) | C26: =IF($L26="","",IF(INDEX(ExpTime,$L26)="","—",LEFT(INDEX(ExpTime,$L26),2)&":"&RIGHT(INDEX(ExpTime,$L26),2))) | D26: =IF($L26="","",IF(INDEX(ExpBank,$L26)="","—",INDEX(ExpBank,$L26))) | E26: =IF($L26="","",IF(INDEX(ExpParty,$L26)="","—",IFERROR(VLOOKUP(INDEX(ExpParty,$L26),AcctTbl,4,0),INDEX(ExpParty,$L26)))) | F26: =IF($L26="","",IF(INDEX(ExpType,$L26)="","—",INDEX(ExpType,$L26))) | G26: =IF($L26="","",IF(INDEX(ExpDep,$L26)=0,"",INDEX(ExpDep,$L26))) | H26: =IF($L26="","",IF(INDEX(ExpWit,$L26)=0,"",INDEX(ExpWit,$L26))) | I26: =IF($B26="","",IF($I25="",0,$I25)+IF($H26="",0,$H26)-IF($G26="",0,$G26)) | J26: =IF($L26="","",IF(INDEX(ExpNote,$L26)="","—",INDEX(ExpNote,$L26))) | L26: =IFERROR(MATCH($C$5&"|"&RIGHT("000000"&10,6),ExpRankKey,0),"")
A27: 11 | B27: =IF($L27="","",INDEX(ExpNorm,$L27)) | C27: =IF($L27="","",IF(INDEX(ExpTime,$L27)="","—",LEFT(INDEX(ExpTime,$L27),2)&":"&RIGHT(INDEX(ExpTime,$L27),2))) | D27: =IF($L27="","",IF(INDEX(ExpBank,$L27)="","—",INDEX(ExpBank,$L27))) | E27: =IF($L27="","",IF(INDEX(ExpParty,$L27)="","—",IFERROR(VLOOKUP(INDEX(ExpParty,$L27),AcctTbl,4,0),INDEX(ExpParty,$L27)))) | F27: =IF($L27="","",IF(INDEX(ExpType,$L27)="","—",INDEX(ExpType,$L27))) | G27: =IF($L27="","",IF(INDEX(ExpDep,$L27)=0,"",INDEX(ExpDep,$L27))) | H27: =IF($L27="","",IF(INDEX(ExpWit,$L27)=0,"",INDEX(ExpWit,$L27))) | I27: =IF($B27="","",IF($I26="",0,$I26)+IF($H27="",0,$H27)-IF($G27="",0,$G27)) | J27: =IF($L27="","",IF(INDEX(ExpNote,$L27)="","—",INDEX(ExpNote,$L27))) | L27: =IFERROR(MATCH($C$5&"|"&RIGHT("000000"&11,6),ExpRankKey,0),"")
A28: 12 | B28: =IF($L28="","",INDEX(ExpNorm,$L28)) | C28: =IF($L28="","",IF(INDEX(ExpTime,$L28)="","—",LEFT(INDEX(ExpTime,$L28),2)&":"&RIGHT(INDEX(ExpTime,$L28),2))) | D28: =IF($L28="","",IF(INDEX(ExpBank,$L28)="","—",INDEX(ExpBank,$L28))) | E28: =IF($L28="","",IF(INDEX(ExpParty,$L28)="","—",IFERROR(VLOOKUP(INDEX(ExpParty,$L28),AcctTbl,4,0),INDEX(ExpParty,$L28)))) | F28: =IF($L28="","",IF(INDEX(ExpType,$L28)="","—",INDEX(ExpType,$L28))) | G28: =IF($L28="","",IF(INDEX(ExpDep,$L28)=0,"",INDEX(ExpDep,$L28))) | H28: =IF($L28="","",IF(INDEX(ExpWit,$L28)=0,"",INDEX(ExpWit,$L28))) | I28: =IF($B28="","",IF($I27="",0,$I27)+IF($H28="",0,$H28)-IF($G28="",0,$G28)) | J28: =IF($L28="","",IF(INDEX(ExpNote,$L28)="","—",INDEX(ExpNote,$L28))) | L28: =IFERROR(MATCH($C$5&"|"&RIGHT("000000"&12,6),ExpRankKey,0),"")
A29: 13 | B29: =IF($L29="","",INDEX(ExpNorm,$L29)) | C29: =IF($L29="","",IF(INDEX(ExpTime,$L29)="","—",LEFT(INDEX(ExpTime,$L29),2)&":"&RIGHT(INDEX(ExpTime,$L29),2))) | D29: =IF($L29="","",IF(INDEX(ExpBank,$L29)="","—",INDEX(ExpBank,$L29))) | E29: =IF($L29="","",IF(INDEX(ExpParty,$L29)="","—",IFERROR(VLOOKUP(INDEX(ExpParty,$L29),AcctTbl,4,0),INDEX(ExpParty,$L29)))) | F29: =IF($L29="","",IF(INDEX(ExpType,$L29)="","—",INDEX(ExpType,$L29))) | G29: =IF($L29="","",IF(INDEX(ExpDep,$L29)=0,"",INDEX(ExpDep,$L29))) | H29: =IF($L29="","",IF(INDEX(ExpWit,$L29)=0,"",INDEX(ExpWit,$L29))) | I29: =IF($B29="","",IF($I28="",0,$I28)+IF($H29="",0,$H29)-IF($G29="",0,$G29)) | J29: =IF($L29="","",IF(INDEX(ExpNote,$L29)="","—",INDEX(ExpNote,$L29))) | L29: =IFERROR(MATCH($C$5&"|"&RIGHT("000000"&13,6),ExpRankKey,0),"")
A30: 14 | B30: =IF($L30="","",INDEX(ExpNorm,$L30)) | C30: =IF($L30="","",IF(INDEX(ExpTime,$L30)="","—",LEFT(INDEX(ExpTime,$L30),2)&":"&RIGHT(INDEX(ExpTime,$L30),2))) | D30: =IF($L30="","",IF(INDEX(ExpBank,$L30)="","—",INDEX(ExpBank,$L30))) | E30: =IF($L30="","",IF(INDEX(ExpParty,$L30)="","—",IFERROR(VLOOKUP(INDEX(ExpParty,$L30),AcctTbl,4,0),INDEX(ExpParty,$L30)))) | F30: =IF($L30="","",IF(INDEX(ExpType,$L30)="","—",INDEX(ExpType,$L30))) | G30: =IF($L30="","",IF(INDEX(ExpDep,$L30)=0,"",INDEX(ExpDep,$L30))) | H30: =IF($L30="","",IF(INDEX(ExpWit,$L30)=0,"",INDEX(ExpWit,$L30))) | I30: =IF($B30="","",IF($I29="",0,$I29)+IF($H30="",0,$H30)-IF($G30="",0,$G30)) | J30: =IF($L30="","",IF(INDEX(ExpNote,$L30)="","—",INDEX(ExpNote,$L30))) | L30: =IFERROR(MATCH($C$5&"|"&RIGHT("000000"&14,6),ExpRankKey,0),"")
A31: 15 | B31: =IF($L31="","",INDEX(ExpNorm,$L31)) | C31: =IF($L31="","",IF(INDEX(ExpTime,$L31)="","—",LEFT(INDEX(ExpTime,$L31),2)&":"&RIGHT(INDEX(ExpTime,$L31),2))) | D31: =IF($L31="","",IF(INDEX(ExpBank,$L31)="","—",INDEX(ExpBank,$L31))) | E31: =IF($L31="","",IF(INDEX(ExpParty,$L31)="","—",IFERROR(VLOOKUP(INDEX(ExpParty,$L31),AcctTbl,4,0),INDEX(ExpParty,$L31)))) | F31: =IF($L31="","",IF(INDEX(ExpType,$L31)="","—",INDEX(ExpType,$L31))) | G31: =IF($L31="","",IF(INDEX(ExpDep,$L31)=0,"",INDEX(ExpDep,$L31))) | H31: =IF($L31="","",IF(INDEX(ExpWit,$L31)=0,"",INDEX(ExpWit,$L31))) | I31: =IF($B31="","",IF($I30="",0,$I30)+IF($H31="",0,$H31)-IF($G31="",0,$G31)) | J31: =IF($L31="","",IF(INDEX(ExpNote,$L31)="","—",INDEX(ExpNote,$L31))) | L31: =IFERROR(MATCH($C$5&"|"&RIGHT("000000"&15,6),ExpRankKey,0),"")
A32: 16 | B32: =IF($L32="","",INDEX(ExpNorm,$L32)) | C32: =IF($L32="","",IF(INDEX(ExpTime,$L32)="","—",LEFT(INDEX(ExpTime,$L32),2)&":"&RIGHT(INDEX(ExpTime,$L32),2))) | D32: =IF($L32="","",IF(INDEX(ExpBank,$L32)="","—",INDEX(ExpBank,$L32))) | E32: =IF($L32="","",IF(INDEX(ExpParty,$L32)="","—",IFERROR(VLOOKUP(INDEX(ExpParty,$L32),AcctTbl,4,0),INDEX(ExpParty,$L32)))) | F32: =IF($L32="","",IF(INDEX(ExpType,$L32)="","—",INDEX(ExpType,$L32))) | G32: =IF($L32="","",IF(INDEX(ExpDep,$L32)=0,"",INDEX(ExpDep,$L32))) | H32: =IF($L32="","",IF(INDEX(ExpWit,$L32)=0,"",INDEX(ExpWit,$L32))) | I32: =IF($B32="","",IF($I31="",0,$I31)+IF($H32="",0,$H32)-IF($G32="",0,$G32)) | J32: =IF($L32="","",IF(INDEX(ExpNote,$L32)="","—",INDEX(ExpNote,$L32))) | L32: =IFERROR(MATCH($C$5&"|"&RIGHT("000000"&16,6),ExpRankKey,0),"")
A33: 17 | B33: =IF($L33="","",INDEX(ExpNorm,$L33)) | C33: =IF($L33="","",IF(INDEX(ExpTime,$L33)="","—",LEFT(INDEX(ExpTime,$L33),2)&":"&RIGHT(INDEX(ExpTime,$L33),2))) | D33: =IF($L33="","",IF(INDEX(ExpBank,$L33)="","—",INDEX(ExpBank,$L33))) | E33: =IF($L33="","",IF(INDEX(ExpParty,$L33)="","—",IFERROR(VLOOKUP(INDEX(ExpParty,$L33),AcctTbl,4,0),INDEX(ExpParty,$L33)))) | F33: =IF($L33="","",IF(INDEX(ExpType,$L33)="","—",INDEX(ExpType,$L33))) | G33: =IF($L33="","",IF(INDEX(ExpDep,$L33)=0,"",INDEX(ExpDep,$L33))) | H33: =IF($L33="","",IF(INDEX(ExpWit,$L33)=0,"",INDEX(ExpWit,$L33))) | I33: =IF($B33="","",IF($I32="",0,$I32)+IF($H33="",0,$H33)-IF($G33="",0,$G33)) | J33: =IF($L33="","",IF(INDEX(ExpNote,$L33)="","—",INDEX(ExpNote,$L33))) | L33: =IFERROR(MATCH($C$5&"|"&RIGHT("000000"&17,6),ExpRankKey,0),"")
A34: 18 | B34: =IF($L34="","",INDEX(ExpNorm,$L34)) | C34: =IF($L34="","",IF(INDEX(ExpTime,$L34)="","—",LEFT(INDEX(ExpTime,$L34),2)&":"&RIGHT(INDEX(ExpTime,$L34),2))) | D34: =IF($L34="","",IF(INDEX(ExpBank,$L34)="","—",INDEX(ExpBank,$L34))) | E34: =IF($L34="","",IF(INDEX(ExpParty,$L34)="","—",IFERROR(VLOOKUP(INDEX(ExpParty,$L34),AcctTbl,4,0),INDEX(ExpParty,$L34)))) | F34: =IF($L34="","",IF(INDEX(ExpType,$L34)="","—",INDEX(ExpType,$L34))) | G34: =IF($L34="","",IF(INDEX(ExpDep,$L34)=0,"",INDEX(ExpDep,$L34))) | H34: =IF($L34="","",IF(INDEX(ExpWit,$L34)=0,"",INDEX(ExpWit,$L34))) | I34: =IF($B34="","",IF($I33="",0,$I33)+IF($H34="",0,$H34)-IF($G34="",0,$G34)) | J34: =IF($L34="","",IF(INDEX(ExpNote,$L34)="","—",INDEX(ExpNote,$L34))) | L34: =IFERROR(MATCH($C$5&"|"&RIGHT("000000"&18,6),ExpRankKey,0),"")
A35: 19 | B35: =IF($L35="","",INDEX(ExpNorm,$L35)) | C35: =IF($L35="","",IF(INDEX(ExpTime,$L35)="","—",LEFT(INDEX(ExpTime,$L35),2)&":"&RIGHT(INDEX(ExpTime,$L35),2))) | D35: =IF($L35="","",IF(INDEX(ExpBank,$L35)="","—",INDEX(ExpBank,$L35))) | E35: =IF($L35="","",IF(INDEX(ExpParty,$L35)="","—",IFERROR(VLOOKUP(INDEX(ExpParty,$L35),AcctTbl,4,0),INDEX(ExpParty,$L35)))) | F35: =IF($L35="","",IF(INDEX(ExpType,$L35)="","—",INDEX(ExpType,$L35))) | G35: =IF($L35="","",IF(INDEX(ExpDep,$L35)=0,"",INDEX(ExpDep,$L35))) | H35: =IF($L35="","",IF(INDEX(ExpWit,$L35)=0,"",INDEX(ExpWit,$L35))) | I35: =IF($B35="","",IF($I34="",0,$I34)+IF($H35="",0,$H35)-IF($G35="",0,$G35)) | J35: =IF($L35="","",IF(INDEX(ExpNote,$L35)="","—",INDEX(ExpNote,$L35))) | L35: =IFERROR(MATCH($C$5&"|"&RIGHT("000000"&19,6),ExpRankKey,0),"")
A36: 20 | B36: =IF($L36="","",INDEX(ExpNorm,$L36)) | C36: =IF($L36="","",IF(INDEX(ExpTime,$L36)="","—",LEFT(INDEX(ExpTime,$L36),2)&":"&RIGHT(INDEX(ExpTime,$L36),2))) | D36: =IF($L36="","",IF(INDEX(ExpBank,$L36)="","—",INDEX(ExpBank,$L36))) | E36: =IF($L36="","",IF(INDEX(ExpParty,$L36)="","—",IFERROR(VLOOKUP(INDEX(ExpParty,$L36),AcctTbl,4,0),INDEX(ExpParty,$L36)))) | F36: =IF($L36="","",IF(INDEX(ExpType,$L36)="","—",INDEX(ExpType,$L36))) | G36: =IF($L36="","",IF(INDEX(ExpDep,$L36)=0,"",INDEX(ExpDep,$L36))) | H36: =IF($L36="","",IF(INDEX(ExpWit,$L36)=0,"",INDEX(ExpWit,$L36))) | I36: =IF($B36="","",IF($I35="",0,$I35)+IF($H36="",0,$H36)-IF($G36="",0,$G36)) | J36: =IF($L36="","",IF(INDEX(ExpNote,$L36)="","—",INDEX(ExpNote,$L36))) | L36: =IFERROR(MATCH($C$5&"|"&RIGHT("000000"&20,6),ExpRankKey,0),"")
A37: 21 | B37: =IF($L37="","",INDEX(ExpNorm,$L37)) | C37: =IF($L37="","",IF(INDEX(ExpTime,$L37)="","—",LEFT(INDEX(ExpTime,$L37),2)&":"&RIGHT(INDEX(ExpTime,$L37),2))) | D37: =IF($L37="","",IF(INDEX(ExpBank,$L37)="","—",INDEX(ExpBank,$L37))) | E37: =IF($L37="","",IF(INDEX(ExpParty,$L37)="","—",IFERROR(VLOOKUP(INDEX(ExpParty,$L37),AcctTbl,4,0),INDEX(ExpParty,$L37)))) | F37: =IF($L37="","",IF(INDEX(ExpType,$L37)="","—",INDEX(ExpType,$L37))) | G37: =IF($L37="","",IF(INDEX(ExpDep,$L37)=0,"",INDEX(ExpDep,$L37))) | H37: =IF($L37="","",IF(INDEX(ExpWit,$L37)=0,"",INDEX(ExpWit,$L37))) | I37: =IF($B37="","",IF($I36="",0,$I36)+IF($H37="",0,$H37)-IF($G37="",0,$G37)) | J37: =IF($L37="","",IF(INDEX(ExpNote,$L37)="","—",INDEX(ExpNote,$L37))) | L37: =IFERROR(MATCH($C$5&"|"&RIGHT("000000"&21,6),ExpRankKey,0),"")
A38: 22 | B38: =IF($L38="","",INDEX(ExpNorm,$L38)) | C38: =IF($L38="","",IF(INDEX(ExpTime,$L38)="","—",LEFT(INDEX(ExpTime,$L38),2)&":"&RIGHT(INDEX(ExpTime,$L38),2))) | D38: =IF($L38="","",IF(INDEX(ExpBank,$L38)="","—",INDEX(ExpBank,$L38))) | E38: =IF($L38="","",IF(INDEX(ExpParty,$L38)="","—",IFERROR(VLOOKUP(INDEX(ExpParty,$L38),AcctTbl,4,0),INDEX(ExpParty,$L38)))) | F38: =IF($L38="","",IF(INDEX(ExpType,$L38)="","—",INDEX(ExpType,$L38))) | G38: =IF($L38="","",IF(INDEX(ExpDep,$L38)=0,"",INDEX(ExpDep,$L38))) | H38: =IF($L38="","",IF(INDEX(ExpWit,$L38)=0,"",INDEX(ExpWit,$L38))) | I38: =IF($B38="","",IF($I37="",0,$I37)+IF($H38="",0,$H38)-IF($G38="",0,$G38)) | J38: =IF($L38="","",IF(INDEX(ExpNote,$L38)="","—",INDEX(ExpNote,$L38))) | L38: =IFERROR(MATCH($C$5&"|"&RIGHT("000000"&22,6),ExpRankKey,0),"")
A39: 23 | B39: =IF($L39="","",INDEX(ExpNorm,$L39)) | C39: =IF($L39="","",IF(INDEX(ExpTime,$L39)="","—",LEFT(INDEX(ExpTime,$L39),2)&":"&RIGHT(INDEX(ExpTime,$L39),2))) | D39: =IF($L39="","",IF(INDEX(ExpBank,$L39)="","—",INDEX(ExpBank,$L39))) | E39: =IF($L39="","",IF(INDEX(ExpParty,$L39)="","—",IFERROR(VLOOKUP(INDEX(ExpParty,$L39),AcctTbl,4,0),INDEX(ExpParty,$L39)))) | F39: =IF($L39="","",IF(INDEX(ExpType,$L39)="","—",INDEX(ExpType,$L39))) | G39: =IF($L39="","",IF(INDEX(ExpDep,$L39)=0,"",INDEX(ExpDep,$L39))) | H39: =IF($L39="","",IF(INDEX(ExpWit,$L39)=0,"",INDEX(ExpWit,$L39))) | I39: =IF($B39="","",IF($I38="",0,$I38)+IF($H39="",0,$H39)-IF($G39="",0,$G39)) | J39: =IF($L39="","",IF(INDEX(ExpNote,$L39)="","—",INDEX(ExpNote,$L39))) | L39: =IFERROR(MATCH($C$5&"|"&RIGHT("000000"&23,6),ExpRankKey,0),"")
A40: 24 | B40: =IF($L40="","",INDEX(ExpNorm,$L40)) | C40: =IF($L40="","",IF(INDEX(ExpTime,$L40)="","—",LEFT(INDEX(ExpTime,$L40),2)&":"&RIGHT(INDEX(ExpTime,$L40),2))) | D40: =IF($L40="","",IF(INDEX(ExpBank,$L40)="","—",INDEX(ExpBank,$L40))) | E40: =IF($L40="","",IF(INDEX(ExpParty,$L40)="","—",IFERROR(VLOOKUP(INDEX(ExpParty,$L40),AcctTbl,4,0),INDEX(ExpParty,$L40)))) | F40: =IF($L40="","",IF(INDEX(ExpType,$L40)="","—",INDEX(ExpType,$L40))) | G40: =IF($L40="","",IF(INDEX(ExpDep,$L40)=0,"",INDEX(ExpDep,$L40))) | H40: =IF($L40="","",IF(INDEX(ExpWit,$L40)=0,"",INDEX(ExpWit,$L40))) | I40: =IF($B40="","",IF($I39="",0,$I39)+IF($H40="",0,$H40)-IF($G40="",0,$G40)) | J40: =IF($L40="","",IF(INDEX(ExpNote,$L40)="","—",INDEX(ExpNote,$L40))) | L40: =IFERROR(MATCH($C$5&"|"&RIGHT("000000"&24,6),ExpRankKey,0),"")
A41: 25 | B41: =IF($L41="","",INDEX(ExpNorm,$L41)) | C41: =IF($L41="","",IF(INDEX(ExpTime,$L41)="","—",LEFT(INDEX(ExpTime,$L41),2)&":"&RIGHT(INDEX(ExpTime,$L41),2))) | D41: =IF($L41="","",IF(INDEX(ExpBank,$L41)="","—",INDEX(ExpBank,$L41))) | E41: =IF($L41="","",IF(INDEX(ExpParty,$L41)="","—",IFERROR(VLOOKUP(INDEX(ExpParty,$L41),AcctTbl,4,0),INDEX(ExpParty,$L41)))) | F41: =IF($L41="","",IF(INDEX(ExpType,$L41)="","—",INDEX(ExpType,$L41))) | G41: =IF($L41="","",IF(INDEX(ExpDep,$L41)=0,"",INDEX(ExpDep,$L41))) | H41: =IF($L41="","",IF(INDEX(ExpWit,$L41)=0,"",INDEX(ExpWit,$L41))) | I41: =IF($B41="","",IF($I40="",0,$I40)+IF($H41="",0,$H41)-IF($G41="",0,$G41)) | J41: =IF($L41="","",IF(INDEX(ExpNote,$L41)="","—",INDEX(ExpNote,$L41))) | L41: =IFERROR(MATCH($C$5&"|"&RIGHT("000000"&25,6),ExpRankKey,0),"")
A42: 26 | B42: =IF($L42="","",INDEX(ExpNorm,$L42)) | C42: =IF($L42="","",IF(INDEX(ExpTime,$L42)="","—",LEFT(INDEX(ExpTime,$L42),2)&":"&RIGHT(INDEX(ExpTime,$L42),2))) | D42: =IF($L42="","",IF(INDEX(ExpBank,$L42)="","—",INDEX(ExpBank,$L42))) | E42: =IF($L42="","",IF(INDEX(ExpParty,$L42)="","—",IFERROR(VLOOKUP(INDEX(ExpParty,$L42),AcctTbl,4,0),INDEX(ExpParty,$L42)))) | F42: =IF($L42="","",IF(INDEX(ExpType,$L42)="","—",INDEX(ExpType,$L42))) | G42: =IF($L42="","",IF(INDEX(ExpDep,$L42)=0,"",INDEX(ExpDep,$L42))) | H42: =IF($L42="","",IF(INDEX(ExpWit,$L42)=0,"",INDEX(ExpWit,$L42))) | I42: =IF($B42="","",IF($I41="",0,$I41)+IF($H42="",0,$H42)-IF($G42="",0,$G42)) | J42: =IF($L42="","",IF(INDEX(ExpNote,$L42)="","—",INDEX(ExpNote,$L42))) | L42: =IFERROR(MATCH($C$5&"|"&RIGHT("000000"&26,6),ExpRankKey,0),"")
A43: 27 | B43: =IF($L43="","",INDEX(ExpNorm,$L43)) | C43: =IF($L43="","",IF(INDEX(ExpTime,$L43)="","—",LEFT(INDEX(ExpTime,$L43),2)&":"&RIGHT(INDEX(ExpTime,$L43),2))) | D43: =IF($L43="","",IF(INDEX(ExpBank,$L43)="","—",INDEX(ExpBank,$L43))) | E43: =IF($L43="","",IF(INDEX(ExpParty,$L43)="","—",IFERROR(VLOOKUP(INDEX(ExpParty,$L43),AcctTbl,4,0),INDEX(ExpParty,$L43)))) | F43: =IF($L43="","",IF(INDEX(ExpType,$L43)="","—",INDEX(ExpType,$L43))) | G43: =IF($L43="","",IF(INDEX(ExpDep,$L43)=0,"",INDEX(ExpDep,$L43))) | H43: =IF($L43="","",IF(INDEX(ExpWit,$L43)=0,"",INDEX(ExpWit,$L43))) | I43: =IF($B43="","",IF($I42="",0,$I42)+IF($H43="",0,$H43)-IF($G43="",0,$G43)) | J43: =IF($L43="","",IF(INDEX(ExpNote,$L43)="","—",INDEX(ExpNote,$L43))) | L43: =IFERROR(MATCH($C$5&"|"&RIGHT("000000"&27,6),ExpRankKey,0),"")
A44: 28 | B44: =IF($L44="","",INDEX(ExpNorm,$L44)) | C44: =IF($L44="","",IF(INDEX(ExpTime,$L44)="","—",LEFT(INDEX(ExpTime,$L44),2)&":"&RIGHT(INDEX(ExpTime,$L44),2))) | D44: =IF($L44="","",IF(INDEX(ExpBank,$L44)="","—",INDEX(ExpBank,$L44))) | E44: =IF($L44="","",IF(INDEX(ExpParty,$L44)="","—",IFERROR(VLOOKUP(INDEX(ExpParty,$L44),AcctTbl,4,0),INDEX(ExpParty,$L44)))) | F44: =IF($L44="","",IF(INDEX(ExpType,$L44)="","—",INDEX(ExpType,$L44))) | G44: =IF($L44="","",IF(INDEX(ExpDep,$L44)=0,"",INDEX(ExpDep,$L44))) | H44: =IF($L44="","",IF(INDEX(ExpWit,$L44)=0,"",INDEX(ExpWit,$L44))) | I44: =IF($B44="","",IF($I43="",0,$I43)+IF($H44="",0,$H44)-IF($G44="",0,$G44)) | J44: =IF($L44="","",IF(INDEX(ExpNote,$L44)="","—",INDEX(ExpNote,$L44))) | L44: =IFERROR(MATCH($C$5&"|"&RIGHT("000000"&28,6),ExpRankKey,0),"")
A45: 29 | B45: =IF($L45="","",INDEX(ExpNorm,$L45)) | C45: =IF($L45="","",IF(INDEX(ExpTime,$L45)="","—",LEFT(INDEX(ExpTime,$L45),2)&":"&RIGHT(INDEX(ExpTime,$L45),2))) | D45: =IF($L45="","",IF(INDEX(ExpBank,$L45)="","—",INDEX(ExpBank,$L45))) | E45: =IF($L45="","",IF(INDEX(ExpParty,$L45)="","—",IFERROR(VLOOKUP(INDEX(ExpParty,$L45),AcctTbl,4,0),INDEX(ExpParty,$L45)))) | F45: =IF($L45="","",IF(INDEX(ExpType,$L45)="","—",INDEX(ExpType,$L45))) | G45: =IF($L45="","",IF(INDEX(ExpDep,$L45)=0,"",INDEX(ExpDep,$L45))) | H45: =IF($L45="","",IF(INDEX(ExpWit,$L45)=0,"",INDEX(ExpWit,$L45))) | I45: =IF($B45="","",IF($I44="",0,$I44)+IF($H45="",0,$H45)-IF($G45="",0,$G45)) | J45: =IF($L45="","",IF(INDEX(ExpNote,$L45)="","—",INDEX(ExpNote,$L45))) | L45: =IFERROR(MATCH($C$5&"|"&RIGHT("000000"&29,6),ExpRankKey,0),"")
A46: 30 | B46: =IF($L46="","",INDEX(ExpNorm,$L46)) | C46: =IF($L46="","",IF(INDEX(ExpTime,$L46)="","—",LEFT(INDEX(ExpTime,$L46),2)&":"&RIGHT(INDEX(ExpTime,$L46),2))) | D46: =IF($L46="","",IF(INDEX(ExpBank,$L46)="","—",INDEX(ExpBank,$L46))) | E46: =IF($L46="","",IF(INDEX(ExpParty,$L46)="","—",IFERROR(VLOOKUP(INDEX(ExpParty,$L46),AcctTbl,4,0),INDEX(ExpParty,$L46)))) | F46: =IF($L46="","",IF(INDEX(ExpType,$L46)="","—",INDEX(ExpType,$L46))) | G46: =IF($L46="","",IF(INDEX(ExpDep,$L46)=0,"",INDEX(ExpDep,$L46))) | H46: =IF($L46="","",IF(INDEX(ExpWit,$L46)=0,"",INDEX(ExpWit,$L46))) | I46: =IF($B46="","",IF($I45="",0,$I45)+IF($H46="",0,$H46)-IF($G46="",0,$G46)) | J46: =IF($L46="","",IF(INDEX(ExpNote,$L46)="","—",INDEX(ExpNote,$L46))) | L46: =IFERROR(MATCH($C$5&"|"&RIGHT("000000"&30,6),ExpRankKey,0),"")
A47: 31 | B47: =IF($L47="","",INDEX(ExpNorm,$L47)) | C47: =IF($L47="","",IF(INDEX(ExpTime,$L47)="","—",LEFT(INDEX(ExpTime,$L47),2)&":"&RIGHT(INDEX(ExpTime,$L47),2))) | D47: =IF($L47="","",IF(INDEX(ExpBank,$L47)="","—",INDEX(ExpBank,$L47))) | E47: =IF($L47="","",IF(INDEX(ExpParty,$L47)="","—",IFERROR(VLOOKUP(INDEX(ExpParty,$L47),AcctTbl,4,0),INDEX(ExpParty,$L47)))) | F47: =IF($L47="","",IF(INDEX(ExpType,$L47)="","—",INDEX(ExpType,$L47))) | G47: =IF($L47="","",IF(INDEX(ExpDep,$L47)=0,"",INDEX(ExpDep,$L47))) | H47: =IF($L47="","",IF(INDEX(ExpWit,$L47)=0,"",INDEX(ExpWit,$L47))) | I47: =IF($B47="","",IF($I46="",0,$I46)+IF($H47="",0,$H47)-IF($G47="",0,$G47)) | J47: =IF($L47="","",IF(INDEX(ExpNote,$L47)="","—",INDEX(ExpNote,$L47))) | L47: =IFERROR(MATCH($C$5&"|"&RIGHT("000000"&31,6),ExpRankKey,0),"")
A48: 32 | B48: =IF($L48="","",INDEX(ExpNorm,$L48)) | C48: =IF($L48="","",IF(INDEX(ExpTime,$L48)="","—",LEFT(INDEX(ExpTime,$L48),2)&":"&RIGHT(INDEX(ExpTime,$L48),2))) | D48: =IF($L48="","",IF(INDEX(ExpBank,$L48)="","—",INDEX(ExpBank,$L48))) | E48: =IF($L48="","",IF(INDEX(ExpParty,$L48)="","—",IFERROR(VLOOKUP(INDEX(ExpParty,$L48),AcctTbl,4,0),INDEX(ExpParty,$L48)))) | F48: =IF($L48="","",IF(INDEX(ExpType,$L48)="","—",INDEX(ExpType,$L48))) | G48: =IF($L48="","",IF(INDEX(ExpDep,$L48)=0,"",INDEX(ExpDep,$L48))) | H48: =IF($L48="","",IF(INDEX(ExpWit,$L48)=0,"",INDEX(ExpWit,$L48))) | I48: =IF($B48="","",IF($I47="",0,$I47)+IF($H48="",0,$H48)-IF($G48="",0,$G48)) | J48: =IF($L48="","",IF(INDEX(ExpNote,$L48)="","—",INDEX(ExpNote,$L48))) | L48: =IFERROR(MATCH($C$5&"|"&RIGHT("000000"&32,6),ExpRankKey,0),"")
A49: 33 | B49: =IF($L49="","",INDEX(ExpNorm,$L49)) | C49: =IF($L49="","",IF(INDEX(ExpTime,$L49)="","—",LEFT(INDEX(ExpTime,$L49),2)&":"&RIGHT(INDEX(ExpTime,$L49),2))) | D49: =IF($L49="","",IF(INDEX(ExpBank,$L49)="","—",INDEX(ExpBank,$L49))) | E49: =IF($L49="","",IF(INDEX(ExpParty,$L49)="","—",IFERROR(VLOOKUP(INDEX(ExpParty,$L49),AcctTbl,4,0),INDEX(ExpParty,$L49)))) | F49: =IF($L49="","",IF(INDEX(ExpType,$L49)="","—",INDEX(ExpType,$L49))) | G49: =IF($L49="","",IF(INDEX(ExpDep,$L49)=0,"",INDEX(ExpDep,$L49))) | H49: =IF($L49="","",IF(INDEX(ExpWit,$L49)=0,"",INDEX(ExpWit,$L49))) | I49: =IF($B49="","",IF($I48="",0,$I48)+IF($H49="",0,$H49)-IF($G49="",0,$G49)) | J49: =IF($L49="","",IF(INDEX(ExpNote,$L49)="","—",INDEX(ExpNote,$L49))) | L49: =IFERROR(MATCH($C$5&"|"&RIGHT("000000"&33,6),ExpRankKey,0),"")
A50: 34 | B50: =IF($L50="","",INDEX(ExpNorm,$L50)) | C50: =IF($L50="","",IF(INDEX(ExpTime,$L50)="","—",LEFT(INDEX(ExpTime,$L50),2)&":"&RIGHT(INDEX(ExpTime,$L50),2))) | D50: =IF($L50="","",IF(INDEX(ExpBank,$L50)="","—",INDEX(ExpBank,$L50))) | E50: =IF($L50="","",IF(INDEX(ExpParty,$L50)="","—",IFERROR(VLOOKUP(INDEX(ExpParty,$L50),AcctTbl,4,0),INDEX(ExpParty,$L50)))) | F50: =IF($L50="","",IF(INDEX(ExpType,$L50)="","—",INDEX(ExpType,$L50))) | G50: =IF($L50="","",IF(INDEX(ExpDep,$L50)=0,"",INDEX(ExpDep,$L50))) | H50: =IF($L50="","",IF(INDEX(ExpWit,$L50)=0,"",INDEX(ExpWit,$L50))) | I50: =IF($B50="","",IF($I49="",0,$I49)+IF($H50="",0,$H50)-IF($G50="",0,$G50)) | J50: =IF($L50="","",IF(INDEX(ExpNote,$L50)="","—",INDEX(ExpNote,$L50))) | L50: =IFERROR(MATCH($C$5&"|"&RIGHT("000000"&34,6),ExpRankKey,0),"")
A51: 35 | B51: =IF($L51="","",INDEX(ExpNorm,$L51)) | C51: =IF($L51="","",IF(INDEX(ExpTime,$L51)="","—",LEFT(INDEX(ExpTime,$L51),2)&":"&RIGHT(INDEX(ExpTime,$L51),2))) | D51: =IF($L51="","",IF(INDEX(ExpBank,$L51)="","—",INDEX(ExpBank,$L51))) | E51: =IF($L51="","",IF(INDEX(ExpParty,$L51)="","—",IFERROR(VLOOKUP(INDEX(ExpParty,$L51),AcctTbl,4,0),INDEX(ExpParty,$L51)))) | F51: =IF($L51="","",IF(INDEX(ExpType,$L51)="","—",INDEX(ExpType,$L51))) | G51: =IF($L51="","",IF(INDEX(ExpDep,$L51)=0,"",INDEX(ExpDep,$L51))) | H51: =IF($L51="","",IF(INDEX(ExpWit,$L51)=0,"",INDEX(ExpWit,$L51))) | I51: =IF($B51="","",IF($I50="",0,$I50)+IF($H51="",0,$H51)-IF($G51="",0,$G51)) | J51: =IF($L51="","",IF(INDEX(ExpNote,$L51)="","—",INDEX(ExpNote,$L51))) | L51: =IFERROR(MATCH($C$5&"|"&RIGHT("000000"&35,6),ExpRankKey,0),"")
A52: 36 | B52: =IF($L52="","",INDEX(ExpNorm,$L52)) | C52: =IF($L52="","",IF(INDEX(ExpTime,$L52)="","—",LEFT(INDEX(ExpTime,$L52),2)&":"&RIGHT(INDEX(ExpTime,$L52),2))) | D52: =IF($L52="","",IF(INDEX(ExpBank,$L52)="","—",INDEX(ExpBank,$L52))) | E52: =IF($L52="","",IF(INDEX(ExpParty,$L52)="","—",IFERROR(VLOOKUP(INDEX(ExpParty,$L52),AcctTbl,4,0),INDEX(ExpParty,$L52)))) | F52: =IF($L52="","",IF(INDEX(ExpType,$L52)="","—",INDEX(ExpType,$L52))) | G52: =IF($L52="","",IF(INDEX(ExpDep,$L52)=0,"",INDEX(ExpDep,$L52))) | H52: =IF($L52="","",IF(INDEX(ExpWit,$L52)=0,"",INDEX(ExpWit,$L52))) | I52: =IF($B52="","",IF($I51="",0,$I51)+IF($H52="",0,$H52)-IF($G52="",0,$G52)) | J52: =IF($L52="","",IF(INDEX(ExpNote,$L52)="","—",INDEX(ExpNote,$L52))) | L52: =IFERROR(MATCH($C$5&"|"&RIGHT("000000"&36,6),ExpRankKey,0),"")
A53: 37 | B53: =IF($L53="","",INDEX(ExpNorm,$L53)) | C53: =IF($L53="","",IF(INDEX(ExpTime,$L53)="","—",LEFT(INDEX(ExpTime,$L53),2)&":"&RIGHT(INDEX(ExpTime,$L53),2))) | D53: =IF($L53="","",IF(INDEX(ExpBank,$L53)="","—",INDEX(ExpBank,$L53))) | E53: =IF($L53="","",IF(INDEX(ExpParty,$L53)="","—",IFERROR(VLOOKUP(INDEX(ExpParty,$L53),AcctTbl,4,0),INDEX(ExpParty,$L53)))) | F53: =IF($L53="","",IF(INDEX(ExpType,$L53)="","—",INDEX(ExpType,$L53))) | G53: =IF($L53="","",IF(INDEX(ExpDep,$L53)=0,"",INDEX(ExpDep,$L53))) | H53: =IF($L53="","",IF(INDEX(ExpWit,$L53)=0,"",INDEX(ExpWit,$L53))) | I53: =IF($B53="","",IF($I52="",0,$I52)+IF($H53="",0,$H53)-IF($G53="",0,$G53)) | J53: =IF($L53="","",IF(INDEX(ExpNote,$L53)="","—",INDEX(ExpNote,$L53))) | L53: =IFERROR(MATCH($C$5&"|"&RIGHT("000000"&37,6),ExpRankKey,0),"")
A54: 38 | B54: =IF($L54="","",INDEX(ExpNorm,$L54)) | C54: =IF($L54="","",IF(INDEX(ExpTime,$L54)="","—",LEFT(INDEX(ExpTime,$L54),2)&":"&RIGHT(INDEX(ExpTime,$L54),2))) | D54: =IF($L54="","",IF(INDEX(ExpBank,$L54)="","—",INDEX(ExpBank,$L54))) | E54: =IF($L54="","",IF(INDEX(ExpParty,$L54)="","—",IFERROR(VLOOKUP(INDEX(ExpParty,$L54),AcctTbl,4,0),INDEX(ExpParty,$L54)))) | F54: =IF($L54="","",IF(INDEX(ExpType,$L54)="","—",INDEX(ExpType,$L54))) | G54: =IF($L54="","",IF(INDEX(ExpDep,$L54)=0,"",INDEX(ExpDep,$L54))) | H54: =IF($L54="","",IF(INDEX(ExpWit,$L54)=0,"",INDEX(ExpWit,$L54))) | I54: =IF($B54="","",IF($I53="",0,$I53)+IF($H54="",0,$H54)-IF($G54="",0,$G54)) | J54: =IF($L54="","",IF(INDEX(ExpNote,$L54)="","—",INDEX(ExpNote,$L54))) | L54: =IFERROR(MATCH($C$5&"|"&RIGHT("000000"&38,6),ExpRankKey,0),"")
A55: 39 | B55: =IF($L55="","",INDEX(ExpNorm,$L55)) | C55: =IF($L55="","",IF(INDEX(ExpTime,$L55)="","—",LEFT(INDEX(ExpTime,$L55),2)&":"&RIGHT(INDEX(ExpTime,$L55),2))) | D55: =IF($L55="","",IF(INDEX(ExpBank,$L55)="","—",INDEX(ExpBank,$L55))) | E55: =IF($L55="","",IF(INDEX(ExpParty,$L55)="","—",IFERROR(VLOOKUP(INDEX(ExpParty,$L55),AcctTbl,4,0),INDEX(ExpParty,$L55)))) | F55: =IF($L55="","",IF(INDEX(ExpType,$L55)="","—",INDEX(ExpType,$L55))) | G55: =IF($L55="","",IF(INDEX(ExpDep,$L55)=0,"",INDEX(ExpDep,$L55))) | H55: =IF($L55="","",IF(INDEX(ExpWit,$L55)=0,"",INDEX(ExpWit,$L55))) | I55: =IF($B55="","",IF($I54="",0,$I54)+IF($H55="",0,$H55)-IF($G55="",0,$G55)) | J55: =IF($L55="","",IF(INDEX(ExpNote,$L55)="","—",INDEX(ExpNote,$L55))) | L55: =IFERROR(MATCH($C$5&"|"&RIGHT("000000"&39,6),ExpRankKey,0),"")
A56: 40 | B56: =IF($L56="","",INDEX(ExpNorm,$L56)) | C56: =IF($L56="","",IF(INDEX(ExpTime,$L56)="","—",LEFT(INDEX(ExpTime,$L56),2)&":"&RIGHT(INDEX(ExpTime,$L56),2))) | D56: =IF($L56="","",IF(INDEX(ExpBank,$L56)="","—",INDEX(ExpBank,$L56))) | E56: =IF($L56="","",IF(INDEX(ExpParty,$L56)="","—",IFERROR(VLOOKUP(INDEX(ExpParty,$L56),AcctTbl,4,0),INDEX(ExpParty,$L56)))) | F56: =IF($L56="","",IF(INDEX(ExpType,$L56)="","—",INDEX(ExpType,$L56))) | G56: =IF($L56="","",IF(INDEX(ExpDep,$L56)=0,"",INDEX(ExpDep,$L56))) | H56: =IF($L56="","",IF(INDEX(ExpWit,$L56)=0,"",INDEX(ExpWit,$L56))) | I56: =IF($B56="","",IF($I55="",0,$I55)+IF($H56="",0,$H56)-IF($G56="",0,$G56)) | J56: =IF($L56="","",IF(INDEX(ExpNote,$L56)="","—",INDEX(ExpNote,$L56))) | L56: =IFERROR(MATCH($C$5&"|"&RIGHT("000000"&40,6),ExpRankKey,0),"")
A57: 41 | B57: =IF($L57="","",INDEX(ExpNorm,$L57)) | C57: =IF($L57="","",IF(INDEX(ExpTime,$L57)="","—",LEFT(INDEX(ExpTime,$L57),2)&":"&RIGHT(INDEX(ExpTime,$L57),2))) | D57: =IF($L57="","",IF(INDEX(ExpBank,$L57)="","—",INDEX(ExpBank,$L57))) | E57: =IF($L57="","",IF(INDEX(ExpParty,$L57)="","—",IFERROR(VLOOKUP(INDEX(ExpParty,$L57),AcctTbl,4,0),INDEX(ExpParty,$L57)))) | F57: =IF($L57="","",IF(INDEX(ExpType,$L57)="","—",INDEX(ExpType,$L57))) | G57: =IF($L57="","",IF(INDEX(ExpDep,$L57)=0,"",INDEX(ExpDep,$L57))) | H57: =IF($L57="","",IF(INDEX(ExpWit,$L57)=0,"",INDEX(ExpWit,$L57))) | I57: =IF($B57="","",IF($I56="",0,$I56)+IF($H57="",0,$H57)-IF($G57="",0,$G57)) | J57: =IF($L57="","",IF(INDEX(ExpNote,$L57)="","—",INDEX(ExpNote,$L57))) | L57: =IFERROR(MATCH($C$5&"|"&RIGHT("000000"&41,6),ExpRankKey,0),"")
A58: 42 | B58: =IF($L58="","",INDEX(ExpNorm,$L58)) | C58: =IF($L58="","",IF(INDEX(ExpTime,$L58)="","—",LEFT(INDEX(ExpTime,$L58),2)&":"&RIGHT(INDEX(ExpTime,$L58),2))) | D58: =IF($L58="","",IF(INDEX(ExpBank,$L58)="","—",INDEX(ExpBank,$L58))) | E58: =IF($L58="","",IF(INDEX(ExpParty,$L58)="","—",IFERROR(VLOOKUP(INDEX(ExpParty,$L58),AcctTbl,4,0),INDEX(ExpParty,$L58)))) | F58: =IF($L58="","",IF(INDEX(ExpType,$L58)="","—",INDEX(ExpType,$L58))) | G58: =IF($L58="","",IF(INDEX(ExpDep,$L58)=0,"",INDEX(ExpDep,$L58))) | H58: =IF($L58="","",IF(INDEX(ExpWit,$L58)=0,"",INDEX(ExpWit,$L58))) | I58: =IF($B58="","",IF($I57="",0,$I57)+IF($H58="",0,$H58)-IF($G58="",0,$G58)) | J58: =IF($L58="","",IF(INDEX(ExpNote,$L58)="","—",INDEX(ExpNote,$L58))) | L58: =IFERROR(MATCH($C$5&"|"&RIGHT("000000"&42,6),ExpRankKey,0),"")
A59: 43 | B59: =IF($L59="","",INDEX(ExpNorm,$L59)) | C59: =IF($L59="","",IF(INDEX(ExpTime,$L59)="","—",LEFT(INDEX(ExpTime,$L59),2)&":"&RIGHT(INDEX(ExpTime,$L59),2))) | D59: =IF($L59="","",IF(INDEX(ExpBank,$L59)="","—",INDEX(ExpBank,$L59))) | E59: =IF($L59="","",IF(INDEX(ExpParty,$L59)="","—",IFERROR(VLOOKUP(INDEX(ExpParty,$L59),AcctTbl,4,0),INDEX(ExpParty,$L59)))) | F59: =IF($L59="","",IF(INDEX(ExpType,$L59)="","—",INDEX(ExpType,$L59))) | G59: =IF($L59="","",IF(INDEX(ExpDep,$L59)=0,"",INDEX(ExpDep,$L59))) | H59: =IF($L59="","",IF(INDEX(ExpWit,$L59)=0,"",INDEX(ExpWit,$L59))) | I59: =IF($B59="","",IF($I58="",0,$I58)+IF($H59="",0,$H59)-IF($G59="",0,$G59)) | J59: =IF($L59="","",IF(INDEX(ExpNote,$L59)="","—",INDEX(ExpNote,$L59))) | L59: =IFERROR(MATCH($C$5&"|"&RIGHT("000000"&43,6),ExpRankKey,0),"")
A60: 44 | B60: =IF($L60="","",INDEX(ExpNorm,$L60)) | C60: =IF($L60="","",IF(INDEX(ExpTime,$L60)="","—",LEFT(INDEX(ExpTime,$L60),2)&":"&RIGHT(INDEX(ExpTime,$L60),2))) | D60: =IF($L60="","",IF(INDEX(ExpBank,$L60)="","—",INDEX(ExpBank,$L60))) | E60: =IF($L60="","",IF(INDEX(ExpParty,$L60)="","—",IFERROR(VLOOKUP(INDEX(ExpParty,$L60),AcctTbl,4,0),INDEX(ExpParty,$L60)))) | F60: =IF($L60="","",IF(INDEX(ExpType,$L60)="","—",INDEX(ExpType,$L60))) | G60: =IF($L60="","",IF(INDEX(ExpDep,$L60)=0,"",INDEX(ExpDep,$L60))) | H60: =IF($L60="","",IF(INDEX(ExpWit,$L60)=0,"",INDEX(ExpWit,$L60))) | I60: =IF($B60="","",IF($I59="",0,$I59)+IF($H60="",0,$H60)-IF($G60="",0,$G60)) | J60: =IF($L60="","",IF(INDEX(ExpNote,$L60)="","—",INDEX(ExpNote,$L60))) | L60: =IFERROR(MATCH($C$5&"|"&RIGHT("000000"&44,6),ExpRankKey,0),"")
A61: 45 | B61: =IF($L61="","",INDEX(ExpNorm,$L61)) | C61: =IF($L61="","",IF(INDEX(ExpTime,$L61)="","—",LEFT(INDEX(ExpTime,$L61),2)&":"&RIGHT(INDEX(ExpTime,$L61),2))) | D61: =IF($L61="","",IF(INDEX(ExpBank,$L61)="","—",INDEX(ExpBank,$L61))) | E61: =IF($L61="","",IF(INDEX(ExpParty,$L61)="","—",IFERROR(VLOOKUP(INDEX(ExpParty,$L61),AcctTbl,4,0),INDEX(ExpParty,$L61)))) | F61: =IF($L61="","",IF(INDEX(ExpType,$L61)="","—",INDEX(ExpType,$L61))) | G61: =IF($L61="","",IF(INDEX(ExpDep,$L61)=0,"",INDEX(ExpDep,$L61))) | H61: =IF($L61="","",IF(INDEX(ExpWit,$L61)=0,"",INDEX(ExpWit,$L61))) | I61: =IF($B61="","",IF($I60="",0,$I60)+IF($H61="",0,$H61)-IF($G61="",0,$G61)) | J61: =IF($L61="","",IF(INDEX(ExpNote,$L61)="","—",INDEX(ExpNote,$L61))) | L61: =IFERROR(MATCH($C$5&"|"&RIGHT("000000"&45,6),ExpRankKey,0),"")
A62: 46 | B62: =IF($L62="","",INDEX(ExpNorm,$L62)) | C62: =IF($L62="","",IF(INDEX(ExpTime,$L62)="","—",LEFT(INDEX(ExpTime,$L62),2)&":"&RIGHT(INDEX(ExpTime,$L62),2))) | D62: =IF($L62="","",IF(INDEX(ExpBank,$L62)="","—",INDEX(ExpBank,$L62))) | E62: =IF($L62="","",IF(INDEX(ExpParty,$L62)="","—",IFERROR(VLOOKUP(INDEX(ExpParty,$L62),AcctTbl,4,0),INDEX(ExpParty,$L62)))) | F62: =IF($L62="","",IF(INDEX(ExpType,$L62)="","—",INDEX(ExpType,$L62))) | G62: =IF($L62="","",IF(INDEX(ExpDep,$L62)=0,"",INDEX(ExpDep,$L62))) | H62: =IF($L62="","",IF(INDEX(ExpWit,$L62)=0,"",INDEX(ExpWit,$L62))) | I62: =IF($B62="","",IF($I61="",0,$I61)+IF($H62="",0,$H62)-IF($G62="",0,$G62)) | J62: =IF($L62="","",IF(INDEX(ExpNote,$L62)="","—",INDEX(ExpNote,$L62))) | L62: =IFERROR(MATCH($C$5&"|"&RIGHT("000000"&46,6),ExpRankKey,0),"")
A63: 47 | B63: =IF($L63="","",INDEX(ExpNorm,$L63)) | C63: =IF($L63="","",IF(INDEX(ExpTime,$L63)="","—",LEFT(INDEX(ExpTime,$L63),2)&":"&RIGHT(INDEX(ExpTime,$L63),2))) | D63: =IF($L63="","",IF(INDEX(ExpBank,$L63)="","—",INDEX(ExpBank,$L63))) | E63: =IF($L63="","",IF(INDEX(ExpParty,$L63)="","—",IFERROR(VLOOKUP(INDEX(ExpParty,$L63),AcctTbl,4,0),INDEX(ExpParty,$L63)))) | F63: =IF($L63="","",IF(INDEX(ExpType,$L63)="","—",INDEX(ExpType,$L63))) | G63: =IF($L63="","",IF(INDEX(ExpDep,$L63)=0,"",INDEX(ExpDep,$L63))) | H63: =IF($L63="","",IF(INDEX(ExpWit,$L63)=0,"",INDEX(ExpWit,$L63))) | I63: =IF($B63="","",IF($I62="",0,$I62)+IF($H63="",0,$H63)-IF($G63="",0,$G63)) | J63: =IF($L63="","",IF(INDEX(ExpNote,$L63)="","—",INDEX(ExpNote,$L63))) | L63: =IFERROR(MATCH($C$5&"|"&RIGHT("000000"&47,6),ExpRankKey,0),"")
A64: 48 | B64: =IF($L64="","",INDEX(ExpNorm,$L64)) | C64: =IF($L64="","",IF(INDEX(ExpTime,$L64)="","—",LEFT(INDEX(ExpTime,$L64),2)&":"&RIGHT(INDEX(ExpTime,$L64),2))) | D64: =IF($L64="","",IF(INDEX(ExpBank,$L64)="","—",INDEX(ExpBank,$L64))) | E64: =IF($L64="","",IF(INDEX(ExpParty,$L64)="","—",IFERROR(VLOOKUP(INDEX(ExpParty,$L64),AcctTbl,4,0),INDEX(ExpParty,$L64)))) | F64: =IF($L64="","",IF(INDEX(ExpType,$L64)="","—",INDEX(ExpType,$L64))) | G64: =IF($L64="","",IF(INDEX(ExpDep,$L64)=0,"",INDEX(ExpDep,$L64))) | H64: =IF($L64="","",IF(INDEX(ExpWit,$L64)=0,"",INDEX(ExpWit,$L64))) | I64: =IF($B64="","",IF($I63="",0,$I63)+IF($H64="",0,$H64)-IF($G64="",0,$G64)) | J64: =IF($L64="","",IF(INDEX(ExpNote,$L64)="","—",INDEX(ExpNote,$L64))) | L64: =IFERROR(MATCH($C$5&"|"&RIGHT("000000"&48,6),ExpRankKey,0),"")
A65: 49 | B65: =IF($L65="","",INDEX(ExpNorm,$L65)) | C65: =IF($L65="","",IF(INDEX(ExpTime,$L65)="","—",LEFT(INDEX(ExpTime,$L65),2)&":"&RIGHT(INDEX(ExpTime,$L65),2))) | D65: =IF($L65="","",IF(INDEX(ExpBank,$L65)="","—",INDEX(ExpBank,$L65))) | E65: =IF($L65="","",IF(INDEX(ExpParty,$L65)="","—",IFERROR(VLOOKUP(INDEX(ExpParty,$L65),AcctTbl,4,0),INDEX(ExpParty,$L65)))) | F65: =IF($L65="","",IF(INDEX(ExpType,$L65)="","—",INDEX(ExpType,$L65))) | G65: =IF($L65="","",IF(INDEX(ExpDep,$L65)=0,"",INDEX(ExpDep,$L65))) | H65: =IF($L65="","",IF(INDEX(ExpWit,$L65)=0,"",INDEX(ExpWit,$L65))) | I65: =IF($B65="","",IF($I64="",0,$I64)+IF($H65="",0,$H65)-IF($G65="",0,$G65)) | J65: =IF($L65="","",IF(INDEX(ExpNote,$L65)="","—",INDEX(ExpNote,$L65))) | L65: =IFERROR(MATCH($C$5&"|"&RIGHT("000000"&49,6),ExpRankKey,0),"")
A66: 50 | B66: =IF($L66="","",INDEX(ExpNorm,$L66)) | C66: =IF($L66="","",IF(INDEX(ExpTime,$L66)="","—",LEFT(INDEX(ExpTime,$L66),2)&":"&RIGHT(INDEX(ExpTime,$L66),2))) | D66: =IF($L66="","",IF(INDEX(ExpBank,$L66)="","—",INDEX(ExpBank,$L66))) | E66: =IF($L66="","",IF(INDEX(ExpParty,$L66)="","—",IFERROR(VLOOKUP(INDEX(ExpParty,$L66),AcctTbl,4,0),INDEX(ExpParty,$L66)))) | F66: =IF($L66="","",IF(INDEX(ExpType,$L66)="","—",INDEX(ExpType,$L66))) | G66: =IF($L66="","",IF(INDEX(ExpDep,$L66)=0,"",INDEX(ExpDep,$L66))) | H66: =IF($L66="","",IF(INDEX(ExpWit,$L66)=0,"",INDEX(ExpWit,$L66))) | I66: =IF($B66="","",IF($I65="",0,$I65)+IF($H66="",0,$H66)-IF($G66="",0,$G66)) | J66: =IF($L66="","",IF(INDEX(ExpNote,$L66)="","—",INDEX(ExpNote,$L66))) | L66: =IFERROR(MATCH($C$5&"|"&RIGHT("000000"&50,6),ExpRankKey,0),"")
A67: 51 | B67: =IF($L67="","",INDEX(ExpNorm,$L67)) | C67: =IF($L67="","",IF(INDEX(ExpTime,$L67)="","—",LEFT(INDEX(ExpTime,$L67),2)&":"&RIGHT(INDEX(ExpTime,$L67),2))) | D67: =IF($L67="","",IF(INDEX(ExpBank,$L67)="","—",INDEX(ExpBank,$L67))) | E67: =IF($L67="","",IF(INDEX(ExpParty,$L67)="","—",IFERROR(VLOOKUP(INDEX(ExpParty,$L67),AcctTbl,4,0),INDEX(ExpParty,$L67)))) | F67: =IF($L67="","",IF(INDEX(ExpType,$L67)="","—",INDEX(ExpType,$L67))) | G67: =IF($L67="","",IF(INDEX(ExpDep,$L67)=0,"",INDEX(ExpDep,$L67))) | H67: =IF($L67="","",IF(INDEX(ExpWit,$L67)=0,"",INDEX(ExpWit,$L67))) | I67: =IF($B67="","",IF($I66="",0,$I66)+IF($H67="",0,$H67)-IF($G67="",0,$G67)) | J67: =IF($L67="","",IF(INDEX(ExpNote,$L67)="","—",INDEX(ExpNote,$L67))) | L67: =IFERROR(MATCH($C$5&"|"&RIGHT("000000"&51,6),ExpRankKey,0),"")
A68: 52 | B68: =IF($L68="","",INDEX(ExpNorm,$L68)) | C68: =IF($L68="","",IF(INDEX(ExpTime,$L68)="","—",LEFT(INDEX(ExpTime,$L68),2)&":"&RIGHT(INDEX(ExpTime,$L68),2))) | D68: =IF($L68="","",IF(INDEX(ExpBank,$L68)="","—",INDEX(ExpBank,$L68))) | E68: =IF($L68="","",IF(INDEX(ExpParty,$L68)="","—",IFERROR(VLOOKUP(INDEX(ExpParty,$L68),AcctTbl,4,0),INDEX(ExpParty,$L68)))) | F68: =IF($L68="","",IF(INDEX(ExpType,$L68)="","—",INDEX(ExpType,$L68))) | G68: =IF($L68="","",IF(INDEX(ExpDep,$L68)=0,"",INDEX(ExpDep,$L68))) | H68: =IF($L68="","",IF(INDEX(ExpWit,$L68)=0,"",INDEX(ExpWit,$L68))) | I68: =IF($B68="","",IF($I67="",0,$I67)+IF($H68="",0,$H68)-IF($G68="",0,$G68)) | J68: =IF($L68="","",IF(INDEX(ExpNote,$L68)="","—",INDEX(ExpNote,$L68))) | L68: =IFERROR(MATCH($C$5&"|"&RIGHT("000000"&52,6),ExpRankKey,0),"")
A69: 53 | B69: =IF($L69="","",INDEX(ExpNorm,$L69)) | C69: =IF($L69="","",IF(INDEX(ExpTime,$L69)="","—",LEFT(INDEX(ExpTime,$L69),2)&":"&RIGHT(INDEX(ExpTime,$L69),2))) | D69: =IF($L69="","",IF(INDEX(ExpBank,$L69)="","—",INDEX(ExpBank,$L69))) | E69: =IF($L69="","",IF(INDEX(ExpParty,$L69)="","—",IFERROR(VLOOKUP(INDEX(ExpParty,$L69),AcctTbl,4,0),INDEX(ExpParty,$L69)))) | F69: =IF($L69="","",IF(INDEX(ExpType,$L69)="","—",INDEX(ExpType,$L69))) | G69: =IF($L69="","",IF(INDEX(ExpDep,$L69)=0,"",INDEX(ExpDep,$L69))) | H69: =IF($L69="","",IF(INDEX(ExpWit,$L69)=0,"",INDEX(ExpWit,$L69))) | I69: =IF($B69="","",IF($I68="",0,$I68)+IF($H69="",0,$H69)-IF($G69="",0,$G69)) | J69: =IF($L69="","",IF(INDEX(ExpNote,$L69)="","—",INDEX(ExpNote,$L69))) | L69: =IFERROR(MATCH($C$5&"|"&RIGHT("000000"&53,6),ExpRankKey,0),"")
A70: 54 | B70: =IF($L70="","",INDEX(ExpNorm,$L70)) | C70: =IF($L70="","",IF(INDEX(ExpTime,$L70)="","—",LEFT(INDEX(ExpTime,$L70),2)&":"&RIGHT(INDEX(ExpTime,$L70),2))) | D70: =IF($L70="","",IF(INDEX(ExpBank,$L70)="","—",INDEX(ExpBank,$L70))) | E70: =IF($L70="","",IF(INDEX(ExpParty,$L70)="","—",IFERROR(VLOOKUP(INDEX(ExpParty,$L70),AcctTbl,4,0),INDEX(ExpParty,$L70)))) | F70: =IF($L70="","",IF(INDEX(ExpType,$L70)="","—",INDEX(ExpType,$L70))) | G70: =IF($L70="","",IF(INDEX(ExpDep,$L70)=0,"",INDEX(ExpDep,$L70))) | H70: =IF($L70="","",IF(INDEX(ExpWit,$L70)=0,"",INDEX(ExpWit,$L70))) | I70: =IF($B70="","",IF($I69="",0,$I69)+IF($H70="",0,$H70)-IF($G70="",0,$G70)) | J70: =IF($L70="","",IF(INDEX(ExpNote,$L70)="","—",INDEX(ExpNote,$L70))) | L70: =IFERROR(MATCH($C$5&"|"&RIGHT("000000"&54,6),ExpRankKey,0),"")
A71: 55 | B71: =IF($L71="","",INDEX(ExpNorm,$L71)) | C71: =IF($L71="","",IF(INDEX(ExpTime,$L71)="","—",LEFT(INDEX(ExpTime,$L71),2)&":"&RIGHT(INDEX(ExpTime,$L71),2))) | D71: =IF($L71="","",IF(INDEX(ExpBank,$L71)="","—",INDEX(ExpBank,$L71))) | E71: =IF($L71="","",IF(INDEX(ExpParty,$L71)="","—",IFERROR(VLOOKUP(INDEX(ExpParty,$L71),AcctTbl,4,0),INDEX(ExpParty,$L71)))) | F71: =IF($L71="","",IF(INDEX(ExpType,$L71)="","—",INDEX(ExpType,$L71))) | G71: =IF($L71="","",IF(INDEX(ExpDep,$L71)=0,"",INDEX(ExpDep,$L71))) | H71: =IF($L71="","",IF(INDEX(ExpWit,$L71)=0,"",INDEX(ExpWit,$L71))) | I71: =IF($B71="","",IF($I70="",0,$I70)+IF($H71="",0,$H71)-IF($G71="",0,$G71)) | J71: =IF($L71="","",IF(INDEX(ExpNote,$L71)="","—",INDEX(ExpNote,$L71))) | L71: =IFERROR(MATCH($C$5&"|"&RIGHT("000000"&55,6),ExpRankKey,0),"")
A72: 56 | B72: =IF($L72="","",INDEX(ExpNorm,$L72)) | C72: =IF($L72="","",IF(INDEX(ExpTime,$L72)="","—",LEFT(INDEX(ExpTime,$L72),2)&":"&RIGHT(INDEX(ExpTime,$L72),2))) | D72: =IF($L72="","",IF(INDEX(ExpBank,$L72)="","—",INDEX(ExpBank,$L72))) | E72: =IF($L72="","",IF(INDEX(ExpParty,$L72)="","—",IFERROR(VLOOKUP(INDEX(ExpParty,$L72),AcctTbl,4,0),INDEX(ExpParty,$L72)))) | F72: =IF($L72="","",IF(INDEX(ExpType,$L72)="","—",INDEX(ExpType,$L72))) | G72: =IF($L72="","",IF(INDEX(ExpDep,$L72)=0,"",INDEX(ExpDep,$L72))) | H72: =IF($L72="","",IF(INDEX(ExpWit,$L72)=0,"",INDEX(ExpWit,$L72))) | I72: =IF($B72="","",IF($I71="",0,$I71)+IF($H72="",0,$H72)-IF($G72="",0,$G72)) | J72: =IF($L72="","",IF(INDEX(ExpNote,$L72)="","—",INDEX(ExpNote,$L72))) | L72: =IFERROR(MATCH($C$5&"|"&RIGHT("000000"&56,6),ExpRankKey,0),"")
A73: 57 | B73: =IF($L73="","",INDEX(ExpNorm,$L73)) | C73: =IF($L73="","",IF(INDEX(ExpTime,$L73)="","—",LEFT(INDEX(ExpTime,$L73),2)&":"&RIGHT(INDEX(ExpTime,$L73),2))) | D73: =IF($L73="","",IF(INDEX(ExpBank,$L73)="","—",INDEX(ExpBank,$L73))) | E73: =IF($L73="","",IF(INDEX(ExpParty,$L73)="","—",IFERROR(VLOOKUP(INDEX(ExpParty,$L73),AcctTbl,4,0),INDEX(ExpParty,$L73)))) | F73: =IF($L73="","",IF(INDEX(ExpType,$L73)="","—",INDEX(ExpType,$L73))) | G73: =IF($L73="","",IF(INDEX(ExpDep,$L73)=0,"",INDEX(ExpDep,$L73))) | H73: =IF($L73="","",IF(INDEX(ExpWit,$L73)=0,"",INDEX(ExpWit,$L73))) | I73: =IF($B73="","",IF($I72="",0,$I72)+IF($H73="",0,$H73)-IF($G73="",0,$G73)) | J73: =IF($L73="","",IF(INDEX(ExpNote,$L73)="","—",INDEX(ExpNote,$L73))) | L73: =IFERROR(MATCH($C$5&"|"&RIGHT("000000"&57,6),ExpRankKey,0),"")
A74: 58 | B74: =IF($L74="","",INDEX(ExpNorm,$L74)) | C74: =IF($L74="","",IF(INDEX(ExpTime,$L74)="","—",LEFT(INDEX(ExpTime,$L74),2)&":"&RIGHT(INDEX(ExpTime,$L74),2))) | D74: =IF($L74="","",IF(INDEX(ExpBank,$L74)="","—",INDEX(ExpBank,$L74))) | E74: =IF($L74="","",IF(INDEX(ExpParty,$L74)="","—",IFERROR(VLOOKUP(INDEX(ExpParty,$L74),AcctTbl,4,0),INDEX(ExpParty,$L74)))) | F74: =IF($L74="","",IF(INDEX(ExpType,$L74)="","—",INDEX(ExpType,$L74))) | G74: =IF($L74="","",IF(INDEX(ExpDep,$L74)=0,"",INDEX(ExpDep,$L74))) | H74: =IF($L74="","",IF(INDEX(ExpWit,$L74)=0,"",INDEX(ExpWit,$L74))) | I74: =IF($B74="","",IF($I73="",0,$I73)+IF($H74="",0,$H74)-IF($G74="",0,$G74)) | J74: =IF($L74="","",IF(INDEX(ExpNote,$L74)="","—",INDEX(ExpNote,$L74))) | L74: =IFERROR(MATCH($C$5&"|"&RIGHT("000000"&58,6),ExpRankKey,0),"")
A75: 59 | B75: =IF($L75="","",INDEX(ExpNorm,$L75)) | C75: =IF($L75="","",IF(INDEX(ExpTime,$L75)="","—",LEFT(INDEX(ExpTime,$L75),2)&":"&RIGHT(INDEX(ExpTime,$L75),2))) | D75: =IF($L75="","",IF(INDEX(ExpBank,$L75)="","—",INDEX(ExpBank,$L75))) | E75: =IF($L75="","",IF(INDEX(ExpParty,$L75)="","—",IFERROR(VLOOKUP(INDEX(ExpParty,$L75),AcctTbl,4,0),INDEX(ExpParty,$L75)))) | F75: =IF($L75="","",IF(INDEX(ExpType,$L75)="","—",INDEX(ExpType,$L75))) | G75: =IF($L75="","",IF(INDEX(ExpDep,$L75)=0,"",INDEX(ExpDep,$L75))) | H75: =IF($L75="","",IF(INDEX(ExpWit,$L75)=0,"",INDEX(ExpWit,$L75))) | I75: =IF($B75="","",IF($I74="",0,$I74)+IF($H75="",0,$H75)-IF($G75="",0,$G75)) | J75: =IF($L75="","",IF(INDEX(ExpNote,$L75)="","—",INDEX(ExpNote,$L75))) | L75: =IFERROR(MATCH($C$5&"|"&RIGHT("000000"&59,6),ExpRankKey,0),"")
A76: 60 | B76: =IF($L76="","",INDEX(ExpNorm,$L76)) | C76: =IF($L76="","",IF(INDEX(ExpTime,$L76)="","—",LEFT(INDEX(ExpTime,$L76),2)&":"&RIGHT(INDEX(ExpTime,$L76),2))) | D76: =IF($L76="","",IF(INDEX(ExpBank,$L76)="","—",INDEX(ExpBank,$L76))) | E76: =IF($L76="","",IF(INDEX(ExpParty,$L76)="","—",IFERROR(VLOOKUP(INDEX(ExpParty,$L76),AcctTbl,4,0),INDEX(ExpParty,$L76)))) | F76: =IF($L76="","",IF(INDEX(ExpType,$L76)="","—",INDEX(ExpType,$L76))) | G76: =IF($L76="","",IF(INDEX(ExpDep,$L76)=0,"",INDEX(ExpDep,$L76))) | H76: =IF($L76="","",IF(INDEX(ExpWit,$L76)=0,"",INDEX(ExpWit,$L76))) | I76: =IF($B76="","",IF($I75="",0,$I75)+IF($H76="",0,$H76)-IF($G76="",0,$G76)) | J76: =IF($L76="","",IF(INDEX(ExpNote,$L76)="","—",INDEX(ExpNote,$L76))) | L76: =IFERROR(MATCH($C$5&"|"&RIGHT("000000"&60,6),ExpRankKey,0),"")
A77: 61 | B77: =IF($L77="","",INDEX(ExpNorm,$L77)) | C77: =IF($L77="","",IF(INDEX(ExpTime,$L77)="","—",LEFT(INDEX(ExpTime,$L77),2)&":"&RIGHT(INDEX(ExpTime,$L77),2))) | D77: =IF($L77="","",IF(INDEX(ExpBank,$L77)="","—",INDEX(ExpBank,$L77))) | E77: =IF($L77="","",IF(INDEX(ExpParty,$L77)="","—",IFERROR(VLOOKUP(INDEX(ExpParty,$L77),AcctTbl,4,0),INDEX(ExpParty,$L77)))) | F77: =IF($L77="","",IF(INDEX(ExpType,$L77)="","—",INDEX(ExpType,$L77))) | G77: =IF($L77="","",IF(INDEX(ExpDep,$L77)=0,"",INDEX(ExpDep,$L77))) | H77: =IF($L77="","",IF(INDEX(ExpWit,$L77)=0,"",INDEX(ExpWit,$L77))) | I77: =IF($B77="","",IF($I76="",0,$I76)+IF($H77="",0,$H77)-IF($G77="",0,$G77)) | J77: =IF($L77="","",IF(INDEX(ExpNote,$L77)="","—",INDEX(ExpNote,$L77))) | L77: =IFERROR(MATCH($C$5&"|"&RIGHT("000000"&61,6),ExpRankKey,0),"")
A78: 62 | B78: =IF($L78="","",INDEX(ExpNorm,$L78)) | C78: =IF($L78="","",IF(INDEX(ExpTime,$L78)="","—",LEFT(INDEX(ExpTime,$L78),2)&":"&RIGHT(INDEX(ExpTime,$L78),2))) | D78: =IF($L78="","",IF(INDEX(ExpBank,$L78)="","—",INDEX(ExpBank,$L78))) | E78: =IF($L78="","",IF(INDEX(ExpParty,$L78)="","—",IFERROR(VLOOKUP(INDEX(ExpParty,$L78),AcctTbl,4,0),INDEX(ExpParty,$L78)))) | F78: =IF($L78="","",IF(INDEX(ExpType,$L78)="","—",INDEX(ExpType,$L78))) | G78: =IF($L78="","",IF(INDEX(ExpDep,$L78)=0,"",INDEX(ExpDep,$L78))) | H78: =IF($L78="","",IF(INDEX(ExpWit,$L78)=0,"",INDEX(ExpWit,$L78))) | I78: =IF($B78="","",IF($I77="",0,$I77)+IF($H78="",0,$H78)-IF($G78="",0,$G78)) | J78: =IF($L78="","",IF(INDEX(ExpNote,$L78)="","—",INDEX(ExpNote,$L78))) | L78: =IFERROR(MATCH($C$5&"|"&RIGHT("000000"&62,6),ExpRankKey,0),"")
A79: 63 | B79: =IF($L79="","",INDEX(ExpNorm,$L79)) | C79: =IF($L79="","",IF(INDEX(ExpTime,$L79)="","—",LEFT(INDEX(ExpTime,$L79),2)&":"&RIGHT(INDEX(ExpTime,$L79),2))) | D79: =IF($L79="","",IF(INDEX(ExpBank,$L79)="","—",INDEX(ExpBank,$L79))) | E79: =IF($L79="","",IF(INDEX(ExpParty,$L79)="","—",IFERROR(VLOOKUP(INDEX(ExpParty,$L79),AcctTbl,4,0),INDEX(ExpParty,$L79)))) | F79: =IF($L79="","",IF(INDEX(ExpType,$L79)="","—",INDEX(ExpType,$L79))) | G79: =IF($L79="","",IF(INDEX(ExpDep,$L79)=0,"",INDEX(ExpDep,$L79))) | H79: =IF($L79="","",IF(INDEX(ExpWit,$L79)=0,"",INDEX(ExpWit,$L79))) | I79: =IF($B79="","",IF($I78="",0,$I78)+IF($H79="",0,$H79)-IF($G79="",0,$G79)) | J79: =IF($L79="","",IF(INDEX(ExpNote,$L79)="","—",INDEX(ExpNote,$L79))) | L79: =IFERROR(MATCH($C$5&"|"&RIGHT("000000"&63,6),ExpRankKey,0),"")
A80: 64 | B80: =IF($L80="","",INDEX(ExpNorm,$L80)) | C80: =IF($L80="","",IF(INDEX(ExpTime,$L80)="","—",LEFT(INDEX(ExpTime,$L80),2)&":"&RIGHT(INDEX(ExpTime,$L80),2))) | D80: =IF($L80="","",IF(INDEX(ExpBank,$L80)="","—",INDEX(ExpBank,$L80))) | E80: =IF($L80="","",IF(INDEX(ExpParty,$L80)="","—",IFERROR(VLOOKUP(INDEX(ExpParty,$L80),AcctTbl,4,0),INDEX(ExpParty,$L80)))) | F80: =IF($L80="","",IF(INDEX(ExpType,$L80)="","—",INDEX(ExpType,$L80))) | G80: =IF($L80="","",IF(INDEX(ExpDep,$L80)=0,"",INDEX(ExpDep,$L80))) | H80: =IF($L80="","",IF(INDEX(ExpWit,$L80)=0,"",INDEX(ExpWit,$L80))) | I80: =IF($B80="","",IF($I79="",0,$I79)+IF($H80="",0,$H80)-IF($G80="",0,$G80)) | J80: =IF($L80="","",IF(INDEX(ExpNote,$L80)="","—",INDEX(ExpNote,$L80))) | L80: =IFERROR(MATCH($C$5&"|"&RIGHT("000000"&64,6),ExpRankKey,0),"")
A81: 65 | B81: =IF($L81="","",INDEX(ExpNorm,$L81)) | C81: =IF($L81="","",IF(INDEX(ExpTime,$L81)="","—",LEFT(INDEX(ExpTime,$L81),2)&":"&RIGHT(INDEX(ExpTime,$L81),2))) | D81: =IF($L81="","",IF(INDEX(ExpBank,$L81)="","—",INDEX(ExpBank,$L81))) | E81: =IF($L81="","",IF(INDEX(ExpParty,$L81)="","—",IFERROR(VLOOKUP(INDEX(ExpParty,$L81),AcctTbl,4,0),INDEX(ExpParty,$L81)))) | F81: =IF($L81="","",IF(INDEX(ExpType,$L81)="","—",INDEX(ExpType,$L81))) | G81: =IF($L81="","",IF(INDEX(ExpDep,$L81)=0,"",INDEX(ExpDep,$L81))) | H81: =IF($L81="","",IF(INDEX(ExpWit,$L81)=0,"",INDEX(ExpWit,$L81))) | I81: =IF($B81="","",IF($I80="",0,$I80)+IF($H81="",0,$H81)-IF($G81="",0,$G81)) | J81: =IF($L81="","",IF(INDEX(ExpNote,$L81)="","—",INDEX(ExpNote,$L81))) | L81: =IFERROR(MATCH($C$5&"|"&RIGHT("000000"&65,6),ExpRankKey,0),"")
A82: 66 | B82: =IF($L82="","",INDEX(ExpNorm,$L82)) | C82: =IF($L82="","",IF(INDEX(ExpTime,$L82)="","—",LEFT(INDEX(ExpTime,$L82),2)&":"&RIGHT(INDEX(ExpTime,$L82),2))) | D82: =IF($L82="","",IF(INDEX(ExpBank,$L82)="","—",INDEX(ExpBank,$L82))) | E82: =IF($L82="","",IF(INDEX(ExpParty,$L82)="","—",IFERROR(VLOOKUP(INDEX(ExpParty,$L82),AcctTbl,4,0),INDEX(ExpParty,$L82)))) | F82: =IF($L82="","",IF(INDEX(ExpType,$L82)="","—",INDEX(ExpType,$L82))) | G82: =IF($L82="","",IF(INDEX(ExpDep,$L82)=0,"",INDEX(ExpDep,$L82))) | H82: =IF($L82="","",IF(INDEX(ExpWit,$L82)=0,"",INDEX(ExpWit,$L82))) | I82: =IF($B82="","",IF($I81="",0,$I81)+IF($H82="",0,$H82)-IF($G82="",0,$G82)) | J82: =IF($L82="","",IF(INDEX(ExpNote,$L82)="","—",INDEX(ExpNote,$L82))) | L82: =IFERROR(MATCH($C$5&"|"&RIGHT("000000"&66,6),ExpRankKey,0),"")
A83: 67 | B83: =IF($L83="","",INDEX(ExpNorm,$L83)) | C83: =IF($L83="","",IF(INDEX(ExpTime,$L83)="","—",LEFT(INDEX(ExpTime,$L83),2)&":"&RIGHT(INDEX(ExpTime,$L83),2))) | D83: =IF($L83="","",IF(INDEX(ExpBank,$L83)="","—",INDEX(ExpBank,$L83))) | E83: =IF($L83="","",IF(INDEX(ExpParty,$L83)="","—",IFERROR(VLOOKUP(INDEX(ExpParty,$L83),AcctTbl,4,0),INDEX(ExpParty,$L83)))) | F83: =IF($L83="","",IF(INDEX(ExpType,$L83)="","—",INDEX(ExpType,$L83))) | G83: =IF($L83="","",IF(INDEX(ExpDep,$L83)=0,"",INDEX(ExpDep,$L83))) | H83: =IF($L83="","",IF(INDEX(ExpWit,$L83)=0,"",INDEX(ExpWit,$L83))) | I83: =IF($B83="","",IF($I82="",0,$I82)+IF($H83="",0,$H83)-IF($G83="",0,$G83)) | J83: =IF($L83="","",IF(INDEX(ExpNote,$L83)="","—",INDEX(ExpNote,$L83))) | L83: =IFERROR(MATCH($C$5&"|"&RIGHT("000000"&67,6),ExpRankKey,0),"")
A84: 68 | B84: =IF($L84="","",INDEX(ExpNorm,$L84)) | C84: =IF($L84="","",IF(INDEX(ExpTime,$L84)="","—",LEFT(INDEX(ExpTime,$L84),2)&":"&RIGHT(INDEX(ExpTime,$L84),2))) | D84: =IF($L84="","",IF(INDEX(ExpBank,$L84)="","—",INDEX(ExpBank,$L84))) | E84: =IF($L84="","",IF(INDEX(ExpParty,$L84)="","—",IFERROR(VLOOKUP(INDEX(ExpParty,$L84),AcctTbl,4,0),INDEX(ExpParty,$L84)))) | F84: =IF($L84="","",IF(INDEX(ExpType,$L84)="","—",INDEX(ExpType,$L84))) | G84: =IF($L84="","",IF(INDEX(ExpDep,$L84)=0,"",INDEX(ExpDep,$L84))) | H84: =IF($L84="","",IF(INDEX(ExpWit,$L84)=0,"",INDEX(ExpWit,$L84))) | I84: =IF($B84="","",IF($I83="",0,$I83)+IF($H84="",0,$H84)-IF($G84="",0,$G84)) | J84: =IF($L84="","",IF(INDEX(ExpNote,$L84)="","—",INDEX(ExpNote,$L84))) | L84: =IFERROR(MATCH($C$5&"|"&RIGHT("000000"&68,6),ExpRankKey,0),"")
A85: 69 | B85: =IF($L85="","",INDEX(ExpNorm,$L85)) | C85: =IF($L85="","",IF(INDEX(ExpTime,$L85)="","—",LEFT(INDEX(ExpTime,$L85),2)&":"&RIGHT(INDEX(ExpTime,$L85),2))) | D85: =IF($L85="","",IF(INDEX(ExpBank,$L85)="","—",INDEX(ExpBank,$L85))) | E85: =IF($L85="","",IF(INDEX(ExpParty,$L85)="","—",IFERROR(VLOOKUP(INDEX(ExpParty,$L85),AcctTbl,4,0),INDEX(ExpParty,$L85)))) | F85: =IF($L85="","",IF(INDEX(ExpType,$L85)="","—",INDEX(ExpType,$L85))) | G85: =IF($L85="","",IF(INDEX(ExpDep,$L85)=0,"",INDEX(ExpDep,$L85))) | H85: =IF($L85="","",IF(INDEX(ExpWit,$L85)=0,"",INDEX(ExpWit,$L85))) | I85: =IF($B85="","",IF($I84="",0,$I84)+IF($H85="",0,$H85)-IF($G85="",0,$G85)) | J85: =IF($L85="","",IF(INDEX(ExpNote,$L85)="","—",INDEX(ExpNote,$L85))) | L85: =IFERROR(MATCH($C$5&"|"&RIGHT("000000"&69,6),ExpRankKey,0),"")
A86: 70 | B86: =IF($L86="","",INDEX(ExpNorm,$L86)) | C86: =IF($L86="","",IF(INDEX(ExpTime,$L86)="","—",LEFT(INDEX(ExpTime,$L86),2)&":"&RIGHT(INDEX(ExpTime,$L86),2))) | D86: =IF($L86="","",IF(INDEX(ExpBank,$L86)="","—",INDEX(ExpBank,$L86))) | E86: =IF($L86="","",IF(INDEX(ExpParty,$L86)="","—",IFERROR(VLOOKUP(INDEX(ExpParty,$L86),AcctTbl,4,0),INDEX(ExpParty,$L86)))) | F86: =IF($L86="","",IF(INDEX(ExpType,$L86)="","—",INDEX(ExpType,$L86))) | G86: =IF($L86="","",IF(INDEX(ExpDep,$L86)=0,"",INDEX(ExpDep,$L86))) | H86: =IF($L86="","",IF(INDEX(ExpWit,$L86)=0,"",INDEX(ExpWit,$L86))) | I86: =IF($B86="","",IF($I85="",0,$I85)+IF($H86="",0,$H86)-IF($G86="",0,$G86)) | J86: =IF($L86="","",IF(INDEX(ExpNote,$L86)="","—",INDEX(ExpNote,$L86))) | L86: =IFERROR(MATCH($C$5&"|"&RIGHT("000000"&70,6),ExpRankKey,0),"")
A87: 71 | B87: =IF($L87="","",INDEX(ExpNorm,$L87)) | C87: =IF($L87="","",IF(INDEX(ExpTime,$L87)="","—",LEFT(INDEX(ExpTime,$L87),2)&":"&RIGHT(INDEX(ExpTime,$L87),2))) | D87: =IF($L87="","",IF(INDEX(ExpBank,$L87)="","—",INDEX(ExpBank,$L87))) | E87: =IF($L87="","",IF(INDEX(ExpParty,$L87)="","—",IFERROR(VLOOKUP(INDEX(ExpParty,$L87),AcctTbl,4,0),INDEX(ExpParty,$L87)))) | F87: =IF($L87="","",IF(INDEX(ExpType,$L87)="","—",INDEX(ExpType,$L87))) | G87: =IF($L87="","",IF(INDEX(ExpDep,$L87)=0,"",INDEX(ExpDep,$L87))) | H87: =IF($L87="","",IF(INDEX(ExpWit,$L87)=0,"",INDEX(ExpWit,$L87))) | I87: =IF($B87="","",IF($I86="",0,$I86)+IF($H87="",0,$H87)-IF($G87="",0,$G87)) | J87: =IF($L87="","",IF(INDEX(ExpNote,$L87)="","—",INDEX(ExpNote,$L87))) | L87: =IFERROR(MATCH($C$5&"|"&RIGHT("000000"&71,6),ExpRankKey,0),"")
A88: 72 | B88: =IF($L88="","",INDEX(ExpNorm,$L88)) | C88: =IF($L88="","",IF(INDEX(ExpTime,$L88)="","—",LEFT(INDEX(ExpTime,$L88),2)&":"&RIGHT(INDEX(ExpTime,$L88),2))) | D88: =IF($L88="","",IF(INDEX(ExpBank,$L88)="","—",INDEX(ExpBank,$L88))) | E88: =IF($L88="","",IF(INDEX(ExpParty,$L88)="","—",IFERROR(VLOOKUP(INDEX(ExpParty,$L88),AcctTbl,4,0),INDEX(ExpParty,$L88)))) | F88: =IF($L88="","",IF(INDEX(ExpType,$L88)="","—",INDEX(ExpType,$L88))) | G88: =IF($L88="","",IF(INDEX(ExpDep,$L88)=0,"",INDEX(ExpDep,$L88))) | H88: =IF($L88="","",IF(INDEX(ExpWit,$L88)=0,"",INDEX(ExpWit,$L88))) | I88: =IF($B88="","",IF($I87="",0,$I87)+IF($H88="",0,$H88)-IF($G88="",0,$G88)) | J88: =IF($L88="","",IF(INDEX(ExpNote,$L88)="","—",INDEX(ExpNote,$L88))) | L88: =IFERROR(MATCH($C$5&"|"&RIGHT("000000"&72,6),ExpRankKey,0),"")
A89: 73 | B89: =IF($L89="","",INDEX(ExpNorm,$L89)) | C89: =IF($L89="","",IF(INDEX(ExpTime,$L89)="","—",LEFT(INDEX(ExpTime,$L89),2)&":"&RIGHT(INDEX(ExpTime,$L89),2))) | D89: =IF($L89="","",IF(INDEX(ExpBank,$L89)="","—",INDEX(ExpBank,$L89))) | E89: =IF($L89="","",IF(INDEX(ExpParty,$L89)="","—",IFERROR(VLOOKUP(INDEX(ExpParty,$L89),AcctTbl,4,0),INDEX(ExpParty,$L89)))) | F89: =IF($L89="","",IF(INDEX(ExpType,$L89)="","—",INDEX(ExpType,$L89))) | G89: =IF($L89="","",IF(INDEX(ExpDep,$L89)=0,"",INDEX(ExpDep,$L89))) | H89: =IF($L89="","",IF(INDEX(ExpWit,$L89)=0,"",INDEX(ExpWit,$L89))) | I89: =IF($B89="","",IF($I88="",0,$I88)+IF($H89="",0,$H89)-IF($G89="",0,$G89)) | J89: =IF($L89="","",IF(INDEX(ExpNote,$L89)="","—",INDEX(ExpNote,$L89))) | L89: =IFERROR(MATCH($C$5&"|"&RIGHT("000000"&73,6),ExpRankKey,0),"")
A90: 74 | B90: =IF($L90="","",INDEX(ExpNorm,$L90)) | C90: =IF($L90="","",IF(INDEX(ExpTime,$L90)="","—",LEFT(INDEX(ExpTime,$L90),2)&":"&RIGHT(INDEX(ExpTime,$L90),2))) | D90: =IF($L90="","",IF(INDEX(ExpBank,$L90)="","—",INDEX(ExpBank,$L90))) | E90: =IF($L90="","",IF(INDEX(ExpParty,$L90)="","—",IFERROR(VLOOKUP(INDEX(ExpParty,$L90),AcctTbl,4,0),INDEX(ExpParty,$L90)))) | F90: =IF($L90="","",IF(INDEX(ExpType,$L90)="","—",INDEX(ExpType,$L90))) | G90: =IF($L90="","",IF(INDEX(ExpDep,$L90)=0,"",INDEX(ExpDep,$L90))) | H90: =IF($L90="","",IF(INDEX(ExpWit,$L90)=0,"",INDEX(ExpWit,$L90))) | I90: =IF($B90="","",IF($I89="",0,$I89)+IF($H90="",0,$H90)-IF($G90="",0,$G90)) | J90: =IF($L90="","",IF(INDEX(ExpNote,$L90)="","—",INDEX(ExpNote,$L90))) | L90: =IFERROR(MATCH($C$5&"|"&RIGHT("000000"&74,6),ExpRankKey,0),"")
A91: 75 | B91: =IF($L91="","",INDEX(ExpNorm,$L91)) | C91: =IF($L91="","",IF(INDEX(ExpTime,$L91)="","—",LEFT(INDEX(ExpTime,$L91),2)&":"&RIGHT(INDEX(ExpTime,$L91),2))) | D91: =IF($L91="","",IF(INDEX(ExpBank,$L91)="","—",INDEX(ExpBank,$L91))) | E91: =IF($L91="","",IF(INDEX(ExpParty,$L91)="","—",IFERROR(VLOOKUP(INDEX(ExpParty,$L91),AcctTbl,4,0),INDEX(ExpParty,$L91)))) | F91: =IF($L91="","",IF(INDEX(ExpType,$L91)="","—",INDEX(ExpType,$L91))) | G91: =IF($L91="","",IF(INDEX(ExpDep,$L91)=0,"",INDEX(ExpDep,$L91))) | H91: =IF($L91="","",IF(INDEX(ExpWit,$L91)=0,"",INDEX(ExpWit,$L91))) | I91: =IF($B91="","",IF($I90="",0,$I90)+IF($H91="",0,$H91)-IF($G91="",0,$G91)) | J91: =IF($L91="","",IF(INDEX(ExpNote,$L91)="","—",INDEX(ExpNote,$L91))) | L91: =IFERROR(MATCH($C$5&"|"&RIGHT("000000"&75,6),ExpRankKey,0),"")
A92: 76 | B92: =IF($L92="","",INDEX(ExpNorm,$L92)) | C92: =IF($L92="","",IF(INDEX(ExpTime,$L92)="","—",LEFT(INDEX(ExpTime,$L92),2)&":"&RIGHT(INDEX(ExpTime,$L92),2))) | D92: =IF($L92="","",IF(INDEX(ExpBank,$L92)="","—",INDEX(ExpBank,$L92))) | E92: =IF($L92="","",IF(INDEX(ExpParty,$L92)="","—",IFERROR(VLOOKUP(INDEX(ExpParty,$L92),AcctTbl,4,0),INDEX(ExpParty,$L92)))) | F92: =IF($L92="","",IF(INDEX(ExpType,$L92)="","—",INDEX(ExpType,$L92))) | G92: =IF($L92="","",IF(INDEX(ExpDep,$L92)=0,"",INDEX(ExpDep,$L92))) | H92: =IF($L92="","",IF(INDEX(ExpWit,$L92)=0,"",INDEX(ExpWit,$L92))) | I92: =IF($B92="","",IF($I91="",0,$I91)+IF($H92="",0,$H92)-IF($G92="",0,$G92)) | J92: =IF($L92="","",IF(INDEX(ExpNote,$L92)="","—",INDEX(ExpNote,$L92))) | L92: =IFERROR(MATCH($C$5&"|"&RIGHT("000000"&76,6),ExpRankKey,0),"")
A93: 77 | B93: =IF($L93="","",INDEX(ExpNorm,$L93)) | C93: =IF($L93="","",IF(INDEX(ExpTime,$L93)="","—",LEFT(INDEX(ExpTime,$L93),2)&":"&RIGHT(INDEX(ExpTime,$L93),2))) | D93: =IF($L93="","",IF(INDEX(ExpBank,$L93)="","—",INDEX(ExpBank,$L93))) | E93: =IF($L93="","",IF(INDEX(ExpParty,$L93)="","—",IFERROR(VLOOKUP(INDEX(ExpParty,$L93),AcctTbl,4,0),INDEX(ExpParty,$L93)))) | F93: =IF($L93="","",IF(INDEX(ExpType,$L93)="","—",INDEX(ExpType,$L93))) | G93: =IF($L93="","",IF(INDEX(ExpDep,$L93)=0,"",INDEX(ExpDep,$L93))) | H93: =IF($L93="","",IF(INDEX(ExpWit,$L93)=0,"",INDEX(ExpWit,$L93))) | I93: =IF($B93="","",IF($I92="",0,$I92)+IF($H93="",0,$H93)-IF($G93="",0,$G93)) | J93: =IF($L93="","",IF(INDEX(ExpNote,$L93)="","—",INDEX(ExpNote,$L93))) | L93: =IFERROR(MATCH($C$5&"|"&RIGHT("000000"&77,6),ExpRankKey,0),"")
A94: 78 | B94: =IF($L94="","",INDEX(ExpNorm,$L94)) | C94: =IF($L94="","",IF(INDEX(ExpTime,$L94)="","—",LEFT(INDEX(ExpTime,$L94),2)&":"&RIGHT(INDEX(ExpTime,$L94),2))) | D94: =IF($L94="","",IF(INDEX(ExpBank,$L94)="","—",INDEX(ExpBank,$L94))) | E94: =IF($L94="","",IF(INDEX(ExpParty,$L94)="","—",IFERROR(VLOOKUP(INDEX(ExpParty,$L94),AcctTbl,4,0),INDEX(ExpParty,$L94)))) | F94: =IF($L94="","",IF(INDEX(ExpType,$L94)="","—",INDEX(ExpType,$L94))) | G94: =IF($L94="","",IF(INDEX(ExpDep,$L94)=0,"",INDEX(ExpDep,$L94))) | H94: =IF($L94="","",IF(INDEX(ExpWit,$L94)=0,"",INDEX(ExpWit,$L94))) | I94: =IF($B94="","",IF($I93="",0,$I93)+IF($H94="",0,$H94)-IF($G94="",0,$G94)) | J94: =IF($L94="","",IF(INDEX(ExpNote,$L94)="","—",INDEX(ExpNote,$L94))) | L94: =IFERROR(MATCH($C$5&"|"&RIGHT("000000"&78,6),ExpRankKey,0),"")
A95: 79 | B95: =IF($L95="","",INDEX(ExpNorm,$L95)) | C95: =IF($L95="","",IF(INDEX(ExpTime,$L95)="","—",LEFT(INDEX(ExpTime,$L95),2)&":"&RIGHT(INDEX(ExpTime,$L95),2))) | D95: =IF($L95="","",IF(INDEX(ExpBank,$L95)="","—",INDEX(ExpBank,$L95))) | E95: =IF($L95="","",IF(INDEX(ExpParty,$L95)="","—",IFERROR(VLOOKUP(INDEX(ExpParty,$L95),AcctTbl,4,0),INDEX(ExpParty,$L95)))) | F95: =IF($L95="","",IF(INDEX(ExpType,$L95)="","—",INDEX(ExpType,$L95))) | G95: =IF($L95="","",IF(INDEX(ExpDep,$L95)=0,"",INDEX(ExpDep,$L95))) | H95: =IF($L95="","",IF(INDEX(ExpWit,$L95)=0,"",INDEX(ExpWit,$L95))) | I95: =IF($B95="","",IF($I94="",0,$I94)+IF($H95="",0,$H95)-IF($G95="",0,$G95)) | J95: =IF($L95="","",IF(INDEX(ExpNote,$L95)="","—",INDEX(ExpNote,$L95))) | L95: =IFERROR(MATCH($C$5&"|"&RIGHT("000000"&79,6),ExpRankKey,0),"")
A96: 80 | B96: =IF($L96="","",INDEX(ExpNorm,$L96)) | C96: =IF($L96="","",IF(INDEX(ExpTime,$L96)="","—",LEFT(INDEX(ExpTime,$L96),2)&":"&RIGHT(INDEX(ExpTime,$L96),2))) | D96: =IF($L96="","",IF(INDEX(ExpBank,$L96)="","—",INDEX(ExpBank,$L96))) | E96: =IF($L96="","",IF(INDEX(ExpParty,$L96)="","—",IFERROR(VLOOKUP(INDEX(ExpParty,$L96),AcctTbl,4,0),INDEX(ExpParty,$L96)))) | F96: =IF($L96="","",IF(INDEX(ExpType,$L96)="","—",INDEX(ExpType,$L96))) | G96: =IF($L96="","",IF(INDEX(ExpDep,$L96)=0,"",INDEX(ExpDep,$L96))) | H96: =IF($L96="","",IF(INDEX(ExpWit,$L96)=0,"",INDEX(ExpWit,$L96))) | I96: =IF($B96="","",IF($I95="",0,$I95)+IF($H96="",0,$H96)-IF($G96="",0,$G96)) | J96: =IF($L96="","",IF(INDEX(ExpNote,$L96)="","—",INDEX(ExpNote,$L96))) | L96: =IFERROR(MATCH($C$5&"|"&RIGHT("000000"&80,6),ExpRankKey,0),"")
A97: 81 | B97: =IF($L97="","",INDEX(ExpNorm,$L97)) | C97: =IF($L97="","",IF(INDEX(ExpTime,$L97)="","—",LEFT(INDEX(ExpTime,$L97),2)&":"&RIGHT(INDEX(ExpTime,$L97),2))) | D97: =IF($L97="","",IF(INDEX(ExpBank,$L97)="","—",INDEX(ExpBank,$L97))) | E97: =IF($L97="","",IF(INDEX(ExpParty,$L97)="","—",IFERROR(VLOOKUP(INDEX(ExpParty,$L97),AcctTbl,4,0),INDEX(ExpParty,$L97)))) | F97: =IF($L97="","",IF(INDEX(ExpType,$L97)="","—",INDEX(ExpType,$L97))) | G97: =IF($L97="","",IF(INDEX(ExpDep,$L97)=0,"",INDEX(ExpDep,$L97))) | H97: =IF($L97="","",IF(INDEX(ExpWit,$L97)=0,"",INDEX(ExpWit,$L97))) | I97: =IF($B97="","",IF($I96="",0,$I96)+IF($H97="",0,$H97)-IF($G97="",0,$G97)) | J97: =IF($L97="","",IF(INDEX(ExpNote,$L97)="","—",INDEX(ExpNote,$L97))) | L97: =IFERROR(MATCH($C$5&"|"&RIGHT("000000"&81,6),ExpRankKey,0),"")
A98: 82 | B98: =IF($L98="","",INDEX(ExpNorm,$L98)) | C98: =IF($L98="","",IF(INDEX(ExpTime,$L98)="","—",LEFT(INDEX(ExpTime,$L98),2)&":"&RIGHT(INDEX(ExpTime,$L98),2))) | D98: =IF($L98="","",IF(INDEX(ExpBank,$L98)="","—",INDEX(ExpBank,$L98))) | E98: =IF($L98="","",IF(INDEX(ExpParty,$L98)="","—",IFERROR(VLOOKUP(INDEX(ExpParty,$L98),AcctTbl,4,0),INDEX(ExpParty,$L98)))) | F98: =IF($L98="","",IF(INDEX(ExpType,$L98)="","—",INDEX(ExpType,$L98))) | G98: =IF($L98="","",IF(INDEX(ExpDep,$L98)=0,"",INDEX(ExpDep,$L98))) | H98: =IF($L98="","",IF(INDEX(ExpWit,$L98)=0,"",INDEX(ExpWit,$L98))) | I98: =IF($B98="","",IF($I97="",0,$I97)+IF($H98="",0,$H98)-IF($G98="",0,$G98)) | J98: =IF($L98="","",IF(INDEX(ExpNote,$L98)="","—",INDEX(ExpNote,$L98))) | L98: =IFERROR(MATCH($C$5&"|"&RIGHT("000000"&82,6),ExpRankKey,0),"")
A99: 83 | B99: =IF($L99="","",INDEX(ExpNorm,$L99)) | C99: =IF($L99="","",IF(INDEX(ExpTime,$L99)="","—",LEFT(INDEX(ExpTime,$L99),2)&":"&RIGHT(INDEX(ExpTime,$L99),2))) | D99: =IF($L99="","",IF(INDEX(ExpBank,$L99)="","—",INDEX(ExpBank,$L99))) | E99: =IF($L99="","",IF(INDEX(ExpParty,$L99)="","—",IFERROR(VLOOKUP(INDEX(ExpParty,$L99),AcctTbl,4,0),INDEX(ExpParty,$L99)))) | F99: =IF($L99="","",IF(INDEX(ExpType,$L99)="","—",INDEX(ExpType,$L99))) | G99: =IF($L99="","",IF(INDEX(ExpDep,$L99)=0,"",INDEX(ExpDep,$L99))) | H99: =IF($L99="","",IF(INDEX(ExpWit,$L99)=0,"",INDEX(ExpWit,$L99))) | I99: =IF($B99="","",IF($I98="",0,$I98)+IF($H99="",0,$H99)-IF($G99="",0,$G99)) | J99: =IF($L99="","",IF(INDEX(ExpNote,$L99)="","—",INDEX(ExpNote,$L99))) | L99: =IFERROR(MATCH($C$5&"|"&RIGHT("000000"&83,6),ExpRankKey,0),"")
A100: 84 | B100: =IF($L100="","",INDEX(ExpNorm,$L100)) | C100: =IF($L100="","",IF(INDEX(ExpTime,$L100)="","—",LEFT(INDEX(ExpTime,$L100),2)&":"&RIGHT(INDEX(ExpTime,$L100),2))) | D100: =IF($L100="","",IF(INDEX(ExpBank,$L100)="","—",INDEX(ExpBank,$L100))) | E100: =IF($L100="","",IF(INDEX(ExpParty,$L100)="","—",IFERROR(VLOOKUP(INDEX(ExpParty,$L100),AcctTbl,4,0),INDEX(ExpParty,$L100)))) | F100: =IF($L100="","",IF(INDEX(ExpType,$L100)="","—",INDEX(ExpType,$L100))) | G100: =IF($L100="","",IF(INDEX(ExpDep,$L100)=0,"",INDEX(ExpDep,$L100))) | H100: =IF($L100="","",IF(INDEX(ExpWit,$L100)=0,"",INDEX(ExpWit,$L100))) | I100: =IF($B100="","",IF($I99="",0,$I99)+IF($H100="",0,$H100)-IF($G100="",0,$G100)) | J100: =IF($L100="","",IF(INDEX(ExpNote,$L100)="","—",INDEX(ExpNote,$L100))) | L100: =IFERROR(MATCH($C$5&"|"&RIGHT("000000"&84,6),ExpRankKey,0),"")
A101: 85 | B101: =IF($L101="","",INDEX(ExpNorm,$L101)) | C101: =IF($L101="","",IF(INDEX(ExpTime,$L101)="","—",LEFT(INDEX(ExpTime,$L101),2)&":"&RIGHT(INDEX(ExpTime,$L101),2))) | D101: =IF($L101="","",IF(INDEX(ExpBank,$L101)="","—",INDEX(ExpBank,$L101))) | E101: =IF($L101="","",IF(INDEX(ExpParty,$L101)="","—",IFERROR(VLOOKUP(INDEX(ExpParty,$L101),AcctTbl,4,0),INDEX(ExpParty,$L101)))) | F101: =IF($L101="","",IF(INDEX(ExpType,$L101)="","—",INDEX(ExpType,$L101))) | G101: =IF($L101="","",IF(INDEX(ExpDep,$L101)=0,"",INDEX(ExpDep,$L101))) | H101: =IF($L101="","",IF(INDEX(ExpWit,$L101)=0,"",INDEX(ExpWit,$L101))) | I101: =IF($B101="","",IF($I100="",0,$I100)+IF($H101="",0,$H101)-IF($G101="",0,$G101)) | J101: =IF($L101="","",IF(INDEX(ExpNote,$L101)="","—",INDEX(ExpNote,$L101))) | L101: =IFERROR(MATCH($C$5&"|"&RIGHT("000000"&85,6),ExpRankKey,0),"")
A102: 86 | B102: =IF($L102="","",INDEX(ExpNorm,$L102)) | C102: =IF($L102="","",IF(INDEX(ExpTime,$L102)="","—",LEFT(INDEX(ExpTime,$L102),2)&":"&RIGHT(INDEX(ExpTime,$L102),2))) | D102: =IF($L102="","",IF(INDEX(ExpBank,$L102)="","—",INDEX(ExpBank,$L102))) | E102: =IF($L102="","",IF(INDEX(ExpParty,$L102)="","—",IFERROR(VLOOKUP(INDEX(ExpParty,$L102),AcctTbl,4,0),INDEX(ExpParty,$L102)))) | F102: =IF($L102="","",IF(INDEX(ExpType,$L102)="","—",INDEX(ExpType,$L102))) | G102: =IF($L102="","",IF(INDEX(ExpDep,$L102)=0,"",INDEX(ExpDep,$L102))) | H102: =IF($L102="","",IF(INDEX(ExpWit,$L102)=0,"",INDEX(ExpWit,$L102))) | I102: =IF($B102="","",IF($I101="",0,$I101)+IF($H102="",0,$H102)-IF($G102="",0,$G102)) | J102: =IF($L102="","",IF(INDEX(ExpNote,$L102)="","—",INDEX(ExpNote,$L102))) | L102: =IFERROR(MATCH($C$5&"|"&RIGHT("000000"&86,6),ExpRankKey,0),"")
...

Sheet Summary
A1: =IF(Sync!$AE$6="","مازندشت",Sync!$AE$6)&" — "&IF(Sync!$AE$9="","سورتینگ و بسته‌بندی مرکبات",Sync!$AE$9)
A2: =IF(Sync!$AE$7="","باغدشت، بخش مرکزی، شهرستان قائم‌شهر، استان مازندران، ایران",Sync!$AE$7)&" | MAZANDASHT · CITRUS SORTING & PACKING"
A3: خلاصه و تحلیل هزینه‌ها به تفکیک زیرگروه — گروه اصلی: هزینه
A4: منبع: تراکنش‌های ثبت‌شده در فایل واریز/برداشت (Transactions.xlsx ← شیت Entry) با گروه «هزینه». زیرگروه‌ها در فایل مادر (INFO ← شیت SubGroups) تعریف می‌شوند.
A5: جمع خالص هزینه (ریال) | C5: جمع برداشت (ریال) | E5: جمع واریز/بازگشت (ریال) | G5: تعداد ردیف هزینه
A6: =G111 | C6: =F111 | E6: =E111 | G6: =D111
A8: ردیف | B8: کد زیرگروه | C8: عنوان زیرگروه | D8: تعداد ردیف | E8: جمع واریز (ریال) | F8: جمع برداشت (ریال) | G8: خالص هزینه (ریال) | H8: سهم از کل
A9: No. | B9: Code | C9: Subgroup | D9: Entries | E9: Deposits | F9: Withdrawals | G9: Net | H9: Share
A10: =IF(ROW()-9>NSubExp,"",ROW()-9) | B10: =IF($A10="","",IF($A10<=NSubExp,INDEX(PkSubExp,$A10),"")) | C10: =IF($B10="","",IFERROR(VLOOKUP($B10,SubTbl,3,0),"—")) | D10: =IF($B10="","",COUNTIFS(ExpSub,$B10,ExpGroup,"هزینه")) | E10: =IF($B10="","",SUMIFS(ExpDep,ExpSub,$B10,ExpGroup,"هزینه")) | F10: =IF($B10="","",SUMIFS(ExpWit,ExpSub,$B10,ExpGroup,"هزینه")) | G10: =IF($B10="","",$F10-$E10) | H10: =IF(OR($B10="",$G$111=0),"",$G10/$G$111)
A11: =IF(ROW()-9>NSubExp,"",ROW()-9) | B11: =IF($A11="","",IF($A11<=NSubExp,INDEX(PkSubExp,$A11),"")) | C11: =IF($B11="","",IFERROR(VLOOKUP($B11,SubTbl,3,0),"—")) | D11: =IF($B11="","",COUNTIFS(ExpSub,$B11,ExpGroup,"هزینه")) | E11: =IF($B11="","",SUMIFS(ExpDep,ExpSub,$B11,ExpGroup,"هزینه")) | F11: =IF($B11="","",SUMIFS(ExpWit,ExpSub,$B11,ExpGroup,"هزینه")) | G11: =IF($B11="","",$F11-$E11) | H11: =IF(OR($B11="",$G$111=0),"",$G11/$G$111)
A12: =IF(ROW()-9>NSubExp,"",ROW()-9) | B12: =IF($A12="","",IF($A12<=NSubExp,INDEX(PkSubExp,$A12),"")) | C12: =IF($B12="","",IFERROR(VLOOKUP($B12,SubTbl,3,0),"—")) | D12: =IF($B12="","",COUNTIFS(ExpSub,$B12,ExpGroup,"هزینه")) | E12: =IF($B12="","",SUMIFS(ExpDep,ExpSub,$B12,ExpGroup,"هزینه")) | F12: =IF($B12="","",SUMIFS(ExpWit,ExpSub,$B12,ExpGroup,"هزینه")) | G12: =IF($B12="","",$F12-$E12) | H12: =IF(OR($B12="",$G$111=0),"",$G12/$G$111)
A13: =IF(ROW()-9>NSubExp,"",ROW()-9) | B13: =IF($A13="","",IF($A13<=NSubExp,INDEX(PkSubExp,$A13),"")) | C13: =IF($B13="","",IFERROR(VLOOKUP($B13,SubTbl,3,0),"—")) | D13: =IF($B13="","",COUNTIFS(ExpSub,$B13,ExpGroup,"هزینه")) | E13: =IF($B13="","",SUMIFS(ExpDep,ExpSub,$B13,ExpGroup,"هزینه")) | F13: =IF($B13="","",SUMIFS(ExpWit,ExpSub,$B13,ExpGroup,"هزینه")) | G13: =IF($B13="","",$F13-$E13) | H13: =IF(OR($B13="",$G$111=0),"",$G13/$G$111)
A14: =IF(ROW()-9>NSubExp,"",ROW()-9) | B14: =IF($A14="","",IF($A14<=NSubExp,INDEX(PkSubExp,$A14),"")) | C14: =IF($B14="","",IFERROR(VLOOKUP($B14,SubTbl,3,0),"—")) | D14: =IF($B14="","",COUNTIFS(ExpSub,$B14,ExpGroup,"هزینه")) | E14: =IF($B14="","",SUMIFS(ExpDep,ExpSub,$B14,ExpGroup,"هزینه")) | F14: =IF($B14="","",SUMIFS(ExpWit,ExpSub,$B14,ExpGroup,"هزینه")) | G14: =IF($B14="","",$F14-$E14) | H14: =IF(OR($B14="",$G$111=0),"",$G14/$G$111)
A15: =IF(ROW()-9>NSubExp,"",ROW()-9) | B15: =IF($A15="","",IF($A15<=NSubExp,INDEX(PkSubExp,$A15),"")) | C15: =IF($B15="","",IFERROR(VLOOKUP($B15,SubTbl,3,0),"—")) | D15: =IF($B15="","",COUNTIFS(ExpSub,$B15,ExpGroup,"هزینه")) | E15: =IF($B15="","",SUMIFS(ExpDep,ExpSub,$B15,ExpGroup,"هزینه")) | F15: =IF($B15="","",SUMIFS(ExpWit,ExpSub,$B15,ExpGroup,"هزینه")) | G15: =IF($B15="","",$F15-$E15) | H15: =IF(OR($B15="",$G$111=0),"",$G15/$G$111)
A16: =IF(ROW()-9>NSubExp,"",ROW()-9) | B16: =IF($A16="","",IF($A16<=NSubExp,INDEX(PkSubExp,$A16),"")) | C16: =IF($B16="","",IFERROR(VLOOKUP($B16,SubTbl,3,0),"—")) | D16: =IF($B16="","",COUNTIFS(ExpSub,$B16,ExpGroup,"هزینه")) | E16: =IF($B16="","",SUMIFS(ExpDep,ExpSub,$B16,ExpGroup,"هزینه")) | F16: =IF($B16="","",SUMIFS(ExpWit,ExpSub,$B16,ExpGroup,"هزینه")) | G16: =IF($B16="","",$F16-$E16) | H16: =IF(OR($B16="",$G$111=0),"",$G16/$G$111)
A17: =IF(ROW()-9>NSubExp,"",ROW()-9) | B17: =IF($A17="","",IF($A17<=NSubExp,INDEX(PkSubExp,$A17),"")) | C17: =IF($B17="","",IFERROR(VLOOKUP($B17,SubTbl,3,0),"—")) | D17: =IF($B17="","",COUNTIFS(ExpSub,$B17,ExpGroup,"هزینه")) | E17: =IF($B17="","",SUMIFS(ExpDep,ExpSub,$B17,ExpGroup,"هزینه")) | F17: =IF($B17="","",SUMIFS(ExpWit,ExpSub,$B17,ExpGroup,"هزینه")) | G17: =IF($B17="","",$F17-$E17) | H17: =IF(OR($B17="",$G$111=0),"",$G17/$G$111)
A18: =IF(ROW()-9>NSubExp,"",ROW()-9) | B18: =IF($A18="","",IF($A18<=NSubExp,INDEX(PkSubExp,$A18),"")) | C18: =IF($B18="","",IFERROR(VLOOKUP($B18,SubTbl,3,0),"—")) | D18: =IF($B18="","",COUNTIFS(ExpSub,$B18,ExpGroup,"هزینه")) | E18: =IF($B18="","",SUMIFS(ExpDep,ExpSub,$B18,ExpGroup,"هزینه")) | F18: =IF($B18="","",SUMIFS(ExpWit,ExpSub,$B18,ExpGroup,"هزینه")) | G18: =IF($B18="","",$F18-$E18) | H18: =IF(OR($B18="",$G$111=0),"",$G18/$G$111)
A19: =IF(ROW()-9>NSubExp,"",ROW()-9) | B19: =IF($A19="","",IF($A19<=NSubExp,INDEX(PkSubExp,$A19),"")) | C19: =IF($B19="","",IFERROR(VLOOKUP($B19,SubTbl,3,0),"—")) | D19: =IF($B19="","",COUNTIFS(ExpSub,$B19,ExpGroup,"هزینه")) | E19: =IF($B19="","",SUMIFS(ExpDep,ExpSub,$B19,ExpGroup,"هزینه")) | F19: =IF($B19="","",SUMIFS(ExpWit,ExpSub,$B19,ExpGroup,"هزینه")) | G19: =IF($B19="","",$F19-$E19) | H19: =IF(OR($B19="",$G$111=0),"",$G19/$G$111)
A20: =IF(ROW()-9>NSubExp,"",ROW()-9) | B20: =IF($A20="","",IF($A20<=NSubExp,INDEX(PkSubExp,$A20),"")) | C20: =IF($B20="","",IFERROR(VLOOKUP($B20,SubTbl,3,0),"—")) | D20: =IF($B20="","",COUNTIFS(ExpSub,$B20,ExpGroup,"هزینه")) | E20: =IF($B20="","",SUMIFS(ExpDep,ExpSub,$B20,ExpGroup,"هزینه")) | F20: =IF($B20="","",SUMIFS(ExpWit,ExpSub,$B20,ExpGroup,"هزینه")) | G20: =IF($B20="","",$F20-$E20) | H20: =IF(OR($B20="",$G$111=0),"",$G20/$G$111)
A21: =IF(ROW()-9>NSubExp,"",ROW()-9) | B21: =IF($A21="","",IF($A21<=NSubExp,INDEX(PkSubExp,$A21),"")) | C21: =IF($B21="","",IFERROR(VLOOKUP($B21,SubTbl,3,0),"—")) | D21: =IF($B21="","",COUNTIFS(ExpSub,$B21,ExpGroup,"هزینه")) | E21: =IF($B21="","",SUMIFS(ExpDep,ExpSub,$B21,ExpGroup,"هزینه")) | F21: =IF($B21="","",SUMIFS(ExpWit,ExpSub,$B21,ExpGroup,"هزینه")) | G21: =IF($B21="","",$F21-$E21) | H21: =IF(OR($B21="",$G$111=0),"",$G21/$G$111)
... A109: =IF(ROW()-9>NSubExp,"",ROW()-9) | B109: =IF($A109="","",IF($A109<=NSubExp,INDEX(PkSubExp,$A109),"")) | C109: =IF($B109="","",IFERROR(VLOOKUP($B109,SubTbl,3,0),"—")) | D109: =IF($B109="","",COUNTIFS(ExpSub,$B109,ExpGroup,"هزینه")) | E109: =IF($B109="","",SUMIFS(ExpDep,ExpSub,$B109,ExpGroup,"هزینه")) | F109: =IF($B109="","",SUMIFS(ExpWit,ExpSub,$B109,ExpGroup,"هزینه")) | G109: =IF($B109="","",$F109-$E109) | H109: =IF(OR($B109="",$G$111=0),"",$G109/$G$111)
A110: — | C110: (بدون زیرگروه) | D110: =COUNTIF(ExpGroup,"هزینه")-SUM(D10:D109) | E110: =SUMIF(ExpGroup,"هزینه",ExpDep)-SUM(E10:E109) | F110: =SUMIF(ExpGroup,"هزینه",ExpWit)-SUM(F10:F109) | G110: =F110-E110 | H110: =IF($G$111=0,"",$G110/$G$111)
A111: جمع کل | D111: =SUM(D10:D110) | E111: =SUM(E10:E110) | F111: =SUM(F10:F110) | G111: =SUM(G10:G110)

Sheet Sync
A1: مازندشت — سورتینگ و بسته‌بندی مرکبات
A2: باغدشت، بخش مرکزی، شهرستان قائم‌شهر، استان مازندران، ایران | MAZANDASHT · CITRUS SORTING & PACKING
A3: برگه فنی — آینه‌ی فایل مادر (INFO) و فایل واریز/برداشت (Transactions) برای گزارش هزینه‌ها. فرمول‌ها را تغییر ندهید. اگر همه سلول‌ها خالی شدند یعنی لینک به‌روز نشده: Data ← Edit Links ← Update Values.
A5: MG · Code | B5: · Title | C5: · Desc | E5: SG · Code | F5: · Group | G5: · Title | H5: · Desc | J5: Acct · Code | K5: · Nature | L5: · Sub | M5: · Name | P5: Entry · C | Q5: Entry · D | R5: Entry · E | S5: Entry · G | T5: Entry · J | U5: Entry · K | V5: Entry · L | W5: Entry · M | X5: Entry · N | Y5: Entry · R | AA5: flg | AB5: cum·N | AC5: packed·SG | AE5: Company
A6: =IF([1]MainGroups!$B$7="","",[1]MainGroups!$A$7) | B6: =IF([1]MainGroups!$B$7="","",[1]MainGroups!$B$7) | C6: =IF([1]MainGroups!$B$7="","",[1]MainGroups!$C$7) | E6: =IF([1]SubGroups!$B$7="","",[1]SubGroups!$A$7) | F6: =IF([1]SubGroups!$B$7="","",[1]SubGroups!$B$7) | G6: =IF([1]SubGroups!$B$7="","",[1]SubGroups!$C$7) | H6: =IF([1]SubGroups!$B$7="","",[1]SubGroups!$D$7) | J6: =IF([1]Accounts!$D$7="","",[1]Accounts!$A$7) | K6: =IF([1]Accounts!$D$7="","",[1]Accounts!$B$7) | L6: =IF([1]Accounts!$D$7="","",[1]Accounts!$C$7) | M6: =IF([1]Accounts!$D$7="","",[1]Accounts!$D$7) | P6: =IF([2]Entry!$C$9="","",[2]Entry!$C$9) | Q6: =IF([2]Entry!$D$9="","",[2]Entry!$D$9) | R6: =IF([2]Entry!$E$9="","",[2]Entry!$E$9) | S6: =IF([2]Entry!$G$9="","",[2]Entry!$G$9) | T6: =IF([2]Entry!$J$9="","",[2]Entry!$J$9) | U6: =IF([2]Entry!$K$9="","",[2]Entry!$K$9) | V6: =IF([2]Entry!$L$9="","",[2]Entry!$L$9) | W6: =IF([2]Entry!$M$9="","",[2]Entry!$M$9) | X6: =IF([2]Entry!$N$9="","",[2]Entry!$N$9) | Y6: =IF([2]Entry!$R$9="","",[2]Entry!$R$9) | AA6: =IF(AND($E6<>"",$G6<>"",$F6="هزینه"),1,0) | AB6: =SUM($AA$6:$AA6) | AC6: =IFERROR(INDEX($E$6:$E$105,MATCH(ROW()-5,$AB$6:$AB$105,0)),"") | AE6: =IF([1]Company!$C$5="","",[1]Company!$C$5)
A7: =IF([1]MainGroups!$B$8="","",[1]MainGroups!$A$8) | B7: =IF([1]MainGroups!$B$8="","",[1]MainGroups!$B$8) | C7: =IF([1]MainGroups!$B$8="","",[1]MainGroups!$C$8) | E7: =IF([1]SubGroups!$B$8="","",[1]SubGroups!$A$8) | F7: =IF([1]SubGroups!$B$8="","",[1]SubGroups!$B$8) | G7: =IF([1]SubGroups!$B$8="","",[1]SubGroups!$C$8) | H7: =IF([1]SubGroups!$B$8="","",[1]SubGroups!$D$8) | J7: =IF([1]Accounts!$D$8="","",[1]Accounts!$A$8) | K7: =IF([1]Accounts!$D$8="","",[1]Accounts!$B$8) | L7: =IF([1]Accounts!$D$8="","",[1]Accounts!$C$8) | M7: =IF([1]Accounts!$D$8="","",[1]Accounts!$D$8) | P7: =IF([2]Entry!$C$10="","",[2]Entry!$C$10) | Q7: =IF([2]Entry!$D$10="","",[2]Entry!$D$10) | R7: =IF([2]Entry!$E$10="","",[2]Entry!$E$10) | S7: =IF([2]Entry!$G$10="","",[2]Entry!$G$10) | T7: =IF([2]Entry!$J$10="","",[2]Entry!$J$10) | U7: =IF([2]Entry!$K$10="","",[2]Entry!$K$10) | V7: =IF([2]Entry!$L$10="","",[2]Entry!$L$10) | W7: =IF([2]Entry!$M$10="","",[2]Entry!$M$10) | X7: =IF([2]Entry!$N$10="","",[2]Entry!$N$10) | Y7: =IF([2]Entry!$R$10="","",[2]Entry!$R$10) | AA7: =IF(AND($E7<>"",$G7<>"",$F7="هزینه"),1,0) | AB7: =SUM($AA$6:$AA7) | AC7: =IFERROR(INDEX($E$6:$E$105,MATCH(ROW()-5,$AB$6:$AB$105,0)),"") | AE7: =IF([1]Company!$C$8="","",[1]Company!$C$8)
A8: =IF([1]MainGroups!$B$9="","",[1]MainGroups!$A$9) | B8: =IF([1]MainGroups!$B$9="","",[1]MainGroups!$B$9) | C8: =IF([1]MainGroups!$B$9="","",[1]MainGroups!$C$9) | E8: =IF([1]SubGroups!$B$9="","",[1]SubGroups!$A$9) | F8: =IF([1]SubGroups!$B$9="","",[1]SubGroups!$B$9) | G8: =IF([1]SubGroups!$B$9="","",[1]SubGroups!$C$9) | H8: =IF([1]SubGroups!$B$9="","",[1]SubGroups!$D$9) | J8: =IF([1]Accounts!$D$9="","",[1]Accounts!$A$9) | K8: =IF([1]Accounts!$D$9="","",[1]Accounts!$B$9) | L8: =IF([1]Accounts!$D$9="","",[1]Accounts!$C$9) | M8: =IF([1]Accounts!$D$9="","",[1]Accounts!$D$9) | P8: =IF([2]Entry!$C$11="","",[2]Entry!$C$11) | Q8: =IF([2]Entry!$D$11="","",[2]Entry!$D$11) | R8: =IF([2]Entry!$E$11="","",[2]Entry!$E$11) | S8: =IF([2]Entry!$G$11="","",[2]Entry!$G$11) | T8: =IF([2]Entry!$J$11="","",[2]Entry!$J$11) | U8: =IF([2]Entry!$K$11="","",[2]Entry!$K$11) | V8: =IF([2]Entry!$L$11="","",[2]Entry!$L$11) | W8: =IF([2]Entry!$M$11="","",[2]Entry!$M$11) | X8: =IF([2]Entry!$N$11="","",[2]Entry!$N$11) | Y8: =IF([2]Entry!$R$11="","",[2]Entry!$R$11) | AA8: =IF(AND($E8<>"",$G8<>"",$F8="هزینه"),1,0) | AB8: =SUM($AA$6:$AA8) | AC8: =IFERROR(INDEX($E$6:$E$105,MATCH(ROW()-5,$AB$6:$AB$105,0)),"") | AE8: =IF([1]Company!$C$9="","",[1]Company!$C$9)
A9: =IF([1]MainGroups!$B$10="","",[1]MainGroups!$A$10) | B9: =IF([1]MainGroups!$B$10="","",[1]MainGroups!$B$10) | C9: =IF([1]MainGroups!$B$10="","",[1]MainGroups!$C$10) | E9: =IF([1]SubGroups!$B$10="","",[1]SubGroups!$A$10) | F9: =IF([1]SubGroups!$B$10="","",[1]SubGroups!$B$10) | G9: =IF([1]SubGroups!$B$10="","",[1]SubGroups!$C$10) | H9: =IF([1]SubGroups!$B$10="","",[1]SubGroups!$D$10) | J9: =IF([1]Accounts!$D$10="","",[1]Accounts!$A$10) | K9: =IF([1]Accounts!$D$10="","",[1]Accounts!$B$10) | L9: =IF([1]Accounts!$D$10="","",[1]Accounts!$C$10) | M9: =IF([1]Accounts!$D$10="","",[1]Accounts!$D$10) | P9: =IF([2]Entry!$C$12="","",[2]Entry!$C$12) | Q9: =IF([2]Entry!$D$12="","",[2]Entry!$D$12) | R9: =IF([2]Entry!$E$12="","",[2]Entry!$E$12) | S9: =IF([2]Entry!$G$12="","",[2]Entry!$G$12) | T9: =IF([2]Entry!$J$12="","",[2]Entry!$J$12) | U9: =IF([2]Entry!$K$12="","",[2]Entry!$K$12) | V9: =IF([2]Entry!$L$12="","",[2]Entry!$L$12) | W9: =IF([2]Entry!$M$12="","",[2]Entry!$M$12) | X9: =IF([2]Entry!$N$12="","",[2]Entry!$N$12) | Y9: =IF([2]Entry!$R$12="","",[2]Entry!$R$12) | AA9: =IF(AND($E9<>"",$G9<>"",$F9="هزینه"),1,0) | AB9: =SUM($AA$6:$AA9) | AC9: =IFERROR(INDEX($E$6:$E$105,MATCH(ROW()-5,$AB$6:$AB$105,0)),"") | AE9: =IF([1]Company!$C$7="","",[1]Company!$C$7)
A10: =IF([1]MainGroups!$B$11="","",[1]MainGroups!$A$11) | B10: =IF([1]MainGroups!$B$11="","",[1]MainGroups!$B$11) | C10: =IF([1]MainGroups!$B$11="","",[1]MainGroups!$C$11) | E10: =IF([1]SubGroups!$B$11="","",[1]SubGroups!$A$11) | F10: =IF([1]SubGroups!$B$11="","",[1]SubGroups!$B$11) | G10: =IF([1]SubGroups!$B$11="","",[1]SubGroups!$C$11) | H10: =IF([1]SubGroups!$B$11="","",[1]SubGroups!$D$11) | J10: =IF([1]Accounts!$D$11="","",[1]Accounts!$A$11) | K10: =IF([1]Accounts!$D$11="","",[1]Accounts!$B$11) | L10: =IF([1]Accounts!$D$11="","",[1]Accounts!$C$11) | M10: =IF([1]Accounts!$D$11="","",[1]Accounts!$D$11) | P10: =IF([2]Entry!$C$13="","",[2]Entry!$C$13) | Q10: =IF([2]Entry!$D$13="","",[2]Entry!$D$13) | R10: =IF([2]Entry!$E$13="","",[2]Entry!$E$13) | S10: =IF([2]Entry!$G$13="","",[2]Entry!$G$13) | T10: =IF([2]Entry!$J$13="","",[2]Entry!$J$13) | U10: =IF([2]Entry!$K$13="","",[2]Entry!$K$13) | V10: =IF([2]Entry!$L$13="","",[2]Entry!$L$13) | W10: =IF([2]Entry!$M$13="","",[2]Entry!$M$13) | X10: =IF([2]Entry!$N$13="","",[2]Entry!$N$13) | Y10: =IF([2]Entry!$R$13="","",[2]Entry!$R$13) | AA10: =IF(AND($E10<>"",$G10<>"",$F10="هزینه"),1,0) | AB10: =SUM($AA$6:$AA10) | AC10: =IFERROR(INDEX($E$6:$E$105,MATCH(ROW()-5,$AB$6:$AB$105,0)),"")
A11: =IF([1]MainGroups!$B$12="","",[1]MainGroups!$A$12) | B11: =IF([1]MainGroups!$B$12="","",[1]MainGroups!$B$12) | C11: =IF([1]MainGroups!$B$12="","",[1]MainGroups!$C$12) | E11: =IF([1]SubGroups!$B$12="","",[1]SubGroups!$A$12) | F11: =IF([1]SubGroups!$B$12="","",[1]SubGroups!$B$12) | G11: =IF([1]SubGroups!$B$12="","",[1]SubGroups!$C$12) | H11: =IF([1]SubGroups!$B$12="","",[1]SubGroups!$D$12) | J11: =IF([1]Accounts!$D$12="","",[1]Accounts!$A$12) | K11: =IF([1]Accounts!$D$12="","",[1]Accounts!$B$12) | L11: =IF([1]Accounts!$D$12="","",[1]Accounts!$C$12) | M11: =IF([1]Accounts!$D$12="","",[1]Accounts!$D$12) | P11: =IF([2]Entry!$C$14="","",[2]Entry!$C$14) | Q11: =IF([2]Entry!$D$14="","",[2]Entry!$D$14) | R11: =IF([2]Entry!$E$14="","",[2]Entry!$E$14) | S11: =IF([2]Entry!$G$14="","",[2]Entry!$G$14) | T11: =IF([2]Entry!$J$14="","",[2]Entry!$J$14) | U11: =IF([2]Entry!$K$14="","",[2]Entry!$K$14) | V11: =IF([2]Entry!$L$14="","",[2]Entry!$L$14) | W11: =IF([2]Entry!$M$14="","",[2]Entry!$M$14) | X11: =IF([2]Entry!$N$14="","",[2]Entry!$N$14) | Y11: =IF([2]Entry!$R$14="","",[2]Entry!$R$14) | AA11: =IF(AND($E11<>"",$G11<>"",$F11="هزینه"),1,0) | AB11: =SUM($AA$6:$AA11) | AC11: =IFERROR(INDEX($E$6:$E$105,MATCH(ROW()-5,$AB$6:$AB$105,0)),"")
A12: =IF([1]MainGroups!$B$13="","",[1]MainGroups!$A$13) | B12: =IF([1]MainGroups!$B$13="","",[1]MainGroups!$B$13) | C12: =IF([1]MainGroups!$B$13="","",[1]MainGroups!$C$13) | E12: =IF([1]SubGroups!$B$13="","",[1]SubGroups!$A$13) | F12: =IF([1]SubGroups!$B$13="","",[1]SubGroups!$B$13) | G12: =IF([1]SubGroups!$B$13="","",[1]SubGroups!$C$13) | H12: =IF([1]SubGroups!$B$13="","",[1]SubGroups!$D$13) | J12: =IF([1]Accounts!$D$13="","",[1]Accounts!$A$13) | K12: =IF([1]Accounts!$D$13="","",[1]Accounts!$B$13) | L12: =IF([1]Accounts!$D$13="","",[1]Accounts!$C$13) | M12: =IF([1]Accounts!$D$13="","",[1]Accounts!$D$13) | P12: =IF([2]Entry!$C$15="","",[2]Entry!$C$15) | Q12: =IF([2]Entry!$D$15="","",[2]Entry!$D$15) | R12: =IF([2]Entry!$E$15="","",[2]Entry!$E$15) | S12: =IF([2]Entry!$G$15="","",[2]Entry!$G$15) | T12: =IF([2]Entry!$J$15="","",[2]Entry!$J$15) | U12: =IF([2]Entry!$K$15="","",[2]Entry!$K$15) | V12: =IF([2]Entry!$L$15="","",[2]Entry!$L$15) | W12: =IF([2]Entry!$M$15="","",[2]Entry!$M$15) | X12: =IF([2]Entry!$N$15="","",[2]Entry!$N$15) | Y12: =IF([2]Entry!$R$15="","",[2]Entry!$R$15) | AA12: =IF(AND($E12<>"",$G12<>"",$F12="هزینه"),1,0) | AB12: =SUM($AA$6:$AA12) | AC12: =IFERROR(INDEX($E$6:$E$105,MATCH(ROW()-5,$AB$6:$AB$105,0)),"")
A13: =IF([1]MainGroups!$B$14="","",[1]MainGroups!$A$14) | B13: =IF([1]MainGroups!$B$14="","",[1]MainGroups!$B$14) | C13: =IF([1]MainGroups!$B$14="","",[1]MainGroups!$C$14) | E13: =IF([1]SubGroups!$B$14="","",[1]SubGroups!$A$14) | F13: =IF([1]SubGroups!$B$14="","",[1]SubGroups!$B$14) | G13: =IF([1]SubGroups!$B$14="","",[1]SubGroups!$C$14) | H13: =IF([1]SubGroups!$B$14="","",[1]SubGroups!$D$14) | J13: =IF([1]Accounts!$D$14="","",[1]Accounts!$A$14) | K13: =IF([1]Accounts!$D$14="","",[1]Accounts!$B$14) | L13: =IF([1]Accounts!$D$14="","",[1]Accounts!$C$14) | M13: =IF([1]Accounts!$D$14="","",[1]Accounts!$D$14) | P13: =IF([2]Entry!$C$16="","",[2]Entry!$C$16) | Q13: =IF([2]Entry!$D$16="","",[2]Entry!$D$16) | R13: =IF([2]Entry!$E$16="","",[2]Entry!$E$16) | S13: =IF([2]Entry!$G$16="","",[2]Entry!$G$16) | T13: =IF([2]Entry!$J$16="","",[2]Entry!$J$16) | U13: =IF([2]Entry!$K$16="","",[2]Entry!$K$16) | V13: =IF([2]Entry!$L$16="","",[2]Entry!$L$16) | W13: =IF([2]Entry!$M$16="","",[2]Entry!$M$16) | X13: =IF([2]Entry!$N$16="","",[2]Entry!$N$16) | Y13: =IF([2]Entry!$R$16="","",[2]Entry!$R$16) | AA13: =IF(AND($E13<>"",$G13<>"",$F13="هزینه"),1,0) | AB13: =SUM($AA$6:$AA13) | AC13: =IFERROR(INDEX($E$6:$E$105,MATCH(ROW()-5,$AB$6:$AB$105,0)),"")
A14: =IF([1]MainGroups!$B$15="","",[1]MainGroups!$A$15) | B14: =IF([1]MainGroups!$B$15="","",[1]MainGroups!$B$15) | C14: =IF([1]MainGroups!$B$15="","",[1]MainGroups!$C$15) | E14: =IF([1]SubGroups!$B$15="","",[1]SubGroups!$A$15) | F14: =IF([1]SubGroups!$B$15="","",[1]SubGroups!$B$15) | G14: =IF([1]SubGroups!$B$15="","",[1]SubGroups!$C$15) | H14: =IF([1]SubGroups!$B$15="","",[1]SubGroups!$D$15) | J14: =IF([1]Accounts!$D$15="","",[1]Accounts!$A$15) | K14: =IF([1]Accounts!$D$15="","",[1]Accounts!$B$15) | L14: =IF([1]Accounts!$D$15="","",[1]Accounts!$C$15) | M14: =IF([1]Accounts!$D$15="","",[1]Accounts!$D$15) | P14: =IF([2]Entry!$C$17="","",[2]Entry!$C$17) | Q14: =IF([2]Entry!$D$17="","",[2]Entry!$D$17) | R14: =IF([2]Entry!$E$17="","",[2]Entry!$E$17) | S14: =IF([2]Entry!$G$17="","",[2]Entry!$G$17) | T14: =IF([2]Entry!$J$17="","",[2]Entry!$J$17) | U14: =IF([2]Entry!$K$17="","",[2]Entry!$K$17) | V14: =IF([2]Entry!$L$17="","",[2]Entry!$L$17) | W14: =IF([2]Entry!$M$17="","",[2]Entry!$M$17) | X14: =IF([2]Entry!$N$17="","",[2]Entry!$N$17) | Y14: =IF([2]Entry!$R$17="","",[2]Entry!$R$17) | AA14: =IF(AND($E14<>"",$G14<>"",$F14="هزینه"),1,0) | AB14: =SUM($AA$6:$AA14) | AC14: =IFERROR(INDEX($E$6:$E$105,MATCH(ROW()-5,$AB$6:$AB$105,0)),"")
A15: =IF([1]MainGroups!$B$16="","",[1]MainGroups!$A$16) | B15: =IF([1]MainGroups!$B$16="","",[1]MainGroups!$B$16) | C15: =IF([1]MainGroups!$B$16="","",[1]MainGroups!$C$16) | E15: =IF([1]SubGroups!$B$16="","",[1]SubGroups!$A$16) | F15: =IF([1]SubGroups!$B$16="","",[1]SubGroups!$B$16) | G15: =IF([1]SubGroups!$B$16="","",[1]SubGroups!$C$16) | H15: =IF([1]SubGroups!$B$16="","",[1]SubGroups!$D$16) | J15: =IF([1]Accounts!$D$16="","",[1]Accounts!$A$16) | K15: =IF([1]Accounts!$D$16="","",[1]Accounts!$B$16) | L15: =IF([1]Accounts!$D$16="","",[1]Accounts!$C$16) | M15: =IF([1]Accounts!$D$16="","",[1]Accounts!$D$16) | P15: =IF([2]Entry!$C$18="","",[2]Entry!$C$18) | Q15: =IF([2]Entry!$D$18="","",[2]Entry!$D$18) | R15: =IF([2]Entry!$E$18="","",[2]Entry!$E$18) | S15: =IF([2]Entry!$G$18="","",[2]Entry!$G$18) | T15: =IF([2]Entry!$J$18="","",[2]Entry!$J$18) | U15: =IF([2]Entry!$K$18="","",[2]Entry!$K$18) | V15: =IF([2]Entry!$L$18="","",[2]Entry!$L$18) | W15: =IF([2]Entry!$M$18="","",[2]Entry!$M$18) | X15: =IF([2]Entry!$N$18="","",[2]Entry!$N$18) | Y15: =IF([2]Entry!$R$18="","",[2]Entry!$R$18) | AA15: =IF(AND($E15<>"",$G15<>"",$F15="هزینه"),1,0) | AB15: =SUM($AA$6:$AA15) | AC15: =IFERROR(INDEX($E$6:$E$105,MATCH(ROW()-5,$AB$6:$AB$105,0)),"")
E16: =IF([1]SubGroups!$B$17="","",[1]SubGroups!$A$17) | F16: =IF([1]SubGroups!$B$17="","",[1]SubGroups!$B$17) | G16: =IF([1]SubGroups!$B$17="","",[1]SubGroups!$C$17) | H16: =IF([1]SubGroups!$B$17="","",[1]SubGroups!$D$17) | J16: =IF([1]Accounts!$D$17="","",[1]Accounts!$A$17) | K16: =IF([1]Accounts!$D$17="","",[1]Accounts!$B$17) | L16: =IF([1]Accounts!$D$17="","",[1]Accounts!$C$17) | M16: =IF([1]Accounts!$D$17="","",[1]Accounts!$D$17) | P16: =IF([2]Entry!$C$19="","",[2]Entry!$C$19) | Q16: =IF([2]Entry!$D$19="","",[2]Entry!$D$19) | R16: =IF([2]Entry!$E$19="","",[2]Entry!$E$19) | S16: =IF([2]Entry!$G$19="","",[2]Entry!$G$19) | T16: =IF([2]Entry!$J$19="","",[2]Entry!$J$19) | U16: =IF([2]Entry!$K$19="","",[2]Entry!$K$19) | V16: =IF([2]Entry!$L$19="","",[2]Entry!$L$19) | W16: =IF([2]Entry!$M$19="","",[2]Entry!$M$19) | X16: =IF([2]Entry!$N$19="","",[2]Entry!$N$19) | Y16: =IF([2]Entry!$R$19="","",[2]Entry!$R$19) | AA16: =IF(AND($E16<>"",$G16<>"",$F16="هزینه"),1,0) | AB16: =SUM($AA$6:$AA16) | AC16: =IFERROR(INDEX($E$6:$E$105,MATCH(ROW()-5,$AB$6:$AB$105,0)),"")
E17: =IF([1]SubGroups!$B$18="","",[1]SubGroups!$A$18) | F17: =IF([1]SubGroups!$B$18="","",[1]SubGroups!$B$18) | G17: =IF([1]SubGroups!$B$18="","",[1]SubGroups!$C$18) | H17: =IF([1]SubGroups!$B$18="","",[1]SubGroups!$D$18) | J17: =IF([1]Accounts!$D$18="","",[1]Accounts!$A$18) | K17: =IF([1]Accounts!$D$18="","",[1]Accounts!$B$18) | L17: =IF([1]Accounts!$D$18="","",[1]Accounts!$C$18) | M17: =IF([1]Accounts!$D$18="","",[1]Accounts!$D$18) | P17: =IF([2]Entry!$C$20="","",[2]Entry!$C$20) | Q17: =IF([2]Entry!$D$20="","",[2]Entry!$D$20) | R17: =IF([2]Entry!$E$20="","",[2]Entry!$E$20) | S17: =IF([2]Entry!$G$20="","",[2]Entry!$G$20) | T17: =IF([2]Entry!$J$20="","",[2]Entry!$J$20) | U17: =IF([2]Entry!$K$20="","",[2]Entry!$K$20) | V17: =IF([2]Entry!$L$20="","",[2]Entry!$L$20) | W17: =IF([2]Entry!$M$20="","",[2]Entry!$M$20) | X17: =IF([2]Entry!$N$20="","",[2]Entry!$N$20) | Y17: =IF([2]Entry!$R$20="","",[2]Entry!$R$20) | AA17: =IF(AND($E17<>"",$G17<>"",$F17="هزینه"),1,0) | AB17: =SUM($AA$6:$AA17) | AC17: =IFERROR(INDEX($E$6:$E$105,MATCH(ROW()-5,$AB$6:$AB$105,0)),"")
E18: =IF([1]SubGroups!$B$19="","",[1]SubGroups!$A$19) | F18: =IF([1]SubGroups!$B$19="","",[1]SubGroups!$B$19) | G18: =IF([1]SubGroups!$B$19="","",[1]SubGroups!$C$19) | H18: =IF([1]SubGroups!$B$19="","",[1]SubGroups!$D$19) | J18: =IF([1]Accounts!$D$19="","",[1]Accounts!$A$19) | K18: =IF([1]Accounts!$D$19="","",[1]Accounts!$B$19) | L18: =IF([1]Accounts!$D$19="","",[1]Accounts!$C$19) | M18: =IF([1]Accounts!$D$19="","",[1]Accounts!$D$19) | P18: =IF([2]Entry!$C$21="","",[2]Entry!$C$21) | Q18: =IF([2]Entry!$D$21="","",[2]Entry!$D$21) | R18: =IF([2]Entry!$E$21="","",[2]Entry!$E$21) | S18: =IF([2]Entry!$G$21="","",[2]Entry!$G$21) | T18: =IF([2]Entry!$J$21="","",[2]Entry!$J$21) | U18: =IF([2]Entry!$K$21="","",[2]Entry!$K$21) | V18: =IF([2]Entry!$L$21="","",[2]Entry!$L$21) | W18: =IF([2]Entry!$M$21="","",[2]Entry!$M$21) | X18: =IF([2]Entry!$N$21="","",[2]Entry!$N$21) | Y18: =IF([2]Entry!$R$21="","",[2]Entry!$R$21) | AA18: =IF(AND($E18<>"",$G18<>"",$F18="هزینه"),1,0) | AB18: =SUM($AA$6:$AA18) | AC18: =IFERROR(INDEX($E$6:$E$105,MATCH(ROW()-5,$AB$6:$AB$105,0)),"")
E19: =IF([1]SubGroups!$B$20="","",[1]SubGroups!$A$20) | F19: =IF([1]SubGroups!$B$20="","",[1]SubGroups!$B$20) | G19: =IF([1]SubGroups!$B$20="","",[1]SubGroups!$C$20) | H19: =IF([1]SubGroups!$B$20="","",[1]SubGroups!$D$20) | J19: =IF([1]Accounts!$D$20="","",[1]Accounts!$A$20) | K19: =IF([1]Accounts!$D$20="","",[1]Accounts!$B$20) | L19: =IF([1]Accounts!$D$20="","",[1]Accounts!$C$20) | M19: =IF([1]Accounts!$D$20="","",[1]Accounts!$D$20) | P19: =IF([2]Entry!$C$22="","",[2]Entry!$C$22) | Q19: =IF([2]Entry!$D$22="","",[2]Entry!$D$22) | R19: =IF([2]Entry!$E$22="","",[2]Entry!$E$22) | S19: =IF([2]Entry!$G$22="","",[2]Entry!$G$22) | T19: =IF([2]Entry!$J$22="","",[2]Entry!$J$22) | U19: =IF([2]Entry!$K$22="","",[2]Entry!$K$22) | V19: =IF([2]Entry!$L$22="","",[2]Entry!$L$22) | W19: =IF([2]Entry!$M$22="","",[2]Entry!$M$22) | X19: =IF([2]Entry!$N$22="","",[2]Entry!$N$22) | Y19: =IF([2]Entry!$R$22="","",[2]Entry!$R$22) | AA19: =IF(AND($E19<>"",$G19<>"",$F19="هزینه"),1,0) | AB19: =SUM($AA$6:$AA19) | AC19: =IFERROR(INDEX($E$6:$E$105,MATCH(ROW()-5,$AB$6:$AB$105,0)),"")
E20: =IF([1]SubGroups!$B$21="","",[1]SubGroups!$A$21) | F20: =IF([1]SubGroups!$B$21="","",[1]SubGroups!$B$21) | G20: =IF([1]SubGroups!$B$21="","",[1]SubGroups!$C$21) | H20: =IF([1]SubGroups!$B$21="","",[1]SubGroups!$D$21) | J20: =IF([1]Accounts!$D$21="","",[1]Accounts!$A$21) | K20: =IF([1]Accounts!$D$21="","",[1]Accounts!$B$21) | L20: =IF([1]Accounts!$D$21="","",[1]Accounts!$C$21) | M20: =IF([1]Accounts!$D$21="","",[1]Accounts!$D$21) | P20: =IF([2]Entry!$C$23="","",[2]Entry!$C$23) | Q20: =IF([2]Entry!$D$23="","",[2]Entry!$D$23) | R20: =IF([2]Entry!$E$23="","",[2]Entry!$E$23) | S20: =IF([2]Entry!$G$23="","",[2]Entry!$G$23) | T20: =IF([2]Entry!$J$23="","",[2]Entry!$J$23) | U20: =IF([2]Entry!$K$23="","",[2]Entry!$K$23) | V20: =IF([2]Entry!$L$23="","",[2]Entry!$L$23) | W20: =IF([2]Entry!$M$23="","",[2]Entry!$M$23) | X20: =IF([2]Entry!$N$23="","",[2]Entry!$N$23) | Y20: =IF([2]Entry!$R$23="","",[2]Entry!$R$23) | AA20: =IF(AND($E20<>"",$G20<>"",$F20="هزینه"),1,0) | AB20: =SUM($AA$6:$AA20) | AC20: =IFERROR(INDEX($E$6:$E$105,MATCH(ROW()-5,$AB$6:$AB$105,0)),"")
E21: =IF([1]SubGroups!$B$22="","",[1]SubGroups!$A$22) | F21: =IF([1]SubGroups!$B$22="","",[1]SubGroups!$B$22) | G21: =IF([1]SubGroups!$B$22="","",[1]SubGroups!$C$22) | H21: =IF([1]SubGroups!$B$22="","",[1]SubGroups!$D$22) | J21: =IF([1]Accounts!$D$22="","",[1]Accounts!$A$22) | K21: =IF([1]Accounts!$D$22="","",[1]Accounts!$B$22) | L21: =IF([1]Accounts!$D$22="","",[1]Accounts!$C$22) | M21: =IF([1]Accounts!$D$22="","",[1]Accounts!$D$22) | P21: =IF([2]Entry!$C$24="","",[2]Entry!$C$24) | Q21: =IF([2]Entry!$D$24="","",[2]Entry!$D$24) | R21: =IF([2]Entry!$E$24="","",[2]Entry!$E$24) | S21: =IF([2]Entry!$G$24="","",[2]Entry!$G$24) | T21: =IF([2]Entry!$J$24="","",[2]Entry!$J$24) | U21: =IF([2]Entry!$K$24="","",[2]Entry!$K$24) | V21: =IF([2]Entry!$L$24="","",[2]Entry!$L$24) | W21: =IF([2]Entry!$M$24="","",[2]Entry!$M$24) | X21: =IF([2]Entry!$N$24="","",[2]Entry!$N$24) | Y21: =IF([2]Entry!$R$24="","",[2]Entry!$R$24) | AA21: =IF(AND($E21<>"",$G21<>"",$F21="هزینه"),1,0) | AB21: =SUM($AA$6:$AA21) | AC21: =IFERROR(INDEX($E$6:$E$105,MATCH(ROW()-5,$AB$6:$AB$105,0)),"")
E22: =IF([1]SubGroups!$B$23="","",[1]SubGroups!$A$23) | F22: =IF([1]SubGroups!$B$23="","",[1]SubGroups!$B$23) | G22: =IF([1]SubGroups!$B$23="","",[1]SubGroups!$C$23) | H22: =IF([1]SubGroups!$B$23="","",[1]SubGroups!$D$23) | J22: =IF([1]Accounts!$D$23="","",[1]Accounts!$A$23) | K22: =IF([1]Accounts!$D$23="","",[1]Accounts!$B$23) | L22: =IF([1]Accounts!$D$23="","",[1]Accounts!$C$23) | M22: =IF([1]Accounts!$D$23="","",[1]Accounts!$D$23) | P22: =IF([2]Entry!$C$25="","",[2]Entry!$C$25) | Q22: =IF([2]Entry!$D$25="","",[2]Entry!$D$25) | R22: =IF([2]Entry!$E$25="","",[2]Entry!$E$25) | S22: =IF([2]Entry!$G$25="","",[2]Entry!$G$25) | T22: =IF([2]Entry!$J$25="","",[2]Entry!$J$25) | U22: =IF([2]Entry!$K$25="","",[2]Entry!$K$25) | V22: =IF([2]Entry!$L$25="","",[2]Entry!$L$25) | W22: =IF([2]Entry!$M$25="","",[2]Entry!$M$25) | X22: =IF([2]Entry!$N$25="","",[2]Entry!$N$25) | Y22: =IF([2]Entry!$R$25="","",[2]Entry!$R$25) | AA22: =IF(AND($E22<>"",$G22<>"",$F22="هزینه"),1,0) | AB22: =SUM($AA$6:$AA22) | AC22: =IFERROR(INDEX($E$6:$E$105,MATCH(ROW()-5,$AB$6:$AB$105,0)),"")
E23: =IF([1]SubGroups!$B$24="","",[1]SubGroups!$A$24) | F23: =IF([1]SubGroups!$B$24="","",[1]SubGroups!$B$24) | G23: =IF([1]SubGroups!$B$24="","",[1]SubGroups!$C$24) | H23: =IF([1]SubGroups!$B$24="","",[1]SubGroups!$D$24) | J23: =IF([1]Accounts!$D$24="","",[1]Accounts!$A$24) | K23: =IF([1]Accounts!$D$24="","",[1]Accounts!$B$24) | L23: =IF([1]Accounts!$D$24="","",[1]Accounts!$C$24) | M23: =IF([1]Accounts!$D$24="","",[1]Accounts!$D$24) | P23: =IF([2]Entry!$C$26="","",[2]Entry!$C$26) | Q23: =IF([2]Entry!$D$26="","",[2]Entry!$D$26) | R23: =IF([2]Entry!$E$26="","",[2]Entry!$E$26) | S23: =IF([2]Entry!$G$26="","",[2]Entry!$G$26) | T23: =IF([2]Entry!$J$26="","",[2]Entry!$J$26) | U23: =IF([2]Entry!$K$26="","",[2]Entry!$K$26) | V23: =IF([2]Entry!$L$26="","",[2]Entry!$L$26) | W23: =IF([2]Entry!$M$26="","",[2]Entry!$M$26) | X23: =IF([2]Entry!$N$26="","",[2]Entry!$N$26) | Y23: =IF([2]Entry!$R$26="","",[2]Entry!$R$26) | AA23: =IF(AND($E23<>"",$G23<>"",$F23="هزینه"),1,0) | AB23: =SUM($AA$6:$AA23) | AC23: =IFERROR(INDEX($E$6:$E$105,MATCH(ROW()-5,$AB$6:$AB$105,0)),"")
E24: =IF([1]SubGroups!$B$25="","",[1]SubGroups!$A$25) | F24: =IF([1]SubGroups!$B$25="","",[1]SubGroups!$B$25) | G24: =IF([1]SubGroups!$B$25="","",[1]SubGroups!$C$25) | H24: =IF([1]SubGroups!$B$25="","",[1]SubGroups!$D$25) | J24: =IF([1]Accounts!$D$25="","",[1]Accounts!$A$25) | K24: =IF([1]Accounts!$D$25="","",[1]Accounts!$B$25) | L24: =IF([1]Accounts!$D$25="","",[1]Accounts!$C$25) | M24: =IF([1]Accounts!$D$25="","",[1]Accounts!$D$25) | P24: =IF([2]Entry!$C$27="","",[2]Entry!$C$27) | Q24: =IF([2]Entry!$D$27="","",[2]Entry!$D$27) | R24: =IF([2]Entry!$E$27="","",[2]Entry!$E$27) | S24: =IF([2]Entry!$G$27="","",[2]Entry!$G$27) | T24: =IF([2]Entry!$J$27="","",[2]Entry!$J$27) | U24: =IF([2]Entry!$K$27="","",[2]Entry!$K$27) | V24: =IF([2]Entry!$L$27="","",[2]Entry!$L$27) | W24: =IF([2]Entry!$M$27="","",[2]Entry!$M$27) | X24: =IF([2]Entry!$N$27="","",[2]Entry!$N$27) | Y24: =IF([2]Entry!$R$27="","",[2]Entry!$R$27) | AA24: =IF(AND($E24<>"",$G24<>"",$F24="هزینه"),1,0) | AB24: =SUM($AA$6:$AA24) | AC24: =IFERROR(INDEX($E$6:$E$105,MATCH(ROW()-5,$AB$6:$AB$105,0)),"")
E25: =IF([1]SubGroups!$B$26="","",[1]SubGroups!$A$26) | F25: =IF([1]SubGroups!$B$26="","",[1]SubGroups!$B$26) | G25: =IF([1]SubGroups!$B$26="","",[1]SubGroups!$C$26) | H25: =IF([1]SubGroups!$B$26="","",[1]SubGroups!$D$26) | J25: =IF([1]Accounts!$D$26="","",[1]Accounts!$A$26) | K25: =IF([1]Accounts!$D$26="","",[1]Accounts!$B$26) | L25: =IF([1]Accounts!$D$26="","",[1]Accounts!$C$26) | M25: =IF([1]Accounts!$D$26="","",[1]Accounts!$D$26) | P25: =IF([2]Entry!$C$28="","",[2]Entry!$C$28) | Q25: =IF([2]Entry!$D$28="","",[2]Entry!$D$28) | R25: =IF([2]Entry!$E$28="","",[2]Entry!$E$28) | S25: =IF([2]Entry!$G$28="","",[2]Entry!$G$28) | T25: =IF([2]Entry!$J$28="","",[2]Entry!$J$28) | U25: =IF([2]Entry!$K$28="","",[2]Entry!$K$28) | V25: =IF([2]Entry!$L$28="","",[2]Entry!$L$28) | W25: =IF([2]Entry!$M$28="","",[2]Entry!$M$28) | X25: =IF([2]Entry!$N$28="","",[2]Entry!$N$28) | Y25: =IF([2]Entry!$R$28="","",[2]Entry!$R$28) | AA25: =IF(AND($E25<>"",$G25<>"",$F25="هزینه"),1,0) | AB25: =SUM($AA$6:$AA25) | AC25: =IFERROR(INDEX($E$6:$E$105,MATCH(ROW()-5,$AB$6:$AB$105,0)),"")
E26: =IF([1]SubGroups!$B$27="","",[1]SubGroups!$A$27) | F26: =IF([1]SubGroups!$B$27="","",[1]SubGroups!$B$27) | G26: =IF([1]SubGroups!$B$27="","",[1]SubGroups!$C$27) | H26: =IF([1]SubGroups!$B$27="","",[1]SubGroups!$D$27) | J26: =IF([1]Accounts!$D$27="","",[1]Accounts!$A$27) | K26: =IF([1]Accounts!$D$27="","",[1]Accounts!$B$27) | L26: =IF([1]Accounts!$D$27="","",[1]Accounts!$C$27) | M26: =IF([1]Accounts!$D$27="","",[1]Accounts!$D$27) | P26: =IF([2]Entry!$C$29="","",[2]Entry!$C$29) | Q26: =IF([2]Entry!$D$29="","",[2]Entry!$D$29) | R26: =IF([2]Entry!$E$29="","",[2]Entry!$E$29) | S26: =IF([2]Entry!$G$29="","",[2]Entry!$G$29) | T26: =IF([2]Entry!$J$29="","",[2]Entry!$J$29) | U26: =IF([2]Entry!$K$29="","",[2]Entry!$K$29) | V26: =IF([2]Entry!$L$29="","",[2]Entry!$L$29) | W26: =IF([2]Entry!$M$29="","",[2]Entry!$M$29) | X26: =IF([2]Entry!$N$29="","",[2]Entry!$N$29) | Y26: =IF([2]Entry!$R$29="","",[2]Entry!$R$29) | AA26: =IF(AND($E26<>"",$G26<>"",$F26="هزینه"),1,0) | AB26: =SUM($AA$6:$AA26) | AC26: =IFERROR(INDEX($E$6:$E$105,MATCH(ROW()-5,$AB$6:$AB$105,0)),"")
E27: =IF([1]SubGroups!$B$28="","",[1]SubGroups!$A$28) | F27: =IF([1]SubGroups!$B$28="","",[1]SubGroups!$B$28) | G27: =IF([1]SubGroups!$B$28="","",[1]SubGroups!$C$28) | H27: =IF([1]SubGroups!$B$28="","",[1]SubGroups!$D$28) | J27: =IF([1]Accounts!$D$28="","",[1]Accounts!$A$28) | K27: =IF([1]Accounts!$D$28="","",[1]Accounts!$B$28) | L27: =IF([1]Accounts!$D$28="","",[1]Accounts!$C$28) | M27: =IF([1]Accounts!$D$28="","",[1]Accounts!$D$28) | P27: =IF([2]Entry!$C$30="","",[2]Entry!$C$30) | Q27: =IF([2]Entry!$D$30="","",[2]Entry!$D$30) | R27: =IF([2]Entry!$E$30="","",[2]Entry!$E$30) | S27: =IF([2]Entry!$G$30="","",[2]Entry!$G$30) | T27: =IF([2]Entry!$J$30="","",[2]Entry!$J$30) | U27: =IF([2]Entry!$K$30="","",[2]Entry!$K$30) | V27: =IF([2]Entry!$L$30="","",[2]Entry!$L$30) | W27: =IF([2]Entry!$M$30="","",[2]Entry!$M$30) | X27: =IF([2]Entry!$N$30="","",[2]Entry!$N$30) | Y27: =IF([2]Entry!$R$30="","",[2]Entry!$R$30) | AA27: =IF(AND($E27<>"",$G27<>"",$F27="هزینه"),1,0) | AB27: =SUM($AA$6:$AA27) | AC27: =IFERROR(INDEX($E$6:$E$105,MATCH(ROW()-5,$AB$6:$AB$105,0)),"")
E28: =IF([1]SubGroups!$B$29="","",[1]SubGroups!$A$29) | F28: =IF([1]SubGroups!$B$29="","",[1]SubGroups!$B$29) | G28: =IF([1]SubGroups!$B$29="","",[1]SubGroups!$C$29) | H28: =IF([1]SubGroups!$B$29="","",[1]SubGroups!$D$29) | J28: =IF([1]Accounts!$D$29="","",[1]Accounts!$A$29) | K28: =IF([1]Accounts!$D$29="","",[1]Accounts!$B$29) | L28: =IF([1]Accounts!$D$29="","",[1]Accounts!$C$29) | M28: =IF([1]Accounts!$D$29="","",[1]Accounts!$D$29) | P28: =IF([2]Entry!$C$31="","",[2]Entry!$C$31) | Q28: =IF([2]Entry!$D$31="","",[2]Entry!$D$31) | R28: =IF([2]Entry!$E$31="","",[2]Entry!$E$31) | S28: =IF([2]Entry!$G$31="","",[2]Entry!$G$31) | T28: =IF([2]Entry!$J$31="","",[2]Entry!$J$31) | U28: =IF([2]Entry!$K$31="","",[2]Entry!$K$31) | V28: =IF([2]Entry!$L$31="","",[2]Entry!$L$31) | W28: =IF([2]Entry!$M$31="","",[2]Entry!$M$31) | X28: =IF([2]Entry!$N$31="","",[2]Entry!$N$31) | Y28: =IF([2]Entry!$R$31="","",[2]Entry!$R$31) | AA28: =IF(AND($E28<>"",$G28<>"",$F28="هزینه"),1,0) | AB28: =SUM($AA$6:$AA28) | AC28: =IFERROR(INDEX($E$6:$E$105,MATCH(ROW()-5,$AB$6:$AB$105,0)),"")
E29: =IF([1]SubGroups!$B$30="","",[1]SubGroups!$A$30) | F29: =IF([1]SubGroups!$B$30="","",[1]SubGroups!$B$30) | G29: =IF([1]SubGroups!$B$30="","",[1]SubGroups!$C$30) | H29: =IF([1]SubGroups!$B$30="","",[1]SubGroups!$D$30) | J29: =IF([1]Accounts!$D$30="","",[1]Accounts!$A$30) | K29: =IF([1]Accounts!$D$30="","",[1]Accounts!$B$30) | L29: =IF([1]Accounts!$D$30="","",[1]Accounts!$C$30) | M29: =IF([1]Accounts!$D$30="","",[1]Accounts!$D$30) | P29: =IF([2]Entry!$C$32="","",[2]Entry!$C$32) | Q29: =IF([2]Entry!$D$32="","",[2]Entry!$D$32) | R29: =IF([2]Entry!$E$32="","",[2]Entry!$E$32) | S29: =IF([2]Entry!$G$32="","",[2]Entry!$G$32) | T29: =IF([2]Entry!$J$32="","",[2]Entry!$J$32) | U29: =IF([2]Entry!$K$32="","",[2]Entry!$K$32) | V29: =IF([2]Entry!$L$32="","",[2]Entry!$L$32) | W29: =IF([2]Entry!$M$32="","",[2]Entry!$M$32) | X29: =IF([2]Entry!$N$32="","",[2]Entry!$N$32) | Y29: =IF([2]Entry!$R$32="","",[2]Entry!$R$32) | AA29: =IF(AND($E29<>"",$G29<>"",$F29="هزینه"),1,0) | AB29: =SUM($AA$6:$AA29) | AC29: =IFERROR(INDEX($E$6:$E$105,MATCH(ROW()-5,$AB$6:$AB$105,0)),"")
E30: =IF([1]SubGroups!$B$31="","",[1]SubGroups!$A$31) | F30: =IF([1]SubGroups!$B$31="","",[1]SubGroups!$B$31) | G30: =IF([1]SubGroups!$B$31="","",[1]SubGroups!$C$31) | H30: =IF([1]SubGroups!$B$31="","",[1]SubGroups!$D$31) | J30: =IF([1]Accounts!$D$31="","",[1]Accounts!$A$31) | K30: =IF([1]Accounts!$D$31="","",[1]Accounts!$B$31) | L30: =IF([1]Accounts!$D$31="","",[1]Accounts!$C$31) | M30: =IF([1]Accounts!$D$31="","",[1]Accounts!$D$31) | P30: =IF([2]Entry!$C$33="","",[2]Entry!$C$33) | Q30: =IF([2]Entry!$D$33="","",[2]Entry!$D$33) | R30: =IF([2]Entry!$E$33="","",[2]Entry!$E$33) | S30: =IF([2]Entry!$G$33="","",[2]Entry!$G$33) | T30: =IF([2]Entry!$J$33="","",[2]Entry!$J$33) | U30: =IF([2]Entry!$K$33="","",[2]Entry!$K$33) | V30: =IF([2]Entry!$L$33="","",[2]Entry!$L$33) | W30: =IF([2]Entry!$M$33="","",[2]Entry!$M$33) | X30: =IF([2]Entry!$N$33="","",[2]Entry!$N$33) | Y30: =IF([2]Entry!$R$33="","",[2]Entry!$R$33) | AA30: =IF(AND($E30<>"",$G30<>"",$F30="هزینه"),1,0) | AB30: =SUM($AA$6:$AA30) | AC30: =IFERROR(INDEX($E$6:$E$105,MATCH(ROW()-5,$AB$6:$AB$105,0)),"")
E31: =IF([1]SubGroups!$B$32="","",[1]SubGroups!$A$32) | F31: =IF([1]SubGroups!$B$32="","",[1]SubGroups!$B$32) | G31: =IF([1]SubGroups!$B$32="","",[1]SubGroups!$C$32) | H31: =IF([1]SubGroups!$B$32="","",[1]SubGroups!$D$32) | J31: =IF([1]Accounts!$D$32="","",[1]Accounts!$A$32) | K31: =IF([1]Accounts!$D$32="","",[1]Accounts!$B$32) | L31: =IF([1]Accounts!$D$32="","",[1]Accounts!$C$32) | M31: =IF([1]Accounts!$D$32="","",[1]Accounts!$D$32) | P31: =IF([2]Entry!$C$34="","",[2]Entry!$C$34) | Q31: =IF([2]Entry!$D$34="","",[2]Entry!$D$34) | R31: =IF([2]Entry!$E$34="","",[2]Entry!$E$34) | S31: =IF([2]Entry!$G$34="","",[2]Entry!$G$34) | T31: =IF([2]Entry!$J$34="","",[2]Entry!$J$34) | U31: =IF([2]Entry!$K$34="","",[2]Entry!$K$34) | V31: =IF([2]Entry!$L$34="","",[2]Entry!$L$34) | W31: =IF([2]Entry!$M$34="","",[2]Entry!$M$34) | X31: =IF([2]Entry!$N$34="","",[2]Entry!$N$34) | Y31: =IF([2]Entry!$R$34="","",[2]Entry!$R$34) | AA31: =IF(AND($E31<>"",$G31<>"",$F31="هزینه"),1,0) | AB31: =SUM($AA$6:$AA31) | AC31: =IFERROR(INDEX($E$6:$E$105,MATCH(ROW()-5,$AB$6:$AB$105,0)),"")
E32: =IF([1]SubGroups!$B$33="","",[1]SubGroups!$A$33) | F32: =IF([1]SubGroups!$B$33="","",[1]SubGroups!$B$33) | G32: =IF([1]SubGroups!$B$33="","",[1]SubGroups!$C$33) | H32: =IF([1]SubGroups!$B$33="","",[1]SubGroups!$D$33) | J32: =IF([1]Accounts!$D$33="","",[1]Accounts!$A$33) | K32: =IF([1]Accounts!$D$33="","",[1]Accounts!$B$33) | L32: =IF([1]Accounts!$D$33="","",[1]Accounts!$C$33) | M32: =IF([1]Accounts!$D$33="","",[1]Accounts!$D$33) | P32: =IF([2]Entry!$C$35="","",[2]Entry!$C$35) | Q32: =IF([2]Entry!$D$35="","",[2]Entry!$D$35) | R32: =IF([2]Entry!$E$35="","",[2]Entry!$E$35) | S32: =IF([2]Entry!$G$35="","",[2]Entry!$G$35) | T32: =IF([2]Entry!$J$35="","",[2]Entry!$J$35) | U32: =IF([2]Entry!$K$35="","",[2]Entry!$K$35) | V32: =IF([2]Entry!$L$35="","",[2]Entry!$L$35) | W32: =IF([2]Entry!$M$35="","",[2]Entry!$M$35) | X32: =IF([2]Entry!$N$35="","",[2]Entry!$N$35) | Y32: =IF([2]Entry!$R$35="","",[2]Entry!$R$35) | AA32: =IF(AND($E32<>"",$G32<>"",$F32="هزینه"),1,0) | AB32: =SUM($AA$6:$AA32) | AC32: =IFERROR(INDEX($E$6:$E$105,MATCH(ROW()-5,$AB$6:$AB$105,0)),"")
E33: =IF([1]SubGroups!$B$34="","",[1]SubGroups!$A$34) | F33: =IF([1]SubGroups!$B$34="","",[1]SubGroups!$B$34) | G33: =IF([1]SubGroups!$B$34="","",[1]SubGroups!$C$34) | H33: =IF([1]SubGroups!$B$34="","",[1]SubGroups!$D$34) | J33: =IF([1]Accounts!$D$34="","",[1]Accounts!$A$34) | K33: =IF([1]Accounts!$D$34="","",[1]Accounts!$B$34) | L33: =IF([1]Accounts!$D$34="","",[1]Accounts!$C$34) | M33: =IF([1]Accounts!$D$34="","",[1]Accounts!$D$34) | P33: =IF([2]Entry!$C$36="","",[2]Entry!$C$36) | Q33: =IF([2]Entry!$D$36="","",[2]Entry!$D$36) | R33: =IF([2]Entry!$E$36="","",[2]Entry!$E$36) | S33: =IF([2]Entry!$G$36="","",[2]Entry!$G$36) | T33: =IF([2]Entry!$J$36="","",[2]Entry!$J$36) | U33: =IF([2]Entry!$K$36="","",[2]Entry!$K$36) | V33: =IF([2]Entry!$L$36="","",[2]Entry!$L$36) | W33: =IF([2]Entry!$M$36="","",[2]Entry!$M$36) | X33: =IF([2]Entry!$N$36="","",[2]Entry!$N$36) | Y33: =IF([2]Entry!$R$36="","",[2]Entry!$R$36) | AA33: =IF(AND($E33<>"",$G33<>"",$F33="هزینه"),1,0) | AB33: =SUM($AA$6:$AA33) | AC33: =IFERROR(INDEX($E$6:$E$105,MATCH(ROW()-5,$AB$6:$AB$105,0)),"")
E34: =IF([1]SubGroups!$B$35="","",[1]SubGroups!$A$35) | F34: =IF([1]SubGroups!$B$35="","",[1]SubGroups!$B$35) | G34: =IF([1]SubGroups!$B$35="","",[1]SubGroups!$C$35) | H34: =IF([1]SubGroups!$B$35="","",[1]SubGroups!$D$35) | J34: =IF([1]Accounts!$D$35="","",[1]Accounts!$A$35) | K34: =IF([1]Accounts!$D$35="","",[1]Accounts!$B$35) | L34: =IF([1]Accounts!$D$35="","",[1]Accounts!$C$35) | M34: =IF([1]Accounts!$D$35="","",[1]Accounts!$D$35) | P34: =IF([2]Entry!$C$37="","",[2]Entry!$C$37) | Q34: =IF([2]Entry!$D$37="","",[2]Entry!$D$37) | R34: =IF([2]Entry!$E$37="","",[2]Entry!$E$37) | S34: =IF([2]Entry!$G$37="","",[2]Entry!$G$37) | T34: =IF([2]Entry!$J$37="","",[2]Entry!$J$37) | U34: =IF([2]Entry!$K$37="","",[2]Entry!$K$37) | V34: =IF([2]Entry!$L$37="","",[2]Entry!$L$37) | W34: =IF([2]Entry!$M$37="","",[2]Entry!$M$37) | X34: =IF([2]Entry!$N$37="","",[2]Entry!$N$37) | Y34: =IF([2]Entry!$R$37="","",[2]Entry!$R$37) | AA34: =IF(AND($E34<>"",$G34<>"",$F34="هزینه"),1,0) | AB34: =SUM($AA$6:$AA34) | AC34: =IFERROR(INDEX($E$6:$E$105,MATCH(ROW()-5,$AB$6:$AB$105,0)),"")
E35: =IF([1]SubGroups!$B$36="","",[1]SubGroups!$A$36) | F35: =IF([1]SubGroups!$B$36="","",[1]SubGroups!$B$36) | G35: =IF([1]SubGroups!$B$36="","",[1]SubGroups!$C$36) | H35: =IF([1]SubGroups!$B$36="","",[1]SubGroups!$D$36) | J35: =IF([1]Accounts!$D$36="","",[1]Accounts!$A$36) | K35: =IF([1]Accounts!$D$36="","",[1]Accounts!$B$36) | L35: =IF([1]Accounts!$D$36="","",[1]Accounts!$C$36) | M35: =IF([1]Accounts!$D$36="","",[1]Accounts!$D$36) | P35: =IF([2]Entry!$C$38="","",[2]Entry!$C$38) | Q35: =IF([2]Entry!$D$38="","",[2]Entry!$D$38) | R35: =IF([2]Entry!$E$38="","",[2]Entry!$E$38) | S35: =IF([2]Entry!$G$38="","",[2]Entry!$G$38) | T35: =IF([2]Entry!$J$38="","",[2]Entry!$J$38) | U35: =IF([2]Entry!$K$38="","",[2]Entry!$K$38) | V35: =IF([2]Entry!$L$38="","",[2]Entry!$L$38) | W35: =IF([2]Entry!$M$38="","",[2]Entry!$M$38) | X35: =IF([2]Entry!$N$38="","",[2]Entry!$N$38) | Y35: =IF([2]Entry!$R$38="","",[2]Entry!$R$38) | AA35: =IF(AND($E35<>"",$G35<>"",$F35="هزینه"),1,0) | AB35: =SUM($AA$6:$AA35) | AC35: =IFERROR(INDEX($E$6:$E$105,MATCH(ROW()-5,$AB$6:$AB$105,0)),"")
E36: =IF([1]SubGroups!$B$37="","",[1]SubGroups!$A$37) | F36: =IF([1]SubGroups!$B$37="","",[1]SubGroups!$B$37) | G36: =IF([1]SubGroups!$B$37="","",[1]SubGroups!$C$37) | H36: =IF([1]SubGroups!$B$37="","",[1]SubGroups!$D$37) | J36: =IF([1]Accounts!$D$37="","",[1]Accounts!$A$37) | K36: =IF([1]Accounts!$D$37="","",[1]Accounts!$B$37) | L36: =IF([1]Accounts!$D$37="","",[1]Accounts!$C$37) | M36: =IF([1]Accounts!$D$37="","",[1]Accounts!$D$37) | P36: =IF([2]Entry!$C$39="","",[2]Entry!$C$39) | Q36: =IF([2]Entry!$D$39="","",[2]Entry!$D$39) | R36: =IF([2]Entry!$E$39="","",[2]Entry!$E$39) | S36: =IF([2]Entry!$G$39="","",[2]Entry!$G$39) | T36: =IF([2]Entry!$J$39="","",[2]Entry!$J$39) | U36: =IF([2]Entry!$K$39="","",[2]Entry!$K$39) | V36: =IF([2]Entry!$L$39="","",[2]Entry!$L$39) | W36: =IF([2]Entry!$M$39="","",[2]Entry!$M$39) | X36: =IF([2]Entry!$N$39="","",[2]Entry!$N$39) | Y36: =IF([2]Entry!$R$39="","",[2]Entry!$R$39) | AA36: =IF(AND($E36<>"",$G36<>"",$F36="هزینه"),1,0) | AB36: =SUM($AA$6:$AA36) | AC36: =IFERROR(INDEX($E$6:$E$105,MATCH(ROW()-5,$AB$6:$AB$105,0)),"")
E37: =IF([1]SubGroups!$B$38="","",[1]SubGroups!$A$38) | F37: =IF([1]SubGroups!$B$38="","",[1]SubGroups!$B$38) | G37: =IF([1]SubGroups!$B$38="","",[1]SubGroups!$C$38) | H37: =IF([1]SubGroups!$B$38="","",[1]SubGroups!$D$38) | J37: =IF([1]Accounts!$D$38="","",[1]Accounts!$A$38) | K37: =IF([1]Accounts!$D$38="","",[1]Accounts!$B$38) | L37: =IF([1]Accounts!$D$38="","",[1]Accounts!$C$38) | M37: =IF([1]Accounts!$D$38="","",[1]Accounts!$D$38) | P37: =IF([2]Entry!$C$40="","",[2]Entry!$C$40) | Q37: =IF([2]Entry!$D$40="","",[2]Entry!$D$40) | R37: =IF([2]Entry!$E$40="","",[2]Entry!$E$40) | S37: =IF([2]Entry!$G$40="","",[2]Entry!$G$40) | T37: =IF([2]Entry!$J$40="","",[2]Entry!$J$40) | U37: =IF([2]Entry!$K$40="","",[2]Entry!$K$40) | V37: =IF([2]Entry!$L$40="","",[2]Entry!$L$40) | W37: =IF([2]Entry!$M$40="","",[2]Entry!$M$40) | X37: =IF([2]Entry!$N$40="","",[2]Entry!$N$40) | Y37: =IF([2]Entry!$R$40="","",[2]Entry!$R$40) | AA37: =IF(AND($E37<>"",$G37<>"",$F37="هزینه"),1,0) | AB37: =SUM($AA$6:$AA37) | AC37: =IFERROR(INDEX($E$6:$E$105,MATCH(ROW()-5,$AB$6:$AB$105,0)),"")
E38: =IF([1]SubGroups!$B$39="","",[1]SubGroups!$A$39) | F38: =IF([1]SubGroups!$B$39="","",[1]SubGroups!$B$39) | G38: =IF([1]SubGroups!$B$39="","",[1]SubGroups!$C$39) | H38: =IF([1]SubGroups!$B$39="","",[1]SubGroups!$D$39) | J38: =IF([1]Accounts!$D$39="","",[1]Accounts!$A$39) | K38: =IF([1]Accounts!$D$39="","",[1]Accounts!$B$39) | L38: =IF([1]Accounts!$D$39="","",[1]Accounts!$C$39) | M38: =IF([1]Accounts!$D$39="","",[1]Accounts!$D$39) | P38: =IF([2]Entry!$C$41="","",[2]Entry!$C$41) | Q38: =IF([2]Entry!$D$41="","",[2]Entry!$D$41) | R38: =IF([2]Entry!$E$41="","",[2]Entry!$E$41) | S38: =IF([2]Entry!$G$41="","",[2]Entry!$G$41) | T38: =IF([2]Entry!$J$41="","",[2]Entry!$J$41) | U38: =IF([2]Entry!$K$41="","",[2]Entry!$K$41) | V38: =IF([2]Entry!$L$41="","",[2]Entry!$L$41) | W38: =IF([2]Entry!$M$41="","",[2]Entry!$M$41) | X38: =IF([2]Entry!$N$41="","",[2]Entry!$N$41) | Y38: =IF([2]Entry!$R$41="","",[2]Entry!$R$41) | AA38: =IF(AND($E38<>"",$G38<>"",$F38="هزینه"),1,0) | AB38: =SUM($AA$6:$AA38) | AC38: =IFERROR(INDEX($E$6:$E$105,MATCH(ROW()-5,$AB$6:$AB$105,0)),"")
E39: =IF([1]SubGroups!$B$40="","",[1]SubGroups!$A$40) | F39: =IF([1]SubGroups!$B$40="","",[1]SubGroups!$B$40) | G39: =IF([1]SubGroups!$B$40="","",[1]SubGroups!$C$40) | H39: =IF([1]SubGroups!$B$40="","",[1]SubGroups!$D$40) | J39: =IF([1]Accounts!$D$40="","",[1]Accounts!$A$40) | K39: =IF([1]Accounts!$D$40="","",[1]Accounts!$B$40) | L39: =IF([1]Accounts!$D$40="","",[1]Accounts!$C$40) | M39: =IF([1]Accounts!$D$40="","",[1]Accounts!$D$40) | P39: =IF([2]Entry!$C$42="","",[2]Entry!$C$42) | Q39: =IF([2]Entry!$D$42="","",[2]Entry!$D$42) | R39: =IF([2]Entry!$E$42="","",[2]Entry!$E$42) | S39: =IF([2]Entry!$G$42="","",[2]Entry!$G$42) | T39: =IF([2]Entry!$J$42="","",[2]Entry!$J$42) | U39: =IF([2]Entry!$K$42="","",[2]Entry!$K$42) | V39: =IF([2]Entry!$L$42="","",[2]Entry!$L$42) | W39: =IF([2]Entry!$M$42="","",[2]Entry!$M$42) | X39: =IF([2]Entry!$N$42="","",[2]Entry!$N$42) | Y39: =IF([2]Entry!$R$42="","",[2]Entry!$R$42) | AA39: =IF(AND($E39<>"",$G39<>"",$F39="هزینه"),1,0) | AB39: =SUM($AA$6:$AA39) | AC39: =IFERROR(INDEX($E$6:$E$105,MATCH(ROW()-5,$AB$6:$AB$105,0)),"")
E40: =IF([1]SubGroups!$B$41="","",[1]SubGroups!$A$41) | F40: =IF([1]SubGroups!$B$41="","",[1]SubGroups!$B$41) | G40: =IF([1]SubGroups!$B$41="","",[1]SubGroups!$C$41) | H40: =IF([1]SubGroups!$B$41="","",[1]SubGroups!$D$41) | J40: =IF([1]Accounts!$D$41="","",[1]Accounts!$A$41) | K40: =IF([1]Accounts!$D$41="","",[1]Accounts!$B$41) | L40: =IF([1]Accounts!$D$41="","",[1]Accounts!$C$41) | M40: =IF([1]Accounts!$D$41="","",[1]Accounts!$D$41) | P40: =IF([2]Entry!$C$43="","",[2]Entry!$C$43) | Q40: =IF([2]Entry!$D$43="","",[2]Entry!$D$43) | R40: =IF([2]Entry!$E$43="","",[2]Entry!$E$43) | S40: =IF([2]Entry!$G$43="","",[2]Entry!$G$43) | T40: =IF([2]Entry!$J$43="","",[2]Entry!$J$43) | U40: =IF([2]Entry!$K$43="","",[2]Entry!$K$43) | V40: =IF([2]Entry!$L$43="","",[2]Entry!$L$43) | W40: =IF([2]Entry!$M$43="","",[2]Entry!$M$43) | X40: =IF([2]Entry!$N$43="","",[2]Entry!$N$43) | Y40: =IF([2]Entry!$R$43="","",[2]Entry!$R$43) | AA40: =IF(AND($E40<>"",$G40<>"",$F40="هزینه"),1,0) | AB40: =SUM($AA$6:$AA40) | AC40: =IFERROR(INDEX($E$6:$E$105,MATCH(ROW()-5,$AB$6:$AB$105,0)),"")
E41: =IF([1]SubGroups!$B$42="","",[1]SubGroups!$A$42) | F41: =IF([1]SubGroups!$B$42="","",[1]SubGroups!$B$42) | G41: =IF([1]SubGroups!$B$42="","",[1]SubGroups!$C$42) | H41: =IF([1]SubGroups!$B$42="","",[1]SubGroups!$D$42) | J41: =IF([1]Accounts!$D$42="","",[1]Accounts!$A$42) | K41: =IF([1]Accounts!$D$42="","",[1]Accounts!$B$42) | L41: =IF([1]Accounts!$D$42="","",[1]Accounts!$C$42) | M41: =IF([1]Accounts!$D$42="","",[1]Accounts!$D$42) | P41: =IF([2]Entry!$C$44="","",[2]Entry!$C$44) | Q41: =IF([2]Entry!$D$44="","",[2]Entry!$D$44) | R41: =IF([2]Entry!$E$44="","",[2]Entry!$E$44) | S41: =IF([2]Entry!$G$44="","",[2]Entry!$G$44) | T41: =IF([2]Entry!$J$44="","",[2]Entry!$J$44) | U41: =IF([2]Entry!$K$44="","",[2]Entry!$K$44) | V41: =IF([2]Entry!$L$44="","",[2]Entry!$L$44) | W41: =IF([2]Entry!$M$44="","",[2]Entry!$M$44) | X41: =IF([2]Entry!$N$44="","",[2]Entry!$N$44) | Y41: =IF([2]Entry!$R$44="","",[2]Entry!$R$44) | AA41: =IF(AND($E41<>"",$G41<>"",$F41="هزینه"),1,0) | AB41: =SUM($AA$6:$AA41) | AC41: =IFERROR(INDEX($E$6:$E$105,MATCH(ROW()-5,$AB$6:$AB$105,0)),"")
E42: =IF([1]SubGroups!$B$43="","",[1]SubGroups!$A$43) | F42: =IF([1]SubGroups!$B$43="","",[1]SubGroups!$B$43) | G42: =IF([1]SubGroups!$B$43="","",[1]SubGroups!$C$43) | H42: =IF([1]SubGroups!$B$43="","",[1]SubGroups!$D$43) | J42: =IF([1]Accounts!$D$43="","",[1]Accounts!$A$43) | K42: =IF([1]Accounts!$D$43="","",[1]Accounts!$B$43) | L42: =IF([1]Accounts!$D$43="","",[1]Accounts!$C$43) | M42: =IF([1]Accounts!$D$43="","",[1]Accounts!$D$43) | P42: =IF([2]Entry!$C$45="","",[2]Entry!$C$45) | Q42: =IF([2]Entry!$D$45="","",[2]Entry!$D$45) | R42: =IF([2]Entry!$E$45="","",[2]Entry!$E$45) | S42: =IF([2]Entry!$G$45="","",[2]Entry!$G$45) | T42: =IF([2]Entry!$J$45="","",[2]Entry!$J$45) | U42: =IF([2]Entry!$K$45="","",[2]Entry!$K$45) | V42: =IF([2]Entry!$L$45="","",[2]Entry!$L$45) | W42: =IF([2]Entry!$M$45="","",[2]Entry!$M$45) | X42: =IF([2]Entry!$N$45="","",[2]Entry!$N$45) | Y42: =IF([2]Entry!$R$45="","",[2]Entry!$R$45) | AA42: =IF(AND($E42<>"",$G42<>"",$F42="هزینه"),1,0) | AB42: =SUM($AA$6:$AA42) | AC42: =IFERROR(INDEX($E$6:$E$105,MATCH(ROW()-5,$AB$6:$AB$105,0)),"")
E43: =IF([1]SubGroups!$B$44="","",[1]SubGroups!$A$44) | F43: =IF([1]SubGroups!$B$44="","",[1]SubGroups!$B$44) | G43: =IF([1]SubGroups!$B$44="","",[1]SubGroups!$C$44) | H43: =IF([1]SubGroups!$B$44="","",[1]SubGroups!$D$44) | J43: =IF([1]Accounts!$D$44="","",[1]Accounts!$A$44) | K43: =IF([1]Accounts!$D$44="","",[1]Accounts!$B$44) | L43: =IF([1]Accounts!$D$44="","",[1]Accounts!$C$44) | M43: =IF([1]Accounts!$D$44="","",[1]Accounts!$D$44) | P43: =IF([2]Entry!$C$46="","",[2]Entry!$C$46) | Q43: =IF([2]Entry!$D$46="","",[2]Entry!$D$46) | R43: =IF([2]Entry!$E$46="","",[2]Entry!$E$46) | S43: =IF([2]Entry!$G$46="","",[2]Entry!$G$46) | T43: =IF([2]Entry!$J$46="","",[2]Entry!$J$46) | U43: =IF([2]Entry!$K$46="","",[2]Entry!$K$46) | V43: =IF([2]Entry!$L$46="","",[2]Entry!$L$46) | W43: =IF([2]Entry!$M$46="","",[2]Entry!$M$46) | X43: =IF([2]Entry!$N$46="","",[2]Entry!$N$46) | Y43: =IF([2]Entry!$R$46="","",[2]Entry!$R$46) | AA43: =IF(AND($E43<>"",$G43<>"",$F43="هزینه"),1,0) | AB43: =SUM($AA$6:$AA43) | AC43: =IFERROR(INDEX($E$6:$E$105,MATCH(ROW()-5,$AB$6:$AB$105,0)),"")
E44: =IF([1]SubGroups!$B$45="","",[1]SubGroups!$A$45) | F44: =IF([1]SubGroups!$B$45="","",[1]SubGroups!$B$45) | G44: =IF([1]SubGroups!$B$45="","",[1]SubGroups!$C$45) | H44: =IF([1]SubGroups!$B$45="","",[1]SubGroups!$D$45) | J44: =IF([1]Accounts!$D$45="","",[1]Accounts!$A$45) | K44: =IF([1]Accounts!$D$45="","",[1]Accounts!$B$45) | L44: =IF([1]Accounts!$D$45="","",[1]Accounts!$C$45) | M44: =IF([1]Accounts!$D$45="","",[1]Accounts!$D$45) | P44: =IF([2]Entry!$C$47="","",[2]Entry!$C$47) | Q44: =IF([2]Entry!$D$47="","",[2]Entry!$D$47) | R44: =IF([2]Entry!$E$47="","",[2]Entry!$E$47) | S44: =IF([2]Entry!$G$47="","",[2]Entry!$G$47) | T44: =IF([2]Entry!$J$47="","",[2]Entry!$J$47) | U44: =IF([2]Entry!$K$47="","",[2]Entry!$K$47) | V44: =IF([2]Entry!$L$47="","",[2]Entry!$L$47) | W44: =IF([2]Entry!$M$47="","",[2]Entry!$M$47) | X44: =IF([2]Entry!$N$47="","",[2]Entry!$N$47) | Y44: =IF([2]Entry!$R$47="","",[2]Entry!$R$47) | AA44: =IF(AND($E44<>"",$G44<>"",$F44="هزینه"),1,0) | AB44: =SUM($AA$6:$AA44) | AC44: =IFERROR(INDEX($E$6:$E$105,MATCH(ROW()-5,$AB$6:$AB$105,0)),"")
E45: =IF([1]SubGroups!$B$46="","",[1]SubGroups!$A$46) | F45: =IF([1]SubGroups!$B$46="","",[1]SubGroups!$B$46) | G45: =IF([1]SubGroups!$B$46="","",[1]SubGroups!$C$46) | H45: =IF([1]SubGroups!$B$46="","",[1]SubGroups!$D$46) | J45: =IF([1]Accounts!$D$46="","",[1]Accounts!$A$46) | K45: =IF([1]Accounts!$D$46="","",[1]Accounts!$B$46) | L45: =IF([1]Accounts!$D$46="","",[1]Accounts!$C$46) | M45: =IF([1]Accounts!$D$46="","",[1]Accounts!$D$46) | P45: =IF([2]Entry!$C$48="","",[2]Entry!$C$48) | Q45: =IF([2]Entry!$D$48="","",[2]Entry!$D$48) | R45: =IF([2]Entry!$E$48="","",[2]Entry!$E$48) | S45: =IF([2]Entry!$G$48="","",[2]Entry!$G$48) | T45: =IF([2]Entry!$J$48="","",[2]Entry!$J$48) | U45: =IF([2]Entry!$K$48="","",[2]Entry!$K$48) | V45: =IF([2]Entry!$L$48="","",[2]Entry!$L$48) | W45: =IF([2]Entry!$M$48="","",[2]Entry!$M$48) | X45: =IF([2]Entry!$N$48="","",[2]Entry!$N$48) | Y45: =IF([2]Entry!$R$48="","",[2]Entry!$R$48) | AA45: =IF(AND($E45<>"",$G45<>"",$F45="هزینه"),1,0) | AB45: =SUM($AA$6:$AA45) | AC45: =IFERROR(INDEX($E$6:$E$105,MATCH(ROW()-5,$AB$6:$AB$105,0)),"")
E46: =IF([1]SubGroups!$B$47="","",[1]SubGroups!$A$47) | F46: =IF([1]SubGroups!$B$47="","",[1]SubGroups!$B$47) | G46: =IF([1]SubGroups!$B$47="","",[1]SubGroups!$C$47) | H46: =IF([1]SubGroups!$B$47="","",[1]SubGroups!$D$47) | J46: =IF([1]Accounts!$D$47="","",[1]Accounts!$A$47) | K46: =IF([1]Accounts!$D$47="","",[1]Accounts!$B$47) | L46: =IF([1]Accounts!$D$47="","",[1]Accounts!$C$47) | M46: =IF([1]Accounts!$D$47="","",[1]Accounts!$D$47) | P46: =IF([2]Entry!$C$49="","",[2]Entry!$C$49) | Q46: =IF([2]Entry!$D$49="","",[2]Entry!$D$49) | R46: =IF([2]Entry!$E$49="","",[2]Entry!$E$49) | S46: =IF([2]Entry!$G$49="","",[2]Entry!$G$49) | T46: =IF([2]Entry!$J$49="","",[2]Entry!$J$49) | U46: =IF([2]Entry!$K$49="","",[2]Entry!$K$49) | V46: =IF([2]Entry!$L$49="","",[2]Entry!$L$49) | W46: =IF([2]Entry!$M$49="","",[2]Entry!$M$49) | X46: =IF([2]Entry!$N$49="","",[2]Entry!$N$49) | Y46: =IF([2]Entry!$R$49="","",[2]Entry!$R$49) | AA46: =IF(AND($E46<>"",$G46<>"",$F46="هزینه"),1,0) | AB46: =SUM($AA$6:$AA46) | AC46: =IFERROR(INDEX($E$6:$E$105,MATCH(ROW()-5,$AB$6:$AB$105,0)),"")
E47: =IF([1]SubGroups!$B$48="","",[1]SubGroups!$A$48) | F47: =IF([1]SubGroups!$B$48="","",[1]SubGroups!$B$48) | G47: =IF([1]SubGroups!$B$48="","",[1]SubGroups!$C$48) | H47: =IF([1]SubGroups!$B$48="","",[1]SubGroups!$D$48) | J47: =IF([1]Accounts!$D$48="","",[1]Accounts!$A$48) | K47: =IF([1]Accounts!$D$48="","",[1]Accounts!$B$48) | L47: =IF([1]Accounts!$D$48="","",[1]Accounts!$C$48) | M47: =IF([1]Accounts!$D$48="","",[1]Accounts!$D$48) | P47: =IF([2]Entry!$C$50="","",[2]Entry!$C$50) | Q47: =IF([2]Entry!$D$50="","",[2]Entry!$D$50) | R47: =IF([2]Entry!$E$50="","",[2]Entry!$E$50) | S47: =IF([2]Entry!$G$50="","",[2]Entry!$G$50) | T47: =IF([2]Entry!$J$50="","",[2]Entry!$J$50) | U47: =IF([2]Entry!$K$50="","",[2]Entry!$K$50) | V47: =IF([2]Entry!$L$50="","",[2]Entry!$L$50) | W47: =IF([2]Entry!$M$50="","",[2]Entry!$M$50) | X47: =IF([2]Entry!$N$50="","",[2]Entry!$N$50) | Y47: =IF([2]Entry!$R$50="","",[2]Entry!$R$50) | AA47: =IF(AND($E47<>"",$G47<>"",$F47="هزینه"),1,0) | AB47: =SUM($AA$6:$AA47) | AC47: =IFERROR(INDEX($E$6:$E$105,MATCH(ROW()-5,$AB$6:$AB$105,0)),"")
E48: =IF([1]SubGroups!$B$49="","",[1]SubGroups!$A$49) | F48: =IF([1]SubGroups!$B$49="","",[1]SubGroups!$B$49) | G48: =IF([1]SubGroups!$B$49="","",[1]SubGroups!$C$49) | H48: =IF([1]SubGroups!$B$49="","",[1]SubGroups!$D$49) | J48: =IF([1]Accounts!$D$49="","",[1]Accounts!$A$49) | K48: =IF([1]Accounts!$D$49="","",[1]Accounts!$B$49) | L48: =IF([1]Accounts!$D$49="","",[1]Accounts!$C$49) | M48: =IF([1]Accounts!$D$49="","",[1]Accounts!$D$49) | P48: =IF([2]Entry!$C$51="","",[2]Entry!$C$51) | Q48: =IF([2]Entry!$D$51="","",[2]Entry!$D$51) | R48: =IF([2]Entry!$E$51="","",[2]Entry!$E$51) | S48: =IF([2]Entry!$G$51="","",[2]Entry!$G$51) | T48: =IF([2]Entry!$J$51="","",[2]Entry!$J$51) | U48: =IF([2]Entry!$K$51="","",[2]Entry!$K$51) | V48: =IF([2]Entry!$L$51="","",[2]Entry!$L$51) | W48: =IF([2]Entry!$M$51="","",[2]Entry!$M$51) | X48: =IF([2]Entry!$N$51="","",[2]Entry!$N$51) | Y48: =IF([2]Entry!$R$51="","",[2]Entry!$R$51) | AA48: =IF(AND($E48<>"",$G48<>"",$F48="هزینه"),1,0) | AB48: =SUM($AA$6:$AA48) | AC48: =IFERROR(INDEX($E$6:$E$105,MATCH(ROW()-5,$AB$6:$AB$105,0)),"")
E49: =IF([1]SubGroups!$B$50="","",[1]SubGroups!$A$50) | F49: =IF([1]SubGroups!$B$50="","",[1]SubGroups!$B$50) | G49: =IF([1]SubGroups!$B$50="","",[1]SubGroups!$C$50) | H49: =IF([1]SubGroups!$B$50="","",[1]SubGroups!$D$50) | J49: =IF([1]Accounts!$D$50="","",[1]Accounts!$A$50) | K49: =IF([1]Accounts!$D$50="","",[1]Accounts!$B$50) | L49: =IF([1]Accounts!$D$50="","",[1]Accounts!$C$50) | M49: =IF([1]Accounts!$D$50="","",[1]Accounts!$D$50) | P49: =IF([2]Entry!$C$52="","",[2]Entry!$C$52) | Q49: =IF([2]Entry!$D$52="","",[2]Entry!$D$52) | R49: =IF([2]Entry!$E$52="","",[2]Entry!$E$52) | S49: =IF([2]Entry!$G$52="","",[2]Entry!$G$52) | T49: =IF([2]Entry!$J$52="","",[2]Entry!$J$52) | U49: =IF([2]Entry!$K$52="","",[2]Entry!$K$52) | V49: =IF([2]Entry!$L$52="","",[2]Entry!$L$52) | W49: =IF([2]Entry!$M$52="","",[2]Entry!$M$52) | X49: =IF([2]Entry!$N$52="","",[2]Entry!$N$52) | Y49: =IF([2]Entry!$R$52="","",[2]Entry!$R$52) | AA49: =IF(AND($E49<>"",$G49<>"",$F49="هزینه"),1,0) | AB49: =SUM($AA$6:$AA49) | AC49: =IFERROR(INDEX($E$6:$E$105,MATCH(ROW()-5,$AB$6:$AB$105,0)),"")
E50: =IF([1]SubGroups!$B$51="","",[1]SubGroups!$A$51) | F50: =IF([1]SubGroups!$B$51="","",[1]SubGroups!$B$51) | G50: =IF([1]SubGroups!$B$51="","",[1]SubGroups!$C$51) | H50: =IF([1]SubGroups!$B$51="","",[1]SubGroups!$D$51) | J50: =IF([1]Accounts!$D$51="","",[1]Accounts!$A$51) | K50: =IF([1]Accounts!$D$51="","",[1]Accounts!$B$51) | L50: =IF([1]Accounts!$D$51="","",[1]Accounts!$C$51) | M50: =IF([1]Accounts!$D$51="","",[1]Accounts!$D$51) | P50: =IF([2]Entry!$C$53="","",[2]Entry!$C$53) | Q50: =IF([2]Entry!$D$53="","",[2]Entry!$D$53) | R50: =IF([2]Entry!$E$53="","",[2]Entry!$E$53) | S50: =IF([2]Entry!$G$53="","",[2]Entry!$G$53) | T50: =IF([2]Entry!$J$53="","",[2]Entry!$J$53) | U50: =IF([2]Entry!$K$53="","",[2]Entry!$K$53) | V50: =IF([2]Entry!$L$53="","",[2]Entry!$L$53) | W50: =IF([2]Entry!$M$53="","",[2]Entry!$M$53) | X50: =IF([2]Entry!$N$53="","",[2]Entry!$N$53) | Y50: =IF([2]Entry!$R$53="","",[2]Entry!$R$53) | AA50: =IF(AND($E50<>"",$G50<>"",$F50="هزینه"),1,0) | AB50: =SUM($AA$6:$AA50) | AC50: =IFERROR(INDEX($E$6:$E$105,MATCH(ROW()-5,$AB$6:$AB$105,0)),"")
E51: =IF([1]SubGroups!$B$52="","",[1]SubGroups!$A$52) | F51: =IF([1]SubGroups!$B$52="","",[1]SubGroups!$B$52) | G51: =IF([1]SubGroups!$B$52="","",[1]SubGroups!$C$52) | H51: =IF([1]SubGroups!$B$52="","",[1]SubGroups!$D$52) | J51: =IF([1]Accounts!$D$52="","",[1]Accounts!$A$52) | K51: =IF([1]Accounts!$D$52="","",[1]Accounts!$B$52) | L51: =IF([1]Accounts!$D$52="","",[1]Accounts!$C$52) | M51: =IF([1]Accounts!$D$52="","",[1]Accounts!$D$52) | P51: =IF([2]Entry!$C$54="","",[2]Entry!$C$54) | Q51: =IF([2]Entry!$D$54="","",[2]Entry!$D$54) | R51: =IF([2]Entry!$E$54="","",[2]Entry!$E$54) | S51: =IF([2]Entry!$G$54="","",[2]Entry!$G$54) | T51: =IF([2]Entry!$J$54="","",[2]Entry!$J$54) | U51: =IF([2]Entry!$K$54="","",[2]Entry!$K$54) | V51: =IF([2]Entry!$L$54="","",[2]Entry!$L$54) | W51: =IF([2]Entry!$M$54="","",[2]Entry!$M$54) | X51: =IF([2]Entry!$N$54="","",[2]Entry!$N$54) | Y51: =IF([2]Entry!$R$54="","",[2]Entry!$R$54) | AA51: =IF(AND($E51<>"",$G51<>"",$F51="هزینه"),1,0) | AB51: =SUM($AA$6:$AA51) | AC51: =IFERROR(INDEX($E$6:$E$105,MATCH(ROW()-5,$AB$6:$AB$105,0)),"")
E52: =IF([1]SubGroups!$B$53="","",[1]SubGroups!$A$53) | F52: =IF([1]SubGroups!$B$53="","",[1]SubGroups!$B$53) | G52: =IF([1]SubGroups!$B$53="","",[1]SubGroups!$C$53) | H52: =IF([1]SubGroups!$B$53="","",[1]SubGroups!$D$53) | J52: =IF([1]Accounts!$D$53="","",[1]Accounts!$A$53) | K52: =IF([1]Accounts!$D$53="","",[1]Accounts!$B$53) | L52: =IF([1]Accounts!$D$53="","",[1]Accounts!$C$53) | M52: =IF([1]Accounts!$D$53="","",[1]Accounts!$D$53) | P52: =IF([2]Entry!$C$55="","",[2]Entry!$C$55) | Q52: =IF([2]Entry!$D$55="","",[2]Entry!$D$55) | R52: =IF([2]Entry!$E$55="","",[2]Entry!$E$55) | S52: =IF([2]Entry!$G$55="","",[2]Entry!$G$55) | T52: =IF([2]Entry!$J$55="","",[2]Entry!$J$55) | U52: =IF([2]Entry!$K$55="","",[2]Entry!$K$55) | V52: =IF([2]Entry!$L$55="","",[2]Entry!$L$55) | W52: =IF([2]Entry!$M$55="","",[2]Entry!$M$55) | X52: =IF([2]Entry!$N$55="","",[2]Entry!$N$55) | Y52: =IF([2]Entry!$R$55="","",[2]Entry!$R$55) | AA52: =IF(AND($E52<>"",$G52<>"",$F52="هزینه"),1,0) | AB52: =SUM($AA$6:$AA52) | AC52: =IFERROR(INDEX($E$6:$E$105,MATCH(ROW()-5,$AB$6:$AB$105,0)),"")
E53: =IF([1]SubGroups!$B$54="","",[1]SubGroups!$A$54) | F53: =IF([1]SubGroups!$B$54="","",[1]SubGroups!$B$54) | G53: =IF([1]SubGroups!$B$54="","",[1]SubGroups!$C$54) | H53: =IF([1]SubGroups!$B$54="","",[1]SubGroups!$D$54) | J53: =IF([1]Accounts!$D$54="","",[1]Accounts!$A$54) | K53: =IF([1]Accounts!$D$54="","",[1]Accounts!$B$54) | L53: =IF([1]Accounts!$D$54="","",[1]Accounts!$C$54) | M53: =IF([1]Accounts!$D$54="","",[1]Accounts!$D$54) | P53: =IF([2]Entry!$C$56="","",[2]Entry!$C$56) | Q53: =IF([2]Entry!$D$56="","",[2]Entry!$D$56) | R53: =IF([2]Entry!$E$56="","",[2]Entry!$E$56) | S53: =IF([2]Entry!$G$56="","",[2]Entry!$G$56) | T53: =IF([2]Entry!$J$56="","",[2]Entry!$J$56) | U53: =IF([2]Entry!$K$56="","",[2]Entry!$K$56) | V53: =IF([2]Entry!$L$56="","",[2]Entry!$L$56) | W53: =IF([2]Entry!$M$56="","",[2]Entry!$M$56) | X53: =IF([2]Entry!$N$56="","",[2]Entry!$N$56) | Y53: =IF([2]Entry!$R$56="","",[2]Entry!$R$56) | AA53: =IF(AND($E53<>"",$G53<>"",$F53="هزینه"),1,0) | AB53: =SUM($AA$6:$AA53) | AC53: =IFERROR(INDEX($E$6:$E$105,MATCH(ROW()-5,$AB$6:$AB$105,0)),"")
E54: =IF([1]SubGroups!$B$55="","",[1]SubGroups!$A$55) | F54: =IF([1]SubGroups!$B$55="","",[1]SubGroups!$B$55) | G54: =IF([1]SubGroups!$B$55="","",[1]SubGroups!$C$55) | H54: =IF([1]SubGroups!$B$55="","",[1]SubGroups!$D$55) | J54: =IF([1]Accounts!$D$55="","",[1]Accounts!$A$55) | K54: =IF([1]Accounts!$D$55="","",[1]Accounts!$B$55) | L54: =IF([1]Accounts!$D$55="","",[1]Accounts!$C$55) | M54: =IF([1]Accounts!$D$55="","",[1]Accounts!$D$55) | P54: =IF([2]Entry!$C$57="","",[2]Entry!$C$57) | Q54: =IF([2]Entry!$D$57="","",[2]Entry!$D$57) | R54: =IF([2]Entry!$E$57="","",[2]Entry!$E$57) | S54: =IF([2]Entry!$G$57="","",[2]Entry!$G$57) | T54: =IF([2]Entry!$J$57="","",[2]Entry!$J$57) | U54: =IF([2]Entry!$K$57="","",[2]Entry!$K$57) | V54: =IF([2]Entry!$L$57="","",[2]Entry!$L$57) | W54: =IF([2]Entry!$M$57="","",[2]Entry!$M$57) | X54: =IF([2]Entry!$N$57="","",[2]Entry!$N$57) | Y54: =IF([2]Entry!$R$57="","",[2]Entry!$R$57) | AA54: =IF(AND($E54<>"",$G54<>"",$F54="هزینه"),1,0) | AB54: =SUM($AA$6:$AA54) | AC54: =IFERROR(INDEX($E$6:$E$105,MATCH(ROW()-5,$AB$6:$AB$105,0)),"")
E55: =IF([1]SubGroups!$B$56="","",[1]SubGroups!$A$56) | F55: =IF([1]SubGroups!$B$56="","",[1]SubGroups!$B$56) | G55: =IF([1]SubGroups!$B$56="","",[1]SubGroups!$C$56) | H55: =IF([1]SubGroups!$B$56="","",[1]SubGroups!$D$56) | J55: =IF([1]Accounts!$D$56="","",[1]Accounts!$A$56) | K55: =IF([1]Accounts!$D$56="","",[1]Accounts!$B$56) | L55: =IF([1]Accounts!$D$56="","",[1]Accounts!$C$56) | M55: =IF([1]Accounts!$D$56="","",[1]Accounts!$D$56) | P55: =IF([2]Entry!$C$58="","",[2]Entry!$C$58) | Q55: =IF([2]Entry!$D$58="","",[2]Entry!$D$58) | R55: =IF([2]Entry!$E$58="","",[2]Entry!$E$58) | S55: =IF([2]Entry!$G$58="","",[2]Entry!$G$58) | T55: =IF([2]Entry!$J$58="","",[2]Entry!$J$58) | U55: =IF([2]Entry!$K$58="","",[2]Entry!$K$58) | V55: =IF([2]Entry!$L$58="","",[2]Entry!$L$58) | W55: =IF([2]Entry!$M$58="","",[2]Entry!$M$58) | X55: =IF([2]Entry!$N$58="","",[2]Entry!$N$58) | Y55: =IF([2]Entry!$R$58="","",[2]Entry!$R$58) | AA55: =IF(AND($E55<>"",$G55<>"",$F55="هزینه"),1,0) | AB55: =SUM($AA$6:$AA55) | AC55: =IFERROR(INDEX($E$6:$E$105,MATCH(ROW()-5,$AB$6:$AB$105,0)),"")
E56: =IF([1]SubGroups!$B$57="","",[1]SubGroups!$A$57) | F56: =IF([1]SubGroups!$B$57="","",[1]SubGroups!$B$57) | G56: =IF([1]SubGroups!$B$57="","",[1]SubGroups!$C$57) | H56: =IF([1]SubGroups!$B$57="","",[1]SubGroups!$D$57) | J56: =IF([1]Accounts!$D$57="","",[1]Accounts!$A$57) | K56: =IF([1]Accounts!$D$57="","",[1]Accounts!$B$57) | L56: =IF([1]Accounts!$D$57="","",[1]Accounts!$C$57) | M56: =IF([1]Accounts!$D$57="","",[1]Accounts!$D$57) | P56: =IF([2]Entry!$C$59="","",[2]Entry!$C$59) | Q56: =IF([2]Entry!$D$59="","",[2]Entry!$D$59) | R56: =IF([2]Entry!$E$59="","",[2]Entry!$E$59) | S56: =IF([2]Entry!$G$59="","",[2]Entry!$G$59) | T56: =IF([2]Entry!$J$59="","",[2]Entry!$J$59) | U56: =IF([2]Entry!$K$59="","",[2]Entry!$K$59) | V56: =IF([2]Entry!$L$59="","",[2]Entry!$L$59) | W56: =IF([2]Entry!$M$59="","",[2]Entry!$M$59) | X56: =IF([2]Entry!$N$59="","",[2]Entry!$N$59) | Y56: =IF([2]Entry!$R$59="","",[2]Entry!$R$59) | AA56: =IF(AND($E56<>"",$G56<>"",$F56="هزینه"),1,0) | AB56: =SUM($AA$6:$AA56) | AC56: =IFERROR(INDEX($E$6:$E$105,MATCH(ROW()-5,$AB$6:$AB$105,0)),"")
E57: =IF([1]SubGroups!$B$58="","",[1]SubGroups!$A$58) | F57: =IF([1]SubGroups!$B$58="","",[1]SubGroups!$B$58) | G57: =IF([1]SubGroups!$B$58="","",[1]SubGroups!$C$58) | H57: =IF([1]SubGroups!$B$58="","",[1]SubGroups!$D$58) | J57: =IF([1]Accounts!$D$58="","",[1]Accounts!$A$58) | K57: =IF([1]Accounts!$D$58="","",[1]Accounts!$B$58) | L57: =IF([1]Accounts!$D$58="","",[1]Accounts!$C$58) | M57: =IF([1]Accounts!$D$58="","",[1]Accounts!$D$58) | P57: =IF([2]Entry!$C$60="","",[2]Entry!$C$60) | Q57: =IF([2]Entry!$D$60="","",[2]Entry!$D$60) | R57: =IF([2]Entry!$E$60="","",[2]Entry!$E$60) | S57: =IF([2]Entry!$G$60="","",[2]Entry!$G$60) | T57: =IF([2]Entry!$J$60="","",[2]Entry!$J$60) | U57: =IF([2]Entry!$K$60="","",[2]Entry!$K$60) | V57: =IF([2]Entry!$L$60="","",[2]Entry!$L$60) | W57: =IF([2]Entry!$M$60="","",[2]Entry!$M$60) | X57: =IF([2]Entry!$N$60="","",[2]Entry!$N$60) | Y57: =IF([2]Entry!$R$60="","",[2]Entry!$R$60) | AA57: =IF(AND($E57<>"",$G57<>"",$F57="هزینه"),1,0) | AB57: =SUM($AA$6:$AA57) | AC57: =IFERROR(INDEX($E$6:$E$105,MATCH(ROW()-5,$AB$6:$AB$105,0)),"")
E58: =IF([1]SubGroups!$B$59="","",[1]SubGroups!$A$59) | F58: =IF([1]SubGroups!$B$59="","",[1]SubGroups!$B$59) | G58: =IF([1]SubGroups!$B$59="","",[1]SubGroups!$C$59) | H58: =IF([1]SubGroups!$B$59="","",[1]SubGroups!$D$59) | J58: =IF([1]Accounts!$D$59="","",[1]Accounts!$A$59) | K58: =IF([1]Accounts!$D$59="","",[1]Accounts!$B$59) | L58: =IF([1]Accounts!$D$59="","",[1]Accounts!$C$59) | M58: =IF([1]Accounts!$D$59="","",[1]Accounts!$D$59) | P58: =IF([2]Entry!$C$61="","",[2]Entry!$C$61) | Q58: =IF([2]Entry!$D$61="","",[2]Entry!$D$61) | R58: =IF([2]Entry!$E$61="","",[2]Entry!$E$61) | S58: =IF([2]Entry!$G$61="","",[2]Entry!$G$61) | T58: =IF([2]Entry!$J$61="","",[2]Entry!$J$61) | U58: =IF([2]Entry!$K$61="","",[2]Entry!$K$61) | V58: =IF([2]Entry!$L$61="","",[2]Entry!$L$61) | W58: =IF([2]Entry!$M$61="","",[2]Entry!$M$61) | X58: =IF([2]Entry!$N$61="","",[2]Entry!$N$61) | Y58: =IF([2]Entry!$R$61="","",[2]Entry!$R$61) | AA58: =IF(AND($E58<>"",$G58<>"",$F58="هزینه"),1,0) | AB58: =SUM($AA$6:$AA58) | AC58: =IFERROR(INDEX($E$6:$E$105,MATCH(ROW()-5,$AB$6:$AB$105,0)),"")
E59: =IF([1]SubGroups!$B$60="","",[1]SubGroups!$A$60) | F59: =IF([1]SubGroups!$B$60="","",[1]SubGroups!$B$60) | G59: =IF([1]SubGroups!$B$60="","",[1]SubGroups!$C$60) | H59: =IF([1]SubGroups!$B$60="","",[1]SubGroups!$D$60) | J59: =IF([1]Accounts!$D$60="","",[1]Accounts!$A$60) | K59: =IF([1]Accounts!$D$60="","",[1]Accounts!$B$60) | L59: =IF([1]Accounts!$D$60="","",[1]Accounts!$C$60) | M59: =IF([1]Accounts!$D$60="","",[1]Accounts!$D$60) | P59: =IF([2]Entry!$C$62="","",[2]Entry!$C$62) | Q59: =IF([2]Entry!$D$62="","",[2]Entry!$D$62) | R59: =IF([2]Entry!$E$62="","",[2]Entry!$E$62) | S59: =IF([2]Entry!$G$62="","",[2]Entry!$G$62) | T59: =IF([2]Entry!$J$62="","",[2]Entry!$J$62) | U59: =IF([2]Entry!$K$62="","",[2]Entry!$K$62) | V59: =IF([2]Entry!$L$62="","",[2]Entry!$L$62) | W59: =IF([2]Entry!$M$62="","",[2]Entry!$M$62) | X59: =IF([2]Entry!$N$62="","",[2]Entry!$N$62) | Y59: =IF([2]Entry!$R$62="","",[2]Entry!$R$62) | AA59: =IF(AND($E59<>"",$G59<>"",$F59="هزینه"),1,0) | AB59: =SUM($AA$6:$AA59) | AC59: =IFERROR(INDEX($E$6:$E$105,MATCH(ROW()-5,$AB$6:$AB$105,0)),"")
E60: =IF([1]SubGroups!$B$61="","",[1]SubGroups!$A$61) | F60: =IF([1]SubGroups!$B$61="","",[1]SubGroups!$B$61) | G60: =IF([1]SubGroups!$B$61="","",[1]SubGroups!$C$61) | H60: =IF([1]SubGroups!$B$61="","",[1]SubGroups!$D$61) | J60: =IF([1]Accounts!$D$61="","",[1]Accounts!$A$61) | K60: =IF([1]Accounts!$D$61="","",[1]Accounts!$B$61) | L60: =IF([1]Accounts!$D$61="","",[1]Accounts!$C$61) | M60: =IF([1]Accounts!$D$61="","",[1]Accounts!$D$61) | P60: =IF([2]Entry!$C$63="","",[2]Entry!$C$63) | Q60: =IF([2]Entry!$D$63="","",[2]Entry!$D$63) | R60: =IF([2]Entry!$E$63="","",[2]Entry!$E$63) | S60: =IF([2]Entry!$G$63="","",[2]Entry!$G$63) | T60: =IF([2]Entry!$J$63="","",[2]Entry!$J$63) | U60: =IF([2]Entry!$K$63="","",[2]Entry!$K$63) | V60: =IF([2]Entry!$L$63="","",[2]Entry!$L$63) | W60: =IF([2]Entry!$M$63="","",[2]Entry!$M$63) | X60: =IF([2]Entry!$N$63="","",[2]Entry!$N$63) | Y60: =IF([2]Entry!$R$63="","",[2]Entry!$R$63) | AA60: =IF(AND($E60<>"",$G60<>"",$F60="هزینه"),1,0) | AB60: =SUM($AA$6:$AA60) | AC60: =IFERROR(INDEX($E$6:$E$105,MATCH(ROW()-5,$AB$6:$AB$105,0)),"")
E61: =IF([1]SubGroups!$B$62="","",[1]SubGroups!$A$62) | F61: =IF([1]SubGroups!$B$62="","",[1]SubGroups!$B$62) | G61: =IF([1]SubGroups!$B$62="","",[1]SubGroups!$C$62) | H61: =IF([1]SubGroups!$B$62="","",[1]SubGroups!$D$62) | J61: =IF([1]Accounts!$D$62="","",[1]Accounts!$A$62) | K61: =IF([1]Accounts!$D$62="","",[1]Accounts!$B$62) | L61: =IF([1]Accounts!$D$62="","",[1]Accounts!$C$62) | M61: =IF([1]Accounts!$D$62="","",[1]Accounts!$D$62) | P61: =IF([2]Entry!$C$64="","",[2]Entry!$C$64) | Q61: =IF([2]Entry!$D$64="","",[2]Entry!$D$64) | R61: =IF([2]Entry!$E$64="","",[2]Entry!$E$64) | S61: =IF([2]Entry!$G$64="","",[2]Entry!$G$64) | T61: =IF([2]Entry!$J$64="","",[2]Entry!$J$64) | U61: =IF([2]Entry!$K$64="","",[2]Entry!$K$64) | V61: =IF([2]Entry!$L$64="","",[2]Entry!$L$64) | W61: =IF([2]Entry!$M$64="","",[2]Entry!$M$64) | X61: =IF([2]Entry!$N$64="","",[2]Entry!$N$64) | Y61: =IF([2]Entry!$R$64="","",[2]Entry!$R$64) | AA61: =IF(AND($E61<>"",$G61<>"",$F61="هزینه"),1,0) | AB61: =SUM($AA$6:$AA61) | AC61: =IFERROR(INDEX($E$6:$E$105,MATCH(ROW()-5,$AB$6:$AB$105,0)),"")
E62: =IF([1]SubGroups!$B$63="","",[1]SubGroups!$A$63) | F62: =IF([1]SubGroups!$B$63="","",[1]SubGroups!$B$63) | G62: =IF([1]SubGroups!$B$63="","",[1]SubGroups!$C$63) | H62: =IF([1]SubGroups!$B$63="","",[1]SubGroups!$D$63) | J62: =IF([1]Accounts!$D$63="","",[1]Accounts!$A$63) | K62: =IF([1]Accounts!$D$63="","",[1]Accounts!$B$63) | L62: =IF([1]Accounts!$D$63="","",[1]Accounts!$C$63) | M62: =IF([1]Accounts!$D$63="","",[1]Accounts!$D$63) | P62: =IF([2]Entry!$C$65="","",[2]Entry!$C$65) | Q62: =IF([2]Entry!$D$65="","",[2]Entry!$D$65) | R62: =IF([2]Entry!$E$65="","",[2]Entry!$E$65) | S62: =IF([2]Entry!$G$65="","",[2]Entry!$G$65) | T62: =IF([2]Entry!$J$65="","",[2]Entry!$J$65) | U62: =IF([2]Entry!$K$65="","",[2]Entry!$K$65) | V62: =IF([2]Entry!$L$65="","",[2]Entry!$L$65) | W62: =IF([2]Entry!$M$65="","",[2]Entry!$M$65) | X62: =IF([2]Entry!$N$65="","",[2]Entry!$N$65) | Y62: =IF([2]Entry!$R$65="","",[2]Entry!$R$65) | AA62: =IF(AND($E62<>"",$G62<>"",$F62="هزینه"),1,0) | AB62: =SUM($AA$6:$AA62) | AC62: =IFERROR(INDEX($E$6:$E$105,MATCH(ROW()-5,$AB$6:$AB$105,0)),"")
E63: =IF([1]SubGroups!$B$64="","",[1]SubGroups!$A$64) | F63: =IF([1]SubGroups!$B$64="","",[1]SubGroups!$B$64) | G63: =IF([1]SubGroups!$B$64="","",[1]SubGroups!$C$64) | H63: =IF([1]SubGroups!$B$64="","",[1]SubGroups!$D$64) | J63: =IF([1]Accounts!$D$64="","",[1]Accounts!$A$64) | K63: =IF([1]Accounts!$D$64="","",[1]Accounts!$B$64) | L63: =IF([1]Accounts!$D$64="","",[1]Accounts!$C$64) | M63: =IF([1]Accounts!$D$64="","",[1]Accounts!$D$64) | P63: =IF([2]Entry!$C$66="","",[2]Entry!$C$66) | Q63: =IF([2]Entry!$D$66="","",[2]Entry!$D$66) | R63: =IF([2]Entry!$E$66="","",[2]Entry!$E$66) | S63: =IF([2]Entry!$G$66="","",[2]Entry!$G$66) | T63: =IF([2]Entry!$J$66="","",[2]Entry!$J$66) | U63: =IF([2]Entry!$K$66="","",[2]Entry!$K$66) | V63: =IF([2]Entry!$L$66="","",[2]Entry!$L$66) | W63: =IF([2]Entry!$M$66="","",[2]Entry!$M$66) | X63: =IF([2]Entry!$N$66="","",[2]Entry!$N$66) | Y63: =IF([2]Entry!$R$66="","",[2]Entry!$R$66) | AA63: =IF(AND($E63<>"",$G63<>"",$F63="هزینه"),1,0) | AB63: =SUM($AA$6:$AA63) | AC63: =IFERROR(INDEX($E$6:$E$105,MATCH(ROW()-5,$AB$6:$AB$105,0)),"")
E64: =IF([1]SubGroups!$B$65="","",[1]SubGroups!$A$65) | F64: =IF([1]SubGroups!$B$65="","",[1]SubGroups!$B$65) | G64: =IF([1]SubGroups!$B$65="","",[1]SubGroups!$C$65) | H64: =IF([1]SubGroups!$B$65="","",[1]SubGroups!$D$65) | J64: =IF([1]Accounts!$D$65="","",[1]Accounts!$A$65) | K64: =IF([1]Accounts!$D$65="","",[1]Accounts!$B$65) | L64: =IF([1]Accounts!$D$65="","",[1]Accounts!$C$65) | M64: =IF([1]Accounts!$D$65="","",[1]Accounts!$D$65) | P64: =IF([2]Entry!$C$67="","",[2]Entry!$C$67) | Q64: =IF([2]Entry!$D$67="","",[2]Entry!$D$67) | R64: =IF([2]Entry!$E$67="","",[2]Entry!$E$67) | S64: =IF([2]Entry!$G$67="","",[2]Entry!$G$67) | T64: =IF([2]Entry!$J$67="","",[2]Entry!$J$67) | U64: =IF([2]Entry!$K$67="","",[2]Entry!$K$67) | V64: =IF([2]Entry!$L$67="","",[2]Entry!$L$67) | W64: =IF([2]Entry!$M$67="","",[2]Entry!$M$67) | X64: =IF([2]Entry!$N$67="","",[2]Entry!$N$67) | Y64: =IF([2]Entry!$R$67="","",[2]Entry!$R$67) | AA64: =IF(AND($E64<>"",$G64<>"",$F64="هزینه"),1,0) | AB64: =SUM($AA$6:$AA64) | AC64: =IFERROR(INDEX($E$6:$E$105,MATCH(ROW()-5,$AB$6:$AB$105,0)),"")
E65: =IF([1]SubGroups!$B$66="","",[1]SubGroups!$A$66) | F65: =IF([1]SubGroups!$B$66="","",[1]SubGroups!$B$66) | G65: =IF([1]SubGroups!$B$66="","",[1]SubGroups!$C$66) | H65: =IF([1]SubGroups!$B$66="","",[1]SubGroups!$D$66) | J65: =IF([1]Accounts!$D$66="","",[1]Accounts!$A$66) | K65: =IF([1]Accounts!$D$66="","",[1]Accounts!$B$66) | L65: =IF([1]Accounts!$D$66="","",[1]Accounts!$C$66) | M65: =IF([1]Accounts!$D$66="","",[1]Accounts!$D$66) | P65: =IF([2]Entry!$C$68="","",[2]Entry!$C$68) | Q65: =IF([2]Entry!$D$68="","",[2]Entry!$D$68) | R65: =IF([2]Entry!$E$68="","",[2]Entry!$E$68) | S65: =IF([2]Entry!$G$68="","",[2]Entry!$G$68) | T65: =IF([2]Entry!$J$68="","",[2]Entry!$J$68) | U65: =IF([2]Entry!$K$68="","",[2]Entry!$K$68) | V65: =IF([2]Entry!$L$68="","",[2]Entry!$L$68) | W65: =IF([2]Entry!$M$68="","",[2]Entry!$M$68) | X65: =IF([2]Entry!$N$68="","",[2]Entry!$N$68) | Y65: =IF([2]Entry!$R$68="","",[2]Entry!$R$68) | AA65: =IF(AND($E65<>"",$G65<>"",$F65="هزینه"),1,0) | AB65: =SUM($AA$6:$AA65) | AC65: =IFERROR(INDEX($E$6:$E$105,MATCH(ROW()-5,$AB$6:$AB$105,0)),"")
E66: =IF([1]SubGroups!$B$67="","",[1]SubGroups!$A$67) | F66: =IF([1]SubGroups!$B$67="","",[1]SubGroups!$B$67) | G66: =IF([1]SubGroups!$B$67="","",[1]SubGroups!$C$67) | H66: =IF([1]SubGroups!$B$67="","",[1]SubGroups!$D$67) | J66: =IF([1]Accounts!$D$67="","",[1]Accounts!$A$67) | K66: =IF([1]Accounts!$D$67="","",[1]Accounts!$B$67) | L66: =IF([1]Accounts!$D$67="","",[1]Accounts!$C$67) | M66: =IF([1]Accounts!$D$67="","",[1]Accounts!$D$67) | P66: =IF([2]Entry!$C$69="","",[2]Entry!$C$69) | Q66: =IF([2]Entry!$D$69="","",[2]Entry!$D$69) | R66: =IF([2]Entry!$E$69="","",[2]Entry!$E$69) | S66: =IF([2]Entry!$G$69="","",[2]Entry!$G$69) | T66: =IF([2]Entry!$J$69="","",[2]Entry!$J$69) | U66: =IF([2]Entry!$K$69="","",[2]Entry!$K$69) | V66: =IF([2]Entry!$L$69="","",[2]Entry!$L$69) | W66: =IF([2]Entry!$M$69="","",[2]Entry!$M$69) | X66: =IF([2]Entry!$N$69="","",[2]Entry!$N$69) | Y66: =IF([2]Entry!$R$69="","",[2]Entry!$R$69) | AA66: =IF(AND($E66<>"",$G66<>"",$F66="هزینه"),1,0) | AB66: =SUM($AA$6:$AA66) | AC66: =IFERROR(INDEX($E$6:$E$105,MATCH(ROW()-5,$AB$6:$AB$105,0)),"")
E67: =IF([1]SubGroups!$B$68="","",[1]SubGroups!$A$68) | F67: =IF([1]SubGroups!$B$68="","",[1]SubGroups!$B$68) | G67: =IF([1]SubGroups!$B$68="","",[1]SubGroups!$C$68) | H67: =IF([1]SubGroups!$B$68="","",[1]SubGroups!$D$68) | J67: =IF([1]Accounts!$D$68="","",[1]Accounts!$A$68) | K67: =IF([1]Accounts!$D$68="","",[1]Accounts!$B$68) | L67: =IF([1]Accounts!$D$68="","",[1]Accounts!$C$68) | M67: =IF([1]Accounts!$D$68="","",[1]Accounts!$D$68) | P67: =IF([2]Entry!$C$70="","",[2]Entry!$C$70) | Q67: =IF([2]Entry!$D$70="","",[2]Entry!$D$70) | R67: =IF([2]Entry!$E$70="","",[2]Entry!$E$70) | S67: =IF([2]Entry!$G$70="","",[2]Entry!$G$70) | T67: =IF([2]Entry!$J$70="","",[2]Entry!$J$70) | U67: =IF([2]Entry!$K$70="","",[2]Entry!$K$70) | V67: =IF([2]Entry!$L$70="","",[2]Entry!$L$70) | W67: =IF([2]Entry!$M$70="","",[2]Entry!$M$70) | X67: =IF([2]Entry!$N$70="","",[2]Entry!$N$70) | Y67: =IF([2]Entry!$R$70="","",[2]Entry!$R$70) | AA67: =IF(AND($E67<>"",$G67<>"",$F67="هزینه"),1,0) | AB67: =SUM($AA$6:$AA67) | AC67: =IFERROR(INDEX($E$6:$E$105,MATCH(ROW()-5,$AB$6:$AB$105,0)),"")
E68: =IF([1]SubGroups!$B$69="","",[1]SubGroups!$A$69) | F68: =IF([1]SubGroups!$B$69="","",[1]SubGroups!$B$69) | G68: =IF([1]SubGroups!$B$69="","",[1]SubGroups!$C$69) | H68: =IF([1]SubGroups!$B$69="","",[1]SubGroups!$D$69) | J68: =IF([1]Accounts!$D$69="","",[1]Accounts!$A$69) | K68: =IF([1]Accounts!$D$69="","",[1]Accounts!$B$69) | L68: =IF([1]Accounts!$D$69="","",[1]Accounts!$C$69) | M68: =IF([1]Accounts!$D$69="","",[1]Accounts!$D$69) | P68: =IF([2]Entry!$C$71="","",[2]Entry!$C$71) | Q68: =IF([2]Entry!$D$71="","",[2]Entry!$D$71) | R68: =IF([2]Entry!$E$71="","",[2]Entry!$E$71) | S68: =IF([2]Entry!$G$71="","",[2]Entry!$G$71) | T68: =IF([2]Entry!$J$71="","",[2]Entry!$J$71) | U68: =IF([2]Entry!$K$71="","",[2]Entry!$K$71) | V68: =IF([2]Entry!$L$71="","",[2]Entry!$L$71) | W68: =IF([2]Entry!$M$71="","",[2]Entry!$M$71) | X68: =IF([2]Entry!$N$71="","",[2]Entry!$N$71) | Y68: =IF([2]Entry!$R$71="","",[2]Entry!$R$71) | AA68: =IF(AND($E68<>"",$G68<>"",$F68="هزینه"),1,0) | AB68: =SUM($AA$6:$AA68) | AC68: =IFERROR(INDEX($E$6:$E$105,MATCH(ROW()-5,$AB$6:$AB$105,0)),"")
E69: =IF([1]SubGroups!$B$70="","",[1]SubGroups!$A$70) | F69: =IF([1]SubGroups!$B$70="","",[1]SubGroups!$B$70) | G69: =IF([1]SubGroups!$B$70="","",[1]SubGroups!$C$70) | H69: =IF([1]SubGroups!$B$70="","",[1]SubGroups!$D$70) | J69: =IF([1]Accounts!$D$70="","",[1]Accounts!$A$70) | K69: =IF([1]Accounts!$D$70="","",[1]Accounts!$B$70) | L69: =IF([1]Accounts!$D$70="","",[1]Accounts!$C$70) | M69: =IF([1]Accounts!$D$70="","",[1]Accounts!$D$70) | P69: =IF([2]Entry!$C$72="","",[2]Entry!$C$72) | Q69: =IF([2]Entry!$D$72="","",[2]Entry!$D$72) | R69: =IF([2]Entry!$E$72="","",[2]Entry!$E$72) | S69: =IF([2]Entry!$G$72="","",[2]Entry!$G$72) | T69: =IF([2]Entry!$J$72="","",[2]Entry!$J$72) | U69: =IF([2]Entry!$K$72="","",[2]Entry!$K$72) | V69: =IF([2]Entry!$L$72="","",[2]Entry!$L$72) | W69: =IF([2]Entry!$M$72="","",[2]Entry!$M$72) | X69: =IF([2]Entry!$N$72="","",[2]Entry!$N$72) | Y69: =IF([2]Entry!$R$72="","",[2]Entry!$R$72) | AA69: =IF(AND($E69<>"",$G69<>"",$F69="هزینه"),1,0) | AB69: =SUM($AA$6:$AA69) | AC69: =IFERROR(INDEX($E$6:$E$105,MATCH(ROW()-5,$AB$6:$AB$105,0)),"")
E70: =IF([1]SubGroups!$B$71="","",[1]SubGroups!$A$71) | F70: =IF([1]SubGroups!$B$71="","",[1]SubGroups!$B$71) | G70: =IF([1]SubGroups!$B$71="","",[1]SubGroups!$C$71) | H70: =IF([1]SubGroups!$B$71="","",[1]SubGroups!$D$71) | J70: =IF([1]Accounts!$D$71="","",[1]Accounts!$A$71) | K70: =IF([1]Accounts!$D$71="","",[1]Accounts!$B$71) | L70: =IF([1]Accounts!$D$71="","",[1]Accounts!$C$71) | M70: =IF([1]Accounts!$D$71="","",[1]Accounts!$D$71) | P70: =IF([2]Entry!$C$73="","",[2]Entry!$C$73) | Q70: =IF([2]Entry!$D$73="","",[2]Entry!$D$73) | R70: =IF([2]Entry!$E$73="","",[2]Entry!$E$73) | S70: =IF([2]Entry!$G$73="","",[2]Entry!$G$73) | T70: =IF([2]Entry!$J$73="","",[2]Entry!$J$73) | U70: =IF([2]Entry!$K$73="","",[2]Entry!$K$73) | V70: =IF([2]Entry!$L$73="","",[2]Entry!$L$73) | W70: =IF([2]Entry!$M$73="","",[2]Entry!$M$73) | X70: =IF([2]Entry!$N$73="","",[2]Entry!$N$73) | Y70: =IF([2]Entry!$R$73="","",[2]Entry!$R$73) | AA70: =IF(AND($E70<>"",$G70<>"",$F70="هزینه"),1,0) | AB70: =SUM($AA$6:$AA70) | AC70: =IFERROR(INDEX($E$6:$E$105,MATCH(ROW()-5,$AB$6:$AB$105,0)),"")
E71: =IF([1]SubGroups!$B$72="","",[1]SubGroups!$A$72) | F71: =IF([1]SubGroups!$B$72="","",[1]SubGroups!$B$72) | G71: =IF([1]SubGroups!$B$72="","",[1]SubGroups!$C$72) | H71: =IF([1]SubGroups!$B$72="","",[1]SubGroups!$D$72) | J71: =IF([1]Accounts!$D$72="","",[1]Accounts!$A$72) | K71: =IF([1]Accounts!$D$72="","",[1]Accounts!$B$72) | L71: =IF([1]Accounts!$D$72="","",[1]Accounts!$C$72) | M71: =IF([1]Accounts!$D$72="","",[1]Accounts!$D$72) | P71: =IF([2]Entry!$C$74="","",[2]Entry!$C$74) | Q71: =IF([2]Entry!$D$74="","",[2]Entry!$D$74) | R71: =IF([2]Entry!$E$74="","",[2]Entry!$E$74) | S71: =IF([2]Entry!$G$74="","",[2]Entry!$G$74) | T71: =IF([2]Entry!$J$74="","",[2]Entry!$J$74) | U71: =IF([2]Entry!$K$74="","",[2]Entry!$K$74) | V71: =IF([2]Entry!$L$74="","",[2]Entry!$L$74) | W71: =IF([2]Entry!$M$74="","",[2]Entry!$M$74) | X71: =IF([2]Entry!$N$74="","",[2]Entry!$N$74) | Y71: =IF([2]Entry!$R$74="","",[2]Entry!$R$74) | AA71: =IF(AND($E71<>"",$G71<>"",$F71="هزینه"),1,0) | AB71: =SUM($AA$6:$AA71) | AC71: =IFERROR(INDEX($E$6:$E$105,MATCH(ROW()-5,$AB$6:$AB$105,0)),"")
E72: =IF([1]SubGroups!$B$73="","",[1]SubGroups!$A$73) | F72: =IF([1]SubGroups!$B$73="","",[1]SubGroups!$B$73) | G72: =IF([1]SubGroups!$B$73="","",[1]SubGroups!$C$73) | H72: =IF([1]SubGroups!$B$73="","",[1]SubGroups!$D$73) | J72: =IF([1]Accounts!$D$73="","",[1]Accounts!$A$73) | K72: =IF([1]Accounts!$D$73="","",[1]Accounts!$B$73) | L72: =IF([1]Accounts!$D$73="","",[1]Accounts!$C$73) | M72: =IF([1]Accounts!$D$73="","",[1]Accounts!$D$73) | P72: =IF([2]Entry!$C$75="","",[2]Entry!$C$75) | Q72: =IF([2]Entry!$D$75="","",[2]Entry!$D$75) | R72: =IF([2]Entry!$E$75="","",[2]Entry!$E$75) | S72: =IF([2]Entry!$G$75="","",[2]Entry!$G$75) | T72: =IF([2]Entry!$J$75="","",[2]Entry!$J$75) | U72: =IF([2]Entry!$K$75="","",[2]Entry!$K$75) | V72: =IF([2]Entry!$L$75="","",[2]Entry!$L$75) | W72: =IF([2]Entry!$M$75="","",[2]Entry!$M$75) | X72: =IF([2]Entry!$N$75="","",[2]Entry!$N$75) | Y72: =IF([2]Entry!$R$75="","",[2]Entry!$R$75) | AA72: =IF(AND($E72<>"",$G72<>"",$F72="هزینه"),1,0) | AB72: =SUM($AA$6:$AA72) | AC72: =IFERROR(INDEX($E$6:$E$105,MATCH(ROW()-5,$AB$6:$AB$105,0)),"")
E73: =IF([1]SubGroups!$B$74="","",[1]SubGroups!$A$74) | F73: =IF([1]SubGroups!$B$74="","",[1]SubGroups!$B$74) | G73: =IF([1]SubGroups!$B$74="","",[1]SubGroups!$C$74) | H73: =IF([1]SubGroups!$B$74="","",[1]SubGroups!$D$74) | J73: =IF([1]Accounts!$D$74="","",[1]Accounts!$A$74) | K73: =IF([1]Accounts!$D$74="","",[1]Accounts!$B$74) | L73: =IF([1]Accounts!$D$74="","",[1]Accounts!$C$74) | M73: =IF([1]Accounts!$D$74="","",[1]Accounts!$D$74) | P73: =IF([2]Entry!$C$76="","",[2]Entry!$C$76) | Q73: =IF([2]Entry!$D$76="","",[2]Entry!$D$76) | R73: =IF([2]Entry!$E$76="","",[2]Entry!$E$76) | S73: =IF([2]Entry!$G$76="","",[2]Entry!$G$76) | T73: =IF([2]Entry!$J$76="","",[2]Entry!$J$76) | U73: =IF([2]Entry!$K$76="","",[2]Entry!$K$76) | V73: =IF([2]Entry!$L$76="","",[2]Entry!$L$76) | W73: =IF([2]Entry!$M$76="","",[2]Entry!$M$76) | X73: =IF([2]Entry!$N$76="","",[2]Entry!$N$76) | Y73: =IF([2]Entry!$R$76="","",[2]Entry!$R$76) | AA73: =IF(AND($E73<>"",$G73<>"",$F73="هزینه"),1,0) | AB73: =SUM($AA$6:$AA73) | AC73: =IFERROR(INDEX($E$6:$E$105,MATCH(ROW()-5,$AB$6:$AB$105,0)),"")
E74: =IF([1]SubGroups!$B$75="","",[1]SubGroups!$A$75) | F74: =IF([1]SubGroups!$B$75="","",[1]SubGroups!$B$75) | G74: =IF([1]SubGroups!$B$75="","",[1]SubGroups!$C$75) | H74: =IF([1]SubGroups!$B$75="","",[1]SubGroups!$D$75) | J74: =IF([1]Accounts!$D$75="","",[1]Accounts!$A$75) | K74: =IF([1]Accounts!$D$75="","",[1]Accounts!$B$75) | L74: =IF([1]Accounts!$D$75="","",[1]Accounts!$C$75) | M74: =IF([1]Accounts!$D$75="","",[1]Accounts!$D$75) | P74: =IF([2]Entry!$C$77="","",[2]Entry!$C$77) | Q74: =IF([2]Entry!$D$77="","",[2]Entry!$D$77) | R74: =IF([2]Entry!$E$77="","",[2]Entry!$E$77) | S74: =IF([2]Entry!$G$77="","",[2]Entry!$G$77) | T74: =IF([2]Entry!$J$77="","",[2]Entry!$J$77) | U74: =IF([2]Entry!$K$77="","",[2]Entry!$K$77) | V74: =IF([2]Entry!$L$77="","",[2]Entry!$L$77) | W74: =IF([2]Entry!$M$77="","",[2]Entry!$M$77) | X74: =IF([2]Entry!$N$77="","",[2]Entry!$N$77) | Y74: =IF([2]Entry!$R$77="","",[2]Entry!$R$77) | AA74: =IF(AND($E74<>"",$G74<>"",$F74="هزینه"),1,0) | AB74: =SUM($AA$6:$AA74) | AC74: =IFERROR(INDEX($E$6:$E$105,MATCH(ROW()-5,$AB$6:$AB$105,0)),"")
E75: =IF([1]SubGroups!$B$76="","",[1]SubGroups!$A$76) | F75: =IF([1]SubGroups!$B$76="","",[1]SubGroups!$B$76) | G75: =IF([1]SubGroups!$B$76="","",[1]SubGroups!$C$76) | H75: =IF([1]SubGroups!$B$76="","",[1]SubGroups!$D$76) | J75: =IF([1]Accounts!$D$76="","",[1]Accounts!$A$76) | K75: =IF([1]Accounts!$D$76="","",[1]Accounts!$B$76) | L75: =IF([1]Accounts!$D$76="","",[1]Accounts!$C$76) | M75: =IF([1]Accounts!$D$76="","",[1]Accounts!$D$76) | P75: =IF([2]Entry!$C$78="","",[2]Entry!$C$78) | Q75: =IF([2]Entry!$D$78="","",[2]Entry!$D$78) | R75: =IF([2]Entry!$E$78="","",[2]Entry!$E$78) | S75: =IF([2]Entry!$G$78="","",[2]Entry!$G$78) | T75: =IF([2]Entry!$J$78="","",[2]Entry!$J$78) | U75: =IF([2]Entry!$K$78="","",[2]Entry!$K$78) | V75: =IF([2]Entry!$L$78="","",[2]Entry!$L$78) | W75: =IF([2]Entry!$M$78="","",[2]Entry!$M$78) | X75: =IF([2]Entry!$N$78="","",[2]Entry!$N$78) | Y75: =IF([2]Entry!$R$78="","",[2]Entry!$R$78) | AA75: =IF(AND($E75<>"",$G75<>"",$F75="هزینه"),1,0) | AB75: =SUM($AA$6:$AA75) | AC75: =IFERROR(INDEX($E$6:$E$105,MATCH(ROW()-5,$AB$6:$AB$105,0)),"")
E76: =IF([1]SubGroups!$B$77="","",[1]SubGroups!$A$77) | F76: =IF([1]SubGroups!$B$77="","",[1]SubGroups!$B$77) | G76: =IF([1]SubGroups!$B$77="","",[1]SubGroups!$C$77) | H76: =IF([1]SubGroups!$B$77="","",[1]SubGroups!$D$77) | J76: =IF([1]Accounts!$D$77="","",[1]Accounts!$A$77) | K76: =IF([1]Accounts!$D$77="","",[1]Accounts!$B$77) | L76: =IF([1]Accounts!$D$77="","",[1]Accounts!$C$77) | M76: =IF([1]Accounts!$D$77="","",[1]Accounts!$D$77) | P76: =IF([2]Entry!$C$79="","",[2]Entry!$C$79) | Q76: =IF([2]Entry!$D$79="","",[2]Entry!$D$79) | R76: =IF([2]Entry!$E$79="","",[2]Entry!$E$79) | S76: =IF([2]Entry!$G$79="","",[2]Entry!$G$79) | T76: =IF([2]Entry!$J$79="","",[2]Entry!$J$79) | U76: =IF([2]Entry!$K$79="","",[2]Entry!$K$79) | V76: =IF([2]Entry!$L$79="","",[2]Entry!$L$79) | W76: =IF([2]Entry!$M$79="","",[2]Entry!$M$79) | X76: =IF([2]Entry!$N$79="","",[2]Entry!$N$79) | Y76: =IF([2]Entry!$R$79="","",[2]Entry!$R$79) | AA76: =IF(AND($E76<>"",$G76<>"",$F76="هزینه"),1,0) | AB76: =SUM($AA$6:$AA76) | AC76: =IFERROR(INDEX($E$6:$E$105,MATCH(ROW()-5,$AB$6:$AB$105,0)),"")
E77: =IF([1]SubGroups!$B$78="","",[1]SubGroups!$A$78) | F77: =IF([1]SubGroups!$B$78="","",[1]SubGroups!$B$78) | G77: =IF([1]SubGroups!$B$78="","",[1]SubGroups!$C$78) | H77: =IF([1]SubGroups!$B$78="","",[1]SubGroups!$D$78) | J77: =IF([1]Accounts!$D$78="","",[1]Accounts!$A$78) | K77: =IF([1]Accounts!$D$78="","",[1]Accounts!$B$78) | L77: =IF([1]Accounts!$D$78="","",[1]Accounts!$C$78) | M77: =IF([1]Accounts!$D$78="","",[1]Accounts!$D$78) | P77: =IF([2]Entry!$C$80="","",[2]Entry!$C$80) | Q77: =IF([2]Entry!$D$80="","",[2]Entry!$D$80) | R77: =IF([2]Entry!$E$80="","",[2]Entry!$E$80) | S77: =IF([2]Entry!$G$80="","",[2]Entry!$G$80) | T77: =IF([2]Entry!$J$80="","",[2]Entry!$J$80) | U77: =IF([2]Entry!$K$80="","",[2]Entry!$K$80) | V77: =IF([2]Entry!$L$80="","",[2]Entry!$L$80) | W77: =IF([2]Entry!$M$80="","",[2]Entry!$M$80) | X77: =IF([2]Entry!$N$80="","",[2]Entry!$N$80) | Y77: =IF([2]Entry!$R$80="","",[2]Entry!$R$80) | AA77: =IF(AND($E77<>"",$G77<>"",$F77="هزینه"),1,0) | AB77: =SUM($AA$6:$AA77) | AC77: =IFERROR(INDEX($E$6:$E$105,MATCH(ROW()-5,$AB$6:$AB$105,0)),"")
E78: =IF([1]SubGroups!$B$79="","",[1]SubGroups!$A$79) | F78: =IF([1]SubGroups!$B$79="","",[1]SubGroups!$B$79) | G78: =IF([1]SubGroups!$B$79="","",[1]SubGroups!$C$79) | H78: =IF([1]SubGroups!$B$79="","",[1]SubGroups!$D$79) | J78: =IF([1]Accounts!$D$79="","",[1]Accounts!$A$79) | K78: =IF([1]Accounts!$D$79="","",[1]Accounts!$B$79) | L78: =IF([1]Accounts!$D$79="","",[1]Accounts!$C$79) | M78: =IF([1]Accounts!$D$79="","",[1]Accounts!$D$79) | P78: =IF([2]Entry!$C$81="","",[2]Entry!$C$81) | Q78: =IF([2]Entry!$D$81="","",[2]Entry!$D$81) | R78: =IF([2]Entry!$E$81="","",[2]Entry!$E$81) | S78: =IF([2]Entry!$G$81="","",[2]Entry!$G$81) | T78: =IF([2]Entry!$J$81="","",[2]Entry!$J$81) | U78: =IF([2]Entry!$K$81="","",[2]Entry!$K$81) | V78: =IF([2]Entry!$L$81="","",[2]Entry!$L$81) | W78: =IF([2]Entry!$M$81="","",[2]Entry!$M$81) | X78: =IF([2]Entry!$N$81="","",[2]Entry!$N$81) | Y78: =IF([2]Entry!$R$81="","",[2]Entry!$R$81) | AA78: =IF(AND($E78<>"",$G78<>"",$F78="هزینه"),1,0) | AB78: =SUM($AA$6:$AA78) | AC78: =IFERROR(INDEX($E$6:$E$105,MATCH(ROW()-5,$AB$6:$AB$105,0)),"")
E79: =IF([1]SubGroups!$B$80="","",[1]SubGroups!$A$80) | F79: =IF([1]SubGroups!$B$80="","",[1]SubGroups!$B$80) | G79: =IF([1]SubGroups!$B$80="","",[1]SubGroups!$C$80) | H79: =IF([1]SubGroups!$B$80="","",[1]SubGroups!$D$80) | J79: =IF([1]Accounts!$D$80="","",[1]Accounts!$A$80) | K79: =IF([1]Accounts!$D$80="","",[1]Accounts!$B$80) | L79: =IF([1]Accounts!$D$80="","",[1]Accounts!$C$80) | M79: =IF([1]Accounts!$D$80="","",[1]Accounts!$D$80) | P79: =IF([2]Entry!$C$82="","",[2]Entry!$C$82) | Q79: =IF([2]Entry!$D$82="","",[2]Entry!$D$82) | R79: =IF([2]Entry!$E$82="","",[2]Entry!$E$82) | S79: =IF([2]Entry!$G$82="","",[2]Entry!$G$82) | T79: =IF([2]Entry!$J$82="","",[2]Entry!$J$82) | U79: =IF([2]Entry!$K$82="","",[2]Entry!$K$82) | V79: =IF([2]Entry!$L$82="","",[2]Entry!$L$82) | W79: =IF([2]Entry!$M$82="","",[2]Entry!$M$82) | X79: =IF([2]Entry!$N$82="","",[2]Entry!$N$82) | Y79: =IF([2]Entry!$R$82="","",[2]Entry!$R$82) | AA79: =IF(AND($E79<>"",$G79<>"",$F79="هزینه"),1,0) | AB79: =SUM($AA$6:$AA79) | AC79: =IFERROR(INDEX($E$6:$E$105,MATCH(ROW()-5,$AB$6:$AB$105,0)),"")
E80: =IF([1]SubGroups!$B$81="","",[1]SubGroups!$A$81) | F80: =IF([1]SubGroups!$B$81="","",[1]SubGroups!$B$81) | G80: =IF([1]SubGroups!$B$81="","",[1]SubGroups!$C$81) | H80: =IF([1]SubGroups!$B$81="","",[1]SubGroups!$D$81) | J80: =IF([1]Accounts!$D$81="","",[1]Accounts!$A$81) | K80: =IF([1]Accounts!$D$81="","",[1]Accounts!$B$81) | L80: =IF([1]Accounts!$D$81="","",[1]Accounts!$C$81) | M80: =IF([1]Accounts!$D$81="","",[1]Accounts!$D$81) | P80: =IF([2]Entry!$C$83="","",[2]Entry!$C$83) | Q80: =IF([2]Entry!$D$83="","",[2]Entry!$D$83) | R80: =IF([2]Entry!$E$83="","",[2]Entry!$E$83) | S80: =IF([2]Entry!$G$83="","",[2]Entry!$G$83) | T80: =IF([2]Entry!$J$83="","",[2]Entry!$J$83) | U80: =IF([2]Entry!$K$83="","",[2]Entry!$K$83) | V80: =IF([2]Entry!$L$83="","",[2]Entry!$L$83) | W80: =IF([2]Entry!$M$83="","",[2]Entry!$M$83) | X80: =IF([2]Entry!$N$83="","",[2]Entry!$N$83) | Y80: =IF([2]Entry!$R$83="","",[2]Entry!$R$83) | AA80: =IF(AND($E80<>"",$G80<>"",$F80="هزینه"),1,0) | AB80: =SUM($AA$6:$AA80) | AC80: =IFERROR(INDEX($E$6:$E$105,MATCH(ROW()-5,$AB$6:$AB$105,0)),"")
E81: =IF([1]SubGroups!$B$82="","",[1]SubGroups!$A$82) | F81: =IF([1]SubGroups!$B$82="","",[1]SubGroups!$B$82) | G81: =IF([1]SubGroups!$B$82="","",[1]SubGroups!$C$82) | H81: =IF([1]SubGroups!$B$82="","",[1]SubGroups!$D$82) | J81: =IF([1]Accounts!$D$82="","",[1]Accounts!$A$82) | K81: =IF([1]Accounts!$D$82="","",[1]Accounts!$B$82) | L81: =IF([1]Accounts!$D$82="","",[1]Accounts!$C$82) | M81: =IF([1]Accounts!$D$82="","",[1]Accounts!$D$82) | P81: =IF([2]Entry!$C$84="","",[2]Entry!$C$84) | Q81: =IF([2]Entry!$D$84="","",[2]Entry!$D$84) | R81: =IF([2]Entry!$E$84="","",[2]Entry!$E$84) | S81: =IF([2]Entry!$G$84="","",[2]Entry!$G$84) | T81: =IF([2]Entry!$J$84="","",[2]Entry!$J$84) | U81: =IF([2]Entry!$K$84="","",[2]Entry!$K$84) | V81: =IF([2]Entry!$L$84="","",[2]Entry!$L$84) | W81: =IF([2]Entry!$M$84="","",[2]Entry!$M$84) | X81: =IF([2]Entry!$N$84="","",[2]Entry!$N$84) | Y81: =IF([2]Entry!$R$84="","",[2]Entry!$R$84) | AA81: =IF(AND($E81<>"",$G81<>"",$F81="هزینه"),1,0) | AB81: =SUM($AA$6:$AA81) | AC81: =IFERROR(INDEX($E$6:$E$105,MATCH(ROW()-5,$AB$6:$AB$105,0)),"")
E82: =IF([1]SubGroups!$B$83="","",[1]SubGroups!$A$83) | F82: =IF([1]SubGroups!$B$83="","",[1]SubGroups!$B$83) | G82: =IF([1]SubGroups!$B$83="","",[1]SubGroups!$C$83) | H82: =IF([1]SubGroups!$B$83="","",[1]SubGroups!$D$83) | J82: =IF([1]Accounts!$D$83="","",[1]Accounts!$A$83) | K82: =IF([1]Accounts!$D$83="","",[1]Accounts!$B$83) | L82: =IF([1]Accounts!$D$83="","",[1]Accounts!$C$83) | M82: =IF([1]Accounts!$D$83="","",[1]Accounts!$D$83) | P82: =IF([2]Entry!$C$85="","",[2]Entry!$C$85) | Q82: =IF([2]Entry!$D$85="","",[2]Entry!$D$85) | R82: =IF([2]Entry!$E$85="","",[2]Entry!$E$85) | S82: =IF([2]Entry!$G$85="","",[2]Entry!$G$85) | T82: =IF([2]Entry!$J$85="","",[2]Entry!$J$85) | U82: =IF([2]Entry!$K$85="","",[2]Entry!$K$85) | V82: =IF([2]Entry!$L$85="","",[2]Entry!$L$85) | W82: =IF([2]Entry!$M$85="","",[2]Entry!$M$85) | X82: =IF([2]Entry!$N$85="","",[2]Entry!$N$85) | Y82: =IF([2]Entry!$R$85="","",[2]Entry!$R$85) | AA82: =IF(AND($E82<>"",$G82<>"",$F82="هزینه"),1,0) | AB82: =SUM($AA$6:$AA82) | AC82: =IFERROR(INDEX($E$6:$E$105,MATCH(ROW()-5,$AB$6:$AB$105,0)),"")
E83: =IF([1]SubGroups!$B$84="","",[1]SubGroups!$A$84) | F83: =IF([1]SubGroups!$B$84="","",[1]SubGroups!$B$84) | G83: =IF([1]SubGroups!$B$84="","",[1]SubGroups!$C$84) | H83: =IF([1]SubGroups!$B$84="","",[1]SubGroups!$D$84) | J83: =IF([1]Accounts!$D$84="","",[1]Accounts!$A$84) | K83: =IF([1]Accounts!$D$84="","",[1]Accounts!$B$84) | L83: =IF([1]Accounts!$D$84="","",[1]Accounts!$C$84) | M83: =IF([1]Accounts!$D$84="","",[1]Accounts!$D$84) | P83: =IF([2]Entry!$C$86="","",[2]Entry!$C$86) | Q83: =IF([2]Entry!$D$86="","",[2]Entry!$D$86) | R83: =IF([2]Entry!$E$86="","",[2]Entry!$E$86) | S83: =IF([2]Entry!$G$86="","",[2]Entry!$G$86) | T83: =IF([2]Entry!$J$86="","",[2]Entry!$J$86) | U83: =IF([2]Entry!$K$86="","",[2]Entry!$K$86) | V83: =IF([2]Entry!$L$86="","",[2]Entry!$L$86) | W83: =IF([2]Entry!$M$86="","",[2]Entry!$M$86) | X83: =IF([2]Entry!$N$86="","",[2]Entry!$N$86) | Y83: =IF([2]Entry!$R$86="","",[2]Entry!$R$86) | AA83: =IF(AND($E83<>"",$G83<>"",$F83="هزینه"),1,0) | AB83: =SUM($AA$6:$AA83) | AC83: =IFERROR(INDEX($E$6:$E$105,MATCH(ROW()-5,$AB$6:$AB$105,0)),"")
E84: =IF([1]SubGroups!$B$85="","",[1]SubGroups!$A$85) | F84: =IF([1]SubGroups!$B$85="","",[1]SubGroups!$B$85) | G84: =IF([1]SubGroups!$B$85="","",[1]SubGroups!$C$85) | H84: =IF([1]SubGroups!$B$85="","",[1]SubGroups!$D$85) | J84: =IF([1]Accounts!$D$85="","",[1]Accounts!$A$85) | K84: =IF([1]Accounts!$D$85="","",[1]Accounts!$B$85) | L84: =IF([1]Accounts!$D$85="","",[1]Accounts!$C$85) | M84: =IF([1]Accounts!$D$85="","",[1]Accounts!$D$85) | P84: =IF([2]Entry!$C$87="","",[2]Entry!$C$87) | Q84: =IF([2]Entry!$D$87="","",[2]Entry!$D$87) | R84: =IF([2]Entry!$E$87="","",[2]Entry!$E$87) | S84: =IF([2]Entry!$G$87="","",[2]Entry!$G$87) | T84: =IF([2]Entry!$J$87="","",[2]Entry!$J$87) | U84: =IF([2]Entry!$K$87="","",[2]Entry!$K$87) | V84: =IF([2]Entry!$L$87="","",[2]Entry!$L$87) | W84: =IF([2]Entry!$M$87="","",[2]Entry!$M$87) | X84: =IF([2]Entry!$N$87="","",[2]Entry!$N$87) | Y84: =IF([2]Entry!$R$87="","",[2]Entry!$R$87) | AA84: =IF(AND($E84<>"",$G84<>"",$F84="هزینه"),1,0) | AB84: =SUM($AA$6:$AA84) | AC84: =IFERROR(INDEX($E$6:$E$105,MATCH(ROW()-5,$AB$6:$AB$105,0)),"")
E85: =IF([1]SubGroups!$B$86="","",[1]SubGroups!$A$86) | F85: =IF([1]SubGroups!$B$86="","",[1]SubGroups!$B$86) | G85: =IF([1]SubGroups!$B$86="","",[1]SubGroups!$C$86) | H85: =IF([1]SubGroups!$B$86="","",[1]SubGroups!$D$86) | J85: =IF([1]Accounts!$D$86="","",[1]Accounts!$A$86) | K85: =IF([1]Accounts!$D$86="","",[1]Accounts!$B$86) | L85: =IF([1]Accounts!$D$86="","",[1]Accounts!$C$86) | M85: =IF([1]Accounts!$D$86="","",[1]Accounts!$D$86) | P85: =IF([2]Entry!$C$88="","",[2]Entry!$C$88) | Q85: =IF([2]Entry!$D$88="","",[2]Entry!$D$88) | R85: =IF([2]Entry!$E$88="","",[2]Entry!$E$88) | S85: =IF([2]Entry!$G$88="","",[2]Entry!$G$88) | T85: =IF([2]Entry!$J$88="","",[2]Entry!$J$88) | U85: =IF([2]Entry!$K$88="","",[2]Entry!$K$88) | V85: =IF([2]Entry!$L$88="","",[2]Entry!$L$88) | W85: =IF([2]Entry!$M$88="","",[2]Entry!$M$88) | X85: =IF([2]Entry!$N$88="","",[2]Entry!$N$88) | Y85: =IF([2]Entry!$R$88="","",[2]Entry!$R$88) | AA85: =IF(AND($E85<>"",$G85<>"",$F85="هزینه"),1,0) | AB85: =SUM($AA$6:$AA85) | AC85: =IFERROR(INDEX($E$6:$E$105,MATCH(ROW()-5,$AB$6:$AB$105,0)),"")
E86: =IF([1]SubGroups!$B$87="","",[1]SubGroups!$A$87) | F86: =IF([1]SubGroups!$B$87="","",[1]SubGroups!$B$87) | G86: =IF([1]SubGroups!$B$87="","",[1]SubGroups!$C$87) | H86: =IF([1]SubGroups!$B$87="","",[1]SubGroups!$D$87) | J86: =IF([1]Accounts!$D$87="","",[1]Accounts!$A$87) | K86: =IF([1]Accounts!$D$87="","",[1]Accounts!$B$87) | L86: =IF([1]Accounts!$D$87="","",[1]Accounts!$C$87) | M86: =IF([1]Accounts!$D$87="","",[1]Accounts!$D$87) | P86: =IF([2]Entry!$C$89="","",[2]Entry!$C$89) | Q86: =IF([2]Entry!$D$89="","",[2]Entry!$D$89) | R86: =IF([2]Entry!$E$89="","",[2]Entry!$E$89) | S86: =IF([2]Entry!$G$89="","",[2]Entry!$G$89) | T86: =IF([2]Entry!$J$89="","",[2]Entry!$J$89) | U86: =IF([2]Entry!$K$89="","",[2]Entry!$K$89) | V86: =IF([2]Entry!$L$89="","",[2]Entry!$L$89) | W86: =IF([2]Entry!$M$89="","",[2]Entry!$M$89) | X86: =IF([2]Entry!$N$89="","",[2]Entry!$N$89) | Y86: =IF([2]Entry!$R$89="","",[2]Entry!$R$89) | AA86: =IF(AND($E86<>"",$G86<>"",$F86="هزینه"),1,0) | AB86: =SUM($AA$6:$AA86) | AC86: =IFERROR(INDEX($E$6:$E$105,MATCH(ROW()-5,$AB$6:$AB$105,0)),"")
E87: =IF([1]SubGroups!$B$88="","",[1]SubGroups!$A$88) | F87: =IF([1]SubGroups!$B$88="","",[1]SubGroups!$B$88) | G87: =IF([1]SubGroups!$B$88="","",[1]SubGroups!$C$88) | H87: =IF([1]SubGroups!$B$88="","",[1]SubGroups!$D$88) | J87: =IF([1]Accounts!$D$88="","",[1]Accounts!$A$88) | K87: =IF([1]Accounts!$D$88="","",[1]Accounts!$B$88) | L87: =IF([1]Accounts!$D$88="","",[1]Accounts!$C$88) | M87: =IF([1]Accounts!$D$88="","",[1]Accounts!$D$88) | P87: =IF([2]Entry!$C$90="","",[2]Entry!$C$90) | Q87: =IF([2]Entry!$D$90="","",[2]Entry!$D$90) | R87: =IF([2]Entry!$E$90="","",[2]Entry!$E$90) | S87: =IF([2]Entry!$G$90="","",[2]Entry!$G$90) | T87: =IF([2]Entry!$J$90="","",[2]Entry!$J$90) | U87: =IF([2]Entry!$K$90="","",[2]Entry!$K$90) | V87: =IF([2]Entry!$L$90="","",[2]Entry!$L$90) | W87: =IF([2]Entry!$M$90="","",[2]Entry!$M$90) | X87: =IF([2]Entry!$N$90="","",[2]Entry!$N$90) | Y87: =IF([2]Entry!$R$90="","",[2]Entry!$R$90) | AA87: =IF(AND($E87<>"",$G87<>"",$F87="هزینه"),1,0) | AB87: =SUM($AA$6:$AA87) | AC87: =IFERROR(INDEX($E$6:$E$105,MATCH(ROW()-5,$AB$6:$AB$105,0)),"")
E88: =IF([1]SubGroups!$B$89="","",[1]SubGroups!$A$89) | F88: =IF([1]SubGroups!$B$89="","",[1]SubGroups!$B$89) | G88: =IF([1]SubGroups!$B$89="","",[1]SubGroups!$C$89) | H88: =IF([1]SubGroups!$B$89="","",[1]SubGroups!$D$89) | J88: =IF([1]Accounts!$D$89="","",[1]Accounts!$A$89) | K88: =IF([1]Accounts!$D$89="","",[1]Accounts!$B$89) | L88: =IF([1]Accounts!$D$89="","",[1]Accounts!$C$89) | M88: =IF([1]Accounts!$D$89="","",[1]Accounts!$D$89) | P88: =IF([2]Entry!$C$91="","",[2]Entry!$C$91) | Q88: =IF([2]Entry!$D$91="","",[2]Entry!$D$91) | R88: =IF([2]Entry!$E$91="","",[2]Entry!$E$91) | S88: =IF([2]Entry!$G$91="","",[2]Entry!$G$91) | T88: =IF([2]Entry!$J$91="","",[2]Entry!$J$91) | U88: =IF([2]Entry!$K$91="","",[2]Entry!$K$91) | V88: =IF([2]Entry!$L$91="","",[2]Entry!$L$91) | W88: =IF([2]Entry!$M$91="","",[2]Entry!$M$91) | X88: =IF([2]Entry!$N$91="","",[2]Entry!$N$91) | Y88: =IF([2]Entry!$R$91="","",[2]Entry!$R$91) | AA88: =IF(AND($E88<>"",$G88<>"",$F88="هزینه"),1,0) | AB88: =SUM($AA$6:$AA88) | AC88: =IFERROR(INDEX($E$6:$E$105,MATCH(ROW()-5,$AB$6:$AB$105,0)),"")
E89: =IF([1]SubGroups!$B$90="","",[1]SubGroups!$A$90) | F89: =IF([1]SubGroups!$B$90="","",[1]SubGroups!$B$90) | G89: =IF([1]SubGroups!$B$90="","",[1]SubGroups!$C$90) | H89: =IF([1]SubGroups!$B$90="","",[1]SubGroups!$D$90) | J89: =IF([1]Accounts!$D$90="","",[1]Accounts!$A$90) | K89: =IF([1]Accounts!$D$90="","",[1]Accounts!$B$90) | L89: =IF([1]Accounts!$D$90="","",[1]Accounts!$C$90) | M89: =IF([1]Accounts!$D$90="","",[1]Accounts!$D$90) | P89: =IF([2]Entry!$C$92="","",[2]Entry!$C$92) | Q89: =IF([2]Entry!$D$92="","",[2]Entry!$D$92) | R89: =IF([2]Entry!$E$92="","",[2]Entry!$E$92) | S89: =IF([2]Entry!$G$92="","",[2]Entry!$G$92) | T89: =IF([2]Entry!$J$92="","",[2]Entry!$J$92) | U89: =IF([2]Entry!$K$92="","",[2]Entry!$K$92) | V89: =IF([2]Entry!$L$92="","",[2]Entry!$L$92) | W89: =IF([2]Entry!$M$92="","",[2]Entry!$M$92) | X89: =IF([2]Entry!$N$92="","",[2]Entry!$N$92) | Y89: =IF([2]Entry!$R$92="","",[2]Entry!$R$92) | AA89: =IF(AND($E89<>"",$G89<>"",$F89="هزینه"),1,0) | AB89: =SUM($AA$6:$AA89) | AC89: =IFERROR(INDEX($E$6:$E$105,MATCH(ROW()-5,$AB$6:$AB$105,0)),"")
E90: =IF([1]SubGroups!$B$91="","",[1]SubGroups!$A$91) | F90: =IF([1]SubGroups!$B$91="","",[1]SubGroups!$B$91) | G90: =IF([1]SubGroups!$B$91="","",[1]SubGroups!$C$91) | H90: =IF([1]SubGroups!$B$91="","",[1]SubGroups!$D$91) | J90: =IF([1]Accounts!$D$91="","",[1]Accounts!$A$91) | K90: =IF([1]Accounts!$D$91="","",[1]Accounts!$B$91) | L90: =IF([1]Accounts!$D$91="","",[1]Accounts!$C$91) | M90: =IF([1]Accounts!$D$91="","",[1]Accounts!$D$91) | P90: =IF([2]Entry!$C$93="","",[2]Entry!$C$93) | Q90: =IF([2]Entry!$D$93="","",[2]Entry!$D$93) | R90: =IF([2]Entry!$E$93="","",[2]Entry!$E$93) | S90: =IF([2]Entry!$G$93="","",[2]Entry!$G$93) | T90: =IF([2]Entry!$J$93="","",[2]Entry!$J$93) | U90: =IF([2]Entry!$K$93="","",[2]Entry!$K$93) | V90: =IF([2]Entry!$L$93="","",[2]Entry!$L$93) | W90: =IF([2]Entry!$M$93="","",[2]Entry!$M$93) | X90: =IF([2]Entry!$N$93="","",[2]Entry!$N$93) | Y90: =IF([2]Entry!$R$93="","",[2]Entry!$R$93) | AA90: =IF(AND($E90<>"",$G90<>"",$F90="هزینه"),1,0) | AB90: =SUM($AA$6:$AA90) | AC90: =IFERROR(INDEX($E$6:$E$105,MATCH(ROW()-5,$AB$6:$AB$105,0)),"")
E91: =IF([1]SubGroups!$B$92="","",[1]SubGroups!$A$92) | F91: =IF([1]SubGroups!$B$92="","",[1]SubGroups!$B$92) | G91: =IF([1]SubGroups!$B$92="","",[1]SubGroups!$C$92) | H91: =IF([1]SubGroups!$B$92="","",[1]SubGroups!$D$92) | J91: =IF([1]Accounts!$D$92="","",[1]Accounts!$A$92) | K91: =IF([1]Accounts!$D$92="","",[1]Accounts!$B$92) | L91: =IF([1]Accounts!$D$92="","",[1]Accounts!$C$92) | M91: =IF([1]Accounts!$D$92="","",[1]Accounts!$D$92) | P91: =IF([2]Entry!$C$94="","",[2]Entry!$C$94) | Q91: =IF([2]Entry!$D$94="","",[2]Entry!$D$94) | R91: =IF([2]Entry!$E$94="","",[2]Entry!$E$94) | S91: =IF([2]Entry!$G$94="","",[2]Entry!$G$94) | T91: =IF([2]Entry!$J$94="","",[2]Entry!$J$94) | U91: =IF([2]Entry!$K$94="","",[2]Entry!$K$94) | V91: =IF([2]Entry!$L$94="","",[2]Entry!$L$94) | W91: =IF([2]Entry!$M$94="","",[2]Entry!$M$94) | X91: =IF([2]Entry!$N$94="","",[2]Entry!$N$94) | Y91: =IF([2]Entry!$R$94="","",[2]Entry!$R$94) | AA91: =IF(AND($E91<>"",$G91<>"",$F91="هزینه"),1,0) | AB91: =SUM($AA$6:$AA91) | AC91: =IFERROR(INDEX($E$6:$E$105,MATCH(ROW()-5,$AB$6:$AB$105,0)),"")
E92: =IF([1]SubGroups!$B$93="","",[1]SubGroups!$A$93) | F92: =IF([1]SubGroups!$B$93="","",[1]SubGroups!$B$93) | G92: =IF([1]SubGroups!$B$93="","",[1]SubGroups!$C$93) | H92: =IF([1]SubGroups!$B$93="","",[1]SubGroups!$D$93) | J92: =IF([1]Accounts!$D$93="","",[1]Accounts!$A$93) | K92: =IF([1]Accounts!$D$93="","",[1]Accounts!$B$93) | L92: =IF([1]Accounts!$D$93="","",[1]Accounts!$C$93) | M92: =IF([1]Accounts!$D$93="","",[1]Accounts!$D$93) | P92: =IF([2]Entry!$C$95="","",[2]Entry!$C$95) | Q92: =IF([2]Entry!$D$95="","",[2]Entry!$D$95) | R92: =IF([2]Entry!$E$95="","",[2]Entry!$E$95) | S92: =IF([2]Entry!$G$95="","",[2]Entry!$G$95) | T92: =IF([2]Entry!$J$95="","",[2]Entry!$J$95) | U92: =IF([2]Entry!$K$95="","",[2]Entry!$K$95) | V92: =IF([2]Entry!$L$95="","",[2]Entry!$L$95) | W92: =IF([2]Entry!$M$95="","",[2]Entry!$M$95) | X92: =IF([2]Entry!$N$95="","",[2]Entry!$N$95) | Y92: =IF([2]Entry!$R$95="","",[2]Entry!$R$95) | AA92: =IF(AND($E92<>"",$G92<>"",$F92="هزینه"),1,0) | AB92: =SUM($AA$6:$AA92) | AC92: =IFERROR(INDEX($E$6:$E$105,MATCH(ROW()-5,$AB$6:$AB$105,0)),"")
E93: =IF([1]SubGroups!$B$94="","",[1]SubGroups!$A$94) | F93: =IF([1]SubGroups!$B$94="","",[1]SubGroups!$B$94) | G93: =IF([1]SubGroups!$B$94="","",[1]SubGroups!$C$94) | H93: =IF([1]SubGroups!$B$94="","",[1]SubGroups!$D$94) | J93: =IF([1]Accounts!$D$94="","",[1]Accounts!$A$94) | K93: =IF([1]Accounts!$D$94="","",[1]Accounts!$B$94) | L93: =IF([1]Accounts!$D$94="","",[1]Accounts!$C$94) | M93: =IF([1]Accounts!$D$94="","",[1]Accounts!$D$94) | P93: =IF([2]Entry!$C$96="","",[2]Entry!$C$96) | Q93: =IF([2]Entry!$D$96="","",[2]Entry!$D$96) | R93: =IF([2]Entry!$E$96="","",[2]Entry!$E$96) | S93: =IF([2]Entry!$G$96="","",[2]Entry!$G$96) | T93: =IF([2]Entry!$J$96="","",[2]Entry!$J$96) | U93: =IF([2]Entry!$K$96="","",[2]Entry!$K$96) | V93: =IF([2]Entry!$L$96="","",[2]Entry!$L$96) | W93: =IF([2]Entry!$M$96="","",[2]Entry!$M$96) | X93: =IF([2]Entry!$N$96="","",[2]Entry!$N$96) | Y93: =IF([2]Entry!$R$96="","",[2]Entry!$R$96) | AA93: =IF(AND($E93<>"",$G93<>"",$F93="هزینه"),1,0) | AB93: =SUM($AA$6:$AA93) | AC93: =IFERROR(INDEX($E$6:$E$105,MATCH(ROW()-5,$AB$6:$AB$105,0)),"")
E94: =IF([1]SubGroups!$B$95="","",[1]SubGroups!$A$95) | F94: =IF([1]SubGroups!$B$95="","",[1]SubGroups!$B$95) | G94: =IF([1]SubGroups!$B$95="","",[1]SubGroups!$C$95) | H94: =IF([1]SubGroups!$B$95="","",[1]SubGroups!$D$95) | J94: =IF([1]Accounts!$D$95="","",[1]Accounts!$A$95) | K94: =IF([1]Accounts!$D$95="","",[1]Accounts!$B$95) | L94: =IF([1]Accounts!$D$95="","",[1]Accounts!$C$95) | M94: =IF([1]Accounts!$D$95="","",[1]Accounts!$D$95) | P94: =IF([2]Entry!$C$97="","",[2]Entry!$C$97) | Q94: =IF([2]Entry!$D$97="","",[2]Entry!$D$97) | R94: =IF([2]Entry!$E$97="","",[2]Entry!$E$97) | S94: =IF([2]Entry!$G$97="","",[2]Entry!$G$97) | T94: =IF([2]Entry!$J$97="","",[2]Entry!$J$97) | U94: =IF([2]Entry!$K$97="","",[2]Entry!$K$97) | V94: =IF([2]Entry!$L$97="","",[2]Entry!$L$97) | W94: =IF([2]Entry!$M$97="","",[2]Entry!$M$97) | X94: =IF([2]Entry!$N$97="","",[2]Entry!$N$97) | Y94: =IF([2]Entry!$R$97="","",[2]Entry!$R$97) | AA94: =IF(AND($E94<>"",$G94<>"",$F94="هزینه"),1,0) | AB94: =SUM($AA$6:$AA94) | AC94: =IFERROR(INDEX($E$6:$E$105,MATCH(ROW()-5,$AB$6:$AB$105,0)),"")
E95: =IF([1]SubGroups!$B$96="","",[1]SubGroups!$A$96) | F95: =IF([1]SubGroups!$B$96="","",[1]SubGroups!$B$96) | G95: =IF([1]SubGroups!$B$96="","",[1]SubGroups!$C$96) | H95: =IF([1]SubGroups!$B$96="","",[1]SubGroups!$D$96) | J95: =IF([1]Accounts!$D$96="","",[1]Accounts!$A$96) | K95: =IF([1]Accounts!$D$96="","",[1]Accounts!$B$96) | L95: =IF([1]Accounts!$D$96="","",[1]Accounts!$C$96) | M95: =IF([1]Accounts!$D$96="","",[1]Accounts!$D$96) | P95: =IF([2]Entry!$C$98="","",[2]Entry!$C$98) | Q95: =IF([2]Entry!$D$98="","",[2]Entry!$D$98) | R95: =IF([2]Entry!$E$98="","",[2]Entry!$E$98) | S95: =IF([2]Entry!$G$98="","",[2]Entry!$G$98) | T95: =IF([2]Entry!$J$98="","",[2]Entry!$J$98) | U95: =IF([2]Entry!$K$98="","",[2]Entry!$K$98) | V95: =IF([2]Entry!$L$98="","",[2]Entry!$L$98) | W95: =IF([2]Entry!$M$98="","",[2]Entry!$M$98) | X95: =IF([2]Entry!$N$98="","",[2]Entry!$N$98) | Y95: =IF([2]Entry!$R$98="","",[2]Entry!$R$98) | AA95: =IF(AND($E95<>"",$G95<>"",$F95="هزینه"),1,0) | AB95: =SUM($AA$6:$AA95) | AC95: =IFERROR(INDEX($E$6:$E$105,MATCH(ROW()-5,$AB$6:$AB$105,0)),"")
E96: =IF([1]SubGroups!$B$97="","",[1]SubGroups!$A$97) | F96: =IF([1]SubGroups!$B$97="","",[1]SubGroups!$B$97) | G96: =IF([1]SubGroups!$B$97="","",[1]SubGroups!$C$97) | H96: =IF([1]SubGroups!$B$97="","",[1]SubGroups!$D$97) | J96: =IF([1]Accounts!$D$97="","",[1]Accounts!$A$97) | K96: =IF([1]Accounts!$D$97="","",[1]Accounts!$B$97) | L96: =IF([1]Accounts!$D$97="","",[1]Accounts!$C$97) | M96: =IF([1]Accounts!$D$97="","",[1]Accounts!$D$97) | P96: =IF([2]Entry!$C$99="","",[2]Entry!$C$99) | Q96: =IF([2]Entry!$D$99="","",[2]Entry!$D$99) | R96: =IF([2]Entry!$E$99="","",[2]Entry!$E$99) | S96: =IF([2]Entry!$G$99="","",[2]Entry!$G$99) | T96: =IF([2]Entry!$J$99="","",[2]Entry!$J$99) | U96: =IF([2]Entry!$K$99="","",[2]Entry!$K$99) | V96: =IF([2]Entry!$L$99="","",[2]Entry!$L$99) | W96: =IF([2]Entry!$M$99="","",[2]Entry!$M$99) | X96: =IF([2]Entry!$N$99="","",[2]Entry!$N$99) | Y96: =IF([2]Entry!$R$99="","",[2]Entry!$R$99) | AA96: =IF(AND($E96<>"",$G96<>"",$F96="هزینه"),1,0) | AB96: =SUM($AA$6:$AA96) | AC96: =IFERROR(INDEX($E$6:$E$105,MATCH(ROW()-5,$AB$6:$AB$105,0)),"")
E97: =IF([1]SubGroups!$B$98="","",[1]SubGroups!$A$98) | F97: =IF([1]SubGroups!$B$98="","",[1]SubGroups!$B$98) | G97: =IF([1]SubGroups!$B$98="","",[1]SubGroups!$C$98) | H97: =IF([1]SubGroups!$B$98="","",[1]SubGroups!$D$98) | J97: =IF([1]Accounts!$D$98="","",[1]Accounts!$A$98) | K97: =IF([1]Accounts!$D$98="","",[1]Accounts!$B$98) | L97: =IF([1]Accounts!$D$98="","",[1]Accounts!$C$98) | M97: =IF([1]Accounts!$D$98="","",[1]Accounts!$D$98) | P97: =IF([2]Entry!$C$100="","",[2]Entry!$C$100) | Q97: =IF([2]Entry!$D$100="","",[2]Entry!$D$100) | R97: =IF([2]Entry!$E$100="","",[2]Entry!$E$100) | S97: =IF([2]Entry!$G$100="","",[2]Entry!$G$100) | T97: =IF([2]Entry!$J$100="","",[2]Entry!$J$100) | U97: =IF([2]Entry!$K$100="","",[2]Entry!$K$100) | V97: =IF([2]Entry!$L$100="","",[2]Entry!$L$100) | W97: =IF([2]Entry!$M$100="","",[2]Entry!$M$100) | X97: =IF([2]Entry!$N$100="","",[2]Entry!$N$100) | Y97: =IF([2]Entry!$R$100="","",[2]Entry!$R$100) | AA97: =IF(AND($E97<>"",$G97<>"",$F97="هزینه"),1,0) | AB97: =SUM($AA$6:$AA97) | AC97: =IFERROR(INDEX($E$6:$E$105,MATCH(ROW()-5,$AB$6:$AB$105,0)),"")
E98: =IF([1]SubGroups!$B$99="","",[1]SubGroups!$A$99) | F98: =IF([1]SubGroups!$B$99="","",[1]SubGroups!$B$99) | G98: =IF([1]SubGroups!$B$99="","",[1]SubGroups!$C$99) | H98: =IF([1]SubGroups!$B$99="","",[1]SubGroups!$D$99) | J98: =IF([1]Accounts!$D$99="","",[1]Accounts!$A$99) | K98: =IF([1]Accounts!$D$99="","",[1]Accounts!$B$99) | L98: =IF([1]Accounts!$D$99="","",[1]Accounts!$C$99) | M98: =IF([1]Accounts!$D$99="","",[1]Accounts!$D$99) | P98: =IF([2]Entry!$C$101="","",[2]Entry!$C$101) | Q98: =IF([2]Entry!$D$101="","",[2]Entry!$D$101) | R98: =IF([2]Entry!$E$101="","",[2]Entry!$E$101) | S98: =IF([2]Entry!$G$101="","",[2]Entry!$G$101) | T98: =IF([2]Entry!$J$101="","",[2]Entry!$J$101) | U98: =IF([2]Entry!$K$101="","",[2]Entry!$K$101) | V98: =IF([2]Entry!$L$101="","",[2]Entry!$L$101) | W98: =IF([2]Entry!$M$101="","",[2]Entry!$M$101) | X98: =IF([2]Entry!$N$101="","",[2]Entry!$N$101) | Y98: =IF([2]Entry!$R$101="","",[2]Entry!$R$101) | AA98: =IF(AND($E98<>"",$G98<>"",$F98="هزینه"),1,0) | AB98: =SUM($AA$6:$AA98) | AC98: =IFERROR(INDEX($E$6:$E$105,MATCH(ROW()-5,$AB$6:$AB$105,0)),"")
E99: =IF([1]SubGroups!$B$100="","",[1]SubGroups!$A$100) | F99: =IF([1]SubGroups!$B$100="","",[1]SubGroups!$B$100) | G99: =IF([1]SubGroups!$B$100="","",[1]SubGroups!$C$100) | H99: =IF([1]SubGroups!$B$100="","",[1]SubGroups!$D$100) | J99: =IF([1]Accounts!$D$100="","",[1]Accounts!$A$100) | K99: =IF([1]Accounts!$D$100="","",[1]Accounts!$B$100) | L99: =IF([1]Accounts!$D$100="","",[1]Accounts!$C$100) | M99: =IF([1]Accounts!$D$100="","",[1]Accounts!$D$100) | P99: =IF([2]Entry!$C$102="","",[2]Entry!$C$102) | Q99: =IF([2]Entry!$D$102="","",[2]Entry!$D$102) | R99: =IF([2]Entry!$E$102="","",[2]Entry!$E$102) | S99: =IF([2]Entry!$G$102="","",[2]Entry!$G$102) | T99: =IF([2]Entry!$J$102="","",[2]Entry!$J$102) | U99: =IF([2]Entry!$K$102="","",[2]Entry!$K$102) | V99: =IF([2]Entry!$L$102="","",[2]Entry!$L$102) | W99: =IF([2]Entry!$M$102="","",[2]Entry!$M$102) | X99: =IF([2]Entry!$N$102="","",[2]Entry!$N$102) | Y99: =IF([2]Entry!$R$102="","",[2]Entry!$R$102) | AA99: =IF(AND($E99<>"",$G99<>"",$F99="هزینه"),1,0) | AB99: =SUM($AA$6:$AA99) | AC99: =IFERROR(INDEX($E$6:$E$105,MATCH(ROW()-5,$AB$6:$AB$105,0)),"")
E100: =IF([1]SubGroups!$B$101="","",[1]SubGroups!$A$101) | F100: =IF([1]SubGroups!$B$101="","",[1]SubGroups!$B$101) | G100: =IF([1]SubGroups!$B$101="","",[1]SubGroups!$C$101) | H100: =IF([1]SubGroups!$B$101="","",[1]SubGroups!$D$101) | J100: =IF([1]Accounts!$D$101="","",[1]Accounts!$A$101) | K100: =IF([1]Accounts!$D$101="","",[1]Accounts!$B$101) | L100: =IF([1]Accounts!$D$101="","",[1]Accounts!$C$101) | M100: =IF([1]Accounts!$D$101="","",[1]Accounts!$D$101) | P100: =IF([2]Entry!$C$103="","",[2]Entry!$C$103) | Q100: =IF([2]Entry!$D$103="","",[2]Entry!$D$103) | R100: =IF([2]Entry!$E$103="","",[2]Entry!$E$103) | S100: =IF([2]Entry!$G$103="","",[2]Entry!$G$103) | T100: =IF([2]Entry!$J$103="","",[2]Entry!$J$103) | U100: =IF([2]Entry!$K$103="","",[2]Entry!$K$103) | V100: =IF([2]Entry!$L$103="","",[2]Entry!$L$103) | W100: =IF([2]Entry!$M$103="","",[2]Entry!$M$103) | X100: =IF([2]Entry!$N$103="","",[2]Entry!$N$103) | Y100: =IF([2]Entry!$R$103="","",[2]Entry!$R$103) | AA100: =IF(AND($E100<>"",$G100<>"",$F100="هزینه"),1,0) | AB100: =SUM($AA$6:$AA100) | AC100: =IFERROR(INDEX($E$6:$E$105,MATCH(ROW()-5,$AB$6:$AB$105,0)),"")
E101: =IF([1]SubGroups!$B$102="","",[1]SubGroups!$A$102) | F101: =IF([1]SubGroups!$B$102="","",[1]SubGroups!$B$102) | G101: =IF([1]SubGroups!$B$102="","",[1]SubGroups!$C$102) | H101: =IF([1]SubGroups!$B$102="","",[1]SubGroups!$D$102) | J101: =IF([1]Accounts!$D$102="","",[1]Accounts!$A$102) | K101: =IF([1]Accounts!$D$102="","",[1]Accounts!$B$102) | L101: =IF([1]Accounts!$D$102="","",[1]Accounts!$C$102) | M101: =IF([1]Accounts!$D$102="","",[1]Accounts!$D$102) | P101: =IF([2]Entry!$C$104="","",[2]Entry!$C$104) | Q101: =IF([2]Entry!$D$104="","",[2]Entry!$D$104) | R101: =IF([2]Entry!$E$104="","",[2]Entry!$E$104) | S101: =IF([2]Entry!$G$104="","",[2]Entry!$G$104) | T101: =IF([2]Entry!$J$104="","",[2]Entry!$J$104) | U101: =IF([2]Entry!$K$104="","",[2]Entry!$K$104) | V101: =IF([2]Entry!$L$104="","",[2]Entry!$L$104) | W101: =IF([2]Entry!$M$104="","",[2]Entry!$M$104) | X101: =IF([2]Entry!$N$104="","",[2]Entry!$N$104) | Y101: =IF([2]Entry!$R$104="","",[2]Entry!$R$104) | AA101: =IF(AND($E101<>"",$G101<>"",$F101="هزینه"),1,0) | AB101: =SUM($AA$6:$AA101) | AC101: =IFERROR(INDEX($E$6:$E$105,MATCH(ROW()-5,$AB$6:$AB$105,0)),"")
...

Sheet Calc
A1: مازندشت — سورتینگ و بسته‌بندی مرکبات
A2: باغدشت، بخش مرکزی، شهرستان قائم‌شهر، استان مازندران، ایران | MAZANDASHT · CITRUS SORTING & PACKING
A3: برگه فنی — موتور محاسبات فایل هزینه (نرمال‌سازی تاریخ و رتبه‌بندی تراکنش‌های هر زیرگروه). فرمول‌ها را تغییر ندهید.
A8: تاریخ خام · Raw | B8: سال · Y | C8: ماه · M | D8: روز · D | E8: تاریخ استاندارد · Norm | F8: ساعت · hhmm | G8: کد طرف · Party | H8: بانک · Bank | I8: نوع تراکنش · Type | J8: گروه · Group | K8: زیرگروه · Sub | L8: واریز · Dep | M8: برداشت · Wit | N8: فلگ هزینه · Flag | O8: کلید · Key | P8: رتبه · Rank | Q8: کلید رتبه · RankKey
A9: =IF(Sync!$P6="","",Sync!$P6) | B9: =IF($A9="","",IF(ISNUMBER($A9),IF(AND($A9>=10000101,$A9<=99991231),INT($A9/10000),""),IFERROR(VALUE(TRIM(LEFT($A9,FIND("/",$A9)-1))),""))) | C9: =IF(OR($A9="",$B9=""),"",IF(ISNUMBER($A9),INT(MOD($A9,10000)/100),IFERROR(VALUE(TRIM(LEFT(MID($A9,FIND("/",$A9)+1,20),FIND("/",MID($A9,FIND("/",$A9)+1,20))-1))),""))) | D9: =IF(OR($A9="",$B9=""),"",IF(ISNUMBER($A9),MOD($A9,100),IFERROR(VALUE(TRIM(MID(MID($A9,FIND("/",$A9)+1,20),FIND("/",MID($A9,FIND("/",$A9)+1,20))+1,20))),""))) | E9: =IF($A9="","",IF(OR($B9="",$C9="",$D9="",$B9<1300,$B9>1500,$C9<1,$C9>12,$D9<1,$D9>31),"نامعتبر",RIGHT("0000"&$B9,4)&"/"&RIGHT("00"&$C9,2)&"/"&RIGHT("00"&$D9,2))) | F9: =IF(OR($E9="",$E9="نامعتبر"),"",IF(Sync!$Q6="","0000",IF(AND(ISNUMBER(Sync!$Q6),Sync!$Q6>=0,Sync!$Q6<1),RIGHT("00"&HOUR(Sync!$Q6),2)&RIGHT("00"&MINUTE(Sync!$Q6),2),IFERROR(RIGHT("00"&VALUE(LEFT(Sync!$Q6,FIND(":",Sync!$Q6)-1)),2)&RIGHT("00"&VALUE(MID(Sync!$Q6,FIND(":",Sync!$Q6)+1,2)),2),"0000")))) | G9: =IF(OR($E9="",$E9="نامعتبر"),"",IF(Sync!$S6="","",Sync!$S6)) | H9: =IF(OR($E9="",$E9="نامعتبر"),"",IF(Sync!$R6="","",Sync!$R6)) | I9: =IF(OR($E9="",$E9="نامعتبر"),"",IF(Sync!$T6="","",Sync!$T6)) | J9: =IF(OR($E9="",$E9="نامعتبر"),"",IF(Sync!$U6="","",Sync!$U6)) | K9: =IF(OR($E9="",$E9="نامعتبر"),"",IF(Sync!$V6="","",IFERROR(INDEX(SubCodes,MATCH(Sync!$V6,SubTitles,0)),Sync!$V6))) | L9: =IF(OR($E9="",$E9="نامعتبر"),"",IF(Sync!$W6="",0,Sync!$W6)) | M9: =IF(OR($E9="",$E9="نامعتبر"),"",IF(Sync!$X6="",0,Sync!$X6)) | N9: =IF(OR($E9="",$E9="نامعتبر"),"",IF(AND($J9="هزینه",$K9<>""),1,0)) | O9: =IF($N9=0,"",LEFT($E9,4)&MID($E9,6,2)&RIGHT($E9,2)&$F9&"|"&"1"&RIGHT("00000"&1,5)) | P9: =IF($O9="","",COUNTIFS(ExpSub,$K9,ExpKey,"<"&$O9)+1) | Q9: =IF($P9="","",$K9&"|"&RIGHT("000000"&$P9,6))
A10: =IF(Sync!$P7="","",Sync!$P7) | B10: =IF($A10="","",IF(ISNUMBER($A10),IF(AND($A10>=10000101,$A10<=99991231),INT($A10/10000),""),IFERROR(VALUE(TRIM(LEFT($A10,FIND("/",$A10)-1))),""))) | C10: =IF(OR($A10="",$B10=""),"",IF(ISNUMBER($A10),INT(MOD($A10,10000)/100),IFERROR(VALUE(TRIM(LEFT(MID($A10,FIND("/",$A10)+1,20),FIND("/",MID($A10,FIND("/",$A10)+1,20))-1))),""))) | D10: =IF(OR($A10="",$B10=""),"",IF(ISNUMBER($A10),MOD($A10,100),IFERROR(VALUE(TRIM(MID(MID($A10,FIND("/",$A10)+1,20),FIND("/",MID($A10,FIND("/",$A10)+1,20))+1,20))),""))) | E10: =IF($A10="","",IF(OR($B10="",$C10="",$D10="",$B10<1300,$B10>1500,$C10<1,$C10>12,$D10<1,$D10>31),"نامعتبر",RIGHT("0000"&$B10,4)&"/"&RIGHT("00"&$C10,2)&"/"&RIGHT("00"&$D10,2))) | F10: =IF(OR($E10="",$E10="نامعتبر"),"",IF(Sync!$Q7="","0000",IF(AND(ISNUMBER(Sync!$Q7),Sync!$Q7>=0,Sync!$Q7<1),RIGHT("00"&HOUR(Sync!$Q7),2)&RIGHT("00"&MINUTE(Sync!$Q7),2),IFERROR(RIGHT("00"&VALUE(LEFT(Sync!$Q7,FIND(":",Sync!$Q7)-1)),2)&RIGHT("00"&VALUE(MID(Sync!$Q7,FIND(":",Sync!$Q7)+1,2)),2),"0000")))) | G10: =IF(OR($E10="",$E10="نامعتبر"),"",IF(Sync!$S7="","",Sync!$S7)) | H10: =IF(OR($E10="",$E10="نامعتبر"),"",IF(Sync!$R7="","",Sync!$R7)) | I10: =IF(OR($E10="",$E10="نامعتبر"),"",IF(Sync!$T7="","",Sync!$T7)) | J10: =IF(OR($E10="",$E10="نامعتبر"),"",IF(Sync!$U7="","",Sync!$U7)) | K10: =IF(OR($E10="",$E10="نامعتبر"),"",IF(Sync!$V7="","",IFERROR(INDEX(SubCodes,MATCH(Sync!$V7,SubTitles,0)),Sync!$V7))) | L10: =IF(OR($E10="",$E10="نامعتبر"),"",IF(Sync!$W7="",0,Sync!$W7)) | M10: =IF(OR($E10="",$E10="نامعتبر"),"",IF(Sync!$X7="",0,Sync!$X7)) | N10: =IF(OR($E10="",$E10="نامعتبر"),"",IF(AND($J10="هزینه",$K10<>""),1,0)) | O10: =IF($N10=0,"",LEFT($E10,4)&MID($E10,6,2)&RIGHT($E10,2)&$F10&"|"&"1"&RIGHT("00000"&2,5)) | P10: =IF($O10="","",COUNTIFS(ExpSub,$K10,ExpKey,"<"&$O10)+1) | Q10: =IF($P10="","",$K10&"|"&RIGHT("000000"&$P10,6))
A11: =IF(Sync!$P8="","",Sync!$P8) | B11: =IF($A11="","",IF(ISNUMBER($A11),IF(AND($A11>=10000101,$A11<=99991231),INT($A11/10000),""),IFERROR(VALUE(TRIM(LEFT($A11,FIND("/",$A11)-1))),""))) | C11: =IF(OR($A11="",$B11=""),"",IF(ISNUMBER($A11),INT(MOD($A11,10000)/100),IFERROR(VALUE(TRIM(LEFT(MID($A11,FIND("/",$A11)+1,20),FIND("/",MID($A11,FIND("/",$A11)+1,20))-1))),""))) | D11: =IF(OR($A11="",$B11=""),"",IF(ISNUMBER($A11),MOD($A11,100),IFERROR(VALUE(TRIM(MID(MID($A11,FIND("/",$A11)+1,20),FIND("/",MID($A11,FIND("/",$A11)+1,20))+1,20))),""))) | E11: =IF($A11="","",IF(OR($B11="",$C11="",$D11="",$B11<1300,$B11>1500,$C11<1,$C11>12,$D11<1,$D11>31),"نامعتبر",RIGHT("0000"&$B11,4)&"/"&RIGHT("00"&$C11,2)&"/"&RIGHT("00"&$D11,2))) | F11: =IF(OR($E11="",$E11="نامعتبر"),"",IF(Sync!$Q8="","0000",IF(AND(ISNUMBER(Sync!$Q8),Sync!$Q8>=0,Sync!$Q8<1),RIGHT("00"&HOUR(Sync!$Q8),2)&RIGHT("00"&MINUTE(Sync!$Q8),2),IFERROR(RIGHT("00"&VALUE(LEFT(Sync!$Q8,FIND(":",Sync!$Q8)-1)),2)&RIGHT("00"&VALUE(MID(Sync!$Q8,FIND(":",Sync!$Q8)+1,2)),2),"0000")))) | G11: =IF(OR($E11="",$E11="نامعتبر"),"",IF(Sync!$S8="","",Sync!$S8)) | H11: =IF(OR($E11="",$E11="نامعتبر"),"",IF(Sync!$R8="","",Sync!$R8)) | I11: =IF(OR($E11="",$E11="نامعتبر"),"",IF(Sync!$T8="","",Sync!$T8)) | J11: =IF(OR($E11="",$E11="نامعتبر"),"",IF(Sync!$U8="","",Sync!$U8)) | K11: =IF(OR($E11="",$E11="نامعتبر"),"",IF(Sync!$V8="","",IFERROR(INDEX(SubCodes,MATCH(Sync!$V8,SubTitles,0)),Sync!$V8))) | L11: =IF(OR($E11="",$E11="نامعتبر"),"",IF(Sync!$W8="",0,Sync!$W8)) | M11: =IF(OR($E11="",$E11="نامعتبر"),"",IF(Sync!$X8="",0,Sync!$X8)) | N11: =IF(OR($E11="",$E11="نامعتبر"),"",IF(AND($J11="هزینه",$K11<>""),1,0)) | O11: =IF($N11=0,"",LEFT($E11,4)&MID($E11,6,2)&RIGHT($E11,2)&$F11&"|"&"1"&RIGHT("00000"&3,5)) | P11: =IF($O11="","",COUNTIFS(ExpSub,$K11,ExpKey,"<"&$O11)+1) | Q11: =IF($P11="","",$K11&"|"&RIGHT("000000"&$P11,6))
A12: =IF(Sync!$P9="","",Sync!$P9) | B12: =IF($A12="","",IF(ISNUMBER($A12),IF(AND($A12>=10000101,$A12<=99991231),INT($A12/10000),""),IFERROR(VALUE(TRIM(LEFT($A12,FIND("/",$A12)-1))),""))) | C12: =IF(OR($A12="",$B12=""),"",IF(ISNUMBER($A12),INT(MOD($A12,10000)/100),IFERROR(VALUE(TRIM(LEFT(MID($A12,FIND("/",$A12)+1,20),FIND("/",MID($A12,FIND("/",$A12)+1,20))-1))),""))) | D12: =IF(OR($A12="",$B12=""),"",IF(ISNUMBER($A12),MOD($A12,100),IFERROR(VALUE(TRIM(MID(MID($A12,FIND("/",$A12)+1,20),FIND("/",MID($A12,FIND("/",$A12)+1,20))+1,20))),""))) | E12: =IF($A12="","",IF(OR($B12="",$C12="",$D12="",$B12<1300,$B12>1500,$C12<1,$C12>12,$D12<1,$D12>31),"نامعتبر",RIGHT("0000"&$B12,4)&"/"&RIGHT("00"&$C12,2)&"/"&RIGHT("00"&$D12,2))) | F12: =IF(OR($E12="",$E12="نامعتبر"),"",IF(Sync!$Q9="","0000",IF(AND(ISNUMBER(Sync!$Q9),Sync!$Q9>=0,Sync!$Q9<1),RIGHT("00"&HOUR(Sync!$Q9),2)&RIGHT("00"&MINUTE(Sync!$Q9),2),IFERROR(RIGHT("00"&VALUE(LEFT(Sync!$Q9,FIND(":",Sync!$Q9)-1)),2)&RIGHT("00"&VALUE(MID(Sync!$Q9,FIND(":",Sync!$Q9)+1,2)),2),"0000")))) | G12: =IF(OR($E12="",$E12="نامعتبر"),"",IF(Sync!$S9="","",Sync!$S9)) | H12: =IF(OR($E12="",$E12="نامعتبر"),"",IF(Sync!$R9="","",Sync!$R9)) | I12: =IF(OR($E12="",$E12="نامعتبر"),"",IF(Sync!$T9="","",Sync!$T9)) | J12: =IF(OR($E12="",$E12="نامعتبر"),"",IF(Sync!$U9="","",Sync!$U9)) | K12: =IF(OR($E12="",$E12="نامعتبر"),"",IF(Sync!$V9="","",IFERROR(INDEX(SubCodes,MATCH(Sync!$V9,SubTitles,0)),Sync!$V9))) | L12: =IF(OR($E12="",$E12="نامعتبر"),"",IF(Sync!$W9="",0,Sync!$W9)) | M12: =IF(OR($E12="",$E12="نامعتبر"),"",IF(Sync!$X9="",0,Sync!$X9)) | N12: =IF(OR($E12="",$E12="نامعتبر"),"",IF(AND($J12="هزینه",$K12<>""),1,0)) | O12: =IF($N12=0,"",LEFT($E12,4)&MID($E12,6,2)&RIGHT($E12,2)&$F12&"|"&"1"&RIGHT("00000"&4,5)) | P12: =IF($O12="","",COUNTIFS(ExpSub,$K12,ExpKey,"<"&$O12)+1) | Q12: =IF($P12="","",$K12&"|"&RIGHT("000000"&$P12,6))
A13: =IF(Sync!$P10="","",Sync!$P10) | B13: =IF($A13="","",IF(ISNUMBER($A13),IF(AND($A13>=10000101,$A13<=99991231),INT($A13/10000),""),IFERROR(VALUE(TRIM(LEFT($A13,FIND("/",$A13)-1))),""))) | C13: =IF(OR($A13="",$B13=""),"",IF(ISNUMBER($A13),INT(MOD($A13,10000)/100),IFERROR(VALUE(TRIM(LEFT(MID($A13,FIND("/",$A13)+1,20),FIND("/",MID($A13,FIND("/",$A13)+1,20))-1))),""))) | D13: =IF(OR($A13="",$B13=""),"",IF(ISNUMBER($A13),MOD($A13,100),IFERROR(VALUE(TRIM(MID(MID($A13,FIND("/",$A13)+1,20),FIND("/",MID($A13,FIND("/",$A13)+1,20))+1,20))),""))) | E13: =IF($A13="","",IF(OR($B13="",$C13="",$D13="",$B13<1300,$B13>1500,$C13<1,$C13>12,$D13<1,$D13>31),"نامعتبر",RIGHT("0000"&$B13,4)&"/"&RIGHT("00"&$C13,2)&"/"&RIGHT("00"&$D13,2))) | F13: =IF(OR($E13="",$E13="نامعتبر"),"",IF(Sync!$Q10="","0000",IF(AND(ISNUMBER(Sync!$Q10),Sync!$Q10>=0,Sync!$Q10<1),RIGHT("00"&HOUR(Sync!$Q10),2)&RIGHT("00"&MINUTE(Sync!$Q10),2),IFERROR(RIGHT("00"&VALUE(LEFT(Sync!$Q10,FIND(":",Sync!$Q10)-1)),2)&RIGHT("00"&VALUE(MID(Sync!$Q10,FIND(":",Sync!$Q10)+1,2)),2),"0000")))) | G13: =IF(OR($E13="",$E13="نامعتبر"),"",IF(Sync!$S10="","",Sync!$S10)) | H13: =IF(OR($E13="",$E13="نامعتبر"),"",IF(Sync!$R10="","",Sync!$R10)) | I13: =IF(OR($E13="",$E13="نامعتبر"),"",IF(Sync!$T10="","",Sync!$T10)) | J13: =IF(OR($E13="",$E13="نامعتبر"),"",IF(Sync!$U10="","",Sync!$U10)) | K13: =IF(OR($E13="",$E13="نامعتبر"),"",IF(Sync!$V10="","",IFERROR(INDEX(SubCodes,MATCH(Sync!$V10,SubTitles,0)),Sync!$V10))) | L13: =IF(OR($E13="",$E13="نامعتبر"),"",IF(Sync!$W10="",0,Sync!$W10)) | M13: =IF(OR($E13="",$E13="نامعتبر"),"",IF(Sync!$X10="",0,Sync!$X10)) | N13: =IF(OR($E13="",$E13="نامعتبر"),"",IF(AND($J13="هزینه",$K13<>""),1,0)) | O13: =IF($N13=0,"",LEFT($E13,4)&MID($E13,6,2)&RIGHT($E13,2)&$F13&"|"&"1"&RIGHT("00000"&5,5)) | P13: =IF($O13="","",COUNTIFS(ExpSub,$K13,ExpKey,"<"&$O13)+1) | Q13: =IF($P13="","",$K13&"|"&RIGHT("000000"&$P13,6))
A14: =IF(Sync!$P11="","",Sync!$P11) | B14: =IF($A14="","",IF(ISNUMBER($A14),IF(AND($A14>=10000101,$A14<=99991231),INT($A14/10000),""),IFERROR(VALUE(TRIM(LEFT($A14,FIND("/",$A14)-1))),""))) | C14: =IF(OR($A14="",$B14=""),"",IF(ISNUMBER($A14),INT(MOD($A14,10000)/100),IFERROR(VALUE(TRIM(LEFT(MID($A14,FIND("/",$A14)+1,20),FIND("/",MID($A14,FIND("/",$A14)+1,20))-1))),""))) | D14: =IF(OR($A14="",$B14=""),"",IF(ISNUMBER($A14),MOD($A14,100),IFERROR(VALUE(TRIM(MID(MID($A14,FIND("/",$A14)+1,20),FIND("/",MID($A14,FIND("/",$A14)+1,20))+1,20))),""))) | E14: =IF($A14="","",IF(OR($B14="",$C14="",$D14="",$B14<1300,$B14>1500,$C14<1,$C14>12,$D14<1,$D14>31),"نامعتبر",RIGHT("0000"&$B14,4)&"/"&RIGHT("00"&$C14,2)&"/"&RIGHT("00"&$D14,2))) | F14: =IF(OR($E14="",$E14="نامعتبر"),"",IF(Sync!$Q11="","0000",IF(AND(ISNUMBER(Sync!$Q11),Sync!$Q11>=0,Sync!$Q11<1),RIGHT("00"&HOUR(Sync!$Q11),2)&RIGHT("00"&MINUTE(Sync!$Q11),2),IFERROR(RIGHT("00"&VALUE(LEFT(Sync!$Q11,FIND(":",Sync!$Q11)-1)),2)&RIGHT("00"&VALUE(MID(Sync!$Q11,FIND(":",Sync!$Q11)+1,2)),2),"0000")))) | G14: =IF(OR($E14="",$E14="نامعتبر"),"",IF(Sync!$S11="","",Sync!$S11)) | H14: =IF(OR($E14="",$E14="نامعتبر"),"",IF(Sync!$R11="","",Sync!$R11)) | I14: =IF(OR($E14="",$E14="نامعتبر"),"",IF(Sync!$T11="","",Sync!$T11)) | J14: =IF(OR($E14="",$E14="نامعتبر"),"",IF(Sync!$U11="","",Sync!$U11)) | K14: =IF(OR($E14="",$E14="نامعتبر"),"",IF(Sync!$V11="","",IFERROR(INDEX(SubCodes,MATCH(Sync!$V11,SubTitles,0)),Sync!$V11))) | L14: =IF(OR($E14="",$E14="نامعتبر"),"",IF(Sync!$W11="",0,Sync!$W11)) | M14: =IF(OR($E14="",$E14="نامعتبر"),"",IF(Sync!$X11="",0,Sync!$X11)) | N14: =IF(OR($E14="",$E14="نامعتبر"),"",IF(AND($J14="هزینه",$K14<>""),1,0)) | O14: =IF($N14=0,"",LEFT($E14,4)&MID($E14,6,2)&RIGHT($E14,2)&$F14&"|"&"1"&RIGHT("00000"&6,5)) | P14: =IF($O14="","",COUNTIFS(ExpSub,$K14,ExpKey,"<"&$O14)+1) | Q14: =IF($P14="","",$K14&"|"&RIGHT("000000"&$P14,6))
A15: =IF(Sync!$P12="","",Sync!$P12) | B15: =IF($A15="","",IF(ISNUMBER($A15),IF(AND($A15>=10000101,$A15<=99991231),INT($A15/10000),""),IFERROR(VALUE(TRIM(LEFT($A15,FIND("/",$A15)-1))),""))) | C15: =IF(OR($A15="",$B15=""),"",IF(ISNUMBER($A15),INT(MOD($A15,10000)/100),IFERROR(VALUE(TRIM(LEFT(MID($A15,FIND("/",$A15)+1,20),FIND("/",MID($A15,FIND("/",$A15)+1,20))-1))),""))) | D15: =IF(OR($A15="",$B15=""),"",IF(ISNUMBER($A15),MOD($A15,100),IFERROR(VALUE(TRIM(MID(MID($A15,FIND("/",$A15)+1,20),FIND("/",MID($A15,FIND("/",$A15)+1,20))+1,20))),""))) | E15: =IF($A15="","",IF(OR($B15="",$C15="",$D15="",$B15<1300,$B15>1500,$C15<1,$C15>12,$D15<1,$D15>31),"نامعتبر",RIGHT("0000"&$B15,4)&"/"&RIGHT("00"&$C15,2)&"/"&RIGHT("00"&$D15,2))) | F15: =IF(OR($E15="",$E15="نامعتبر"),"",IF(Sync!$Q12="","0000",IF(AND(ISNUMBER(Sync!$Q12),Sync!$Q12>=0,Sync!$Q12<1),RIGHT("00"&HOUR(Sync!$Q12),2)&RIGHT("00"&MINUTE(Sync!$Q12),2),IFERROR(RIGHT("00"&VALUE(LEFT(Sync!$Q12,FIND(":",Sync!$Q12)-1)),2)&RIGHT("00"&VALUE(MID(Sync!$Q12,FIND(":",Sync!$Q12)+1,2)),2),"0000")))) | G15: =IF(OR($E15="",$E15="نامعتبر"),"",IF(Sync!$S12="","",Sync!$S12)) | H15: =IF(OR($E15="",$E15="نامعتبر"),"",IF(Sync!$R12="","",Sync!$R12)) | I15: =IF(OR($E15="",$E15="نامعتبر"),"",IF(Sync!$T12="","",Sync!$T12)) | J15: =IF(OR($E15="",$E15="نامعتبر"),"",IF(Sync!$U12="","",Sync!$U12)) | K15: =IF(OR($E15="",$E15="نامعتبر"),"",IF(Sync!$V12="","",IFERROR(INDEX(SubCodes,MATCH(Sync!$V12,SubTitles,0)),Sync!$V12))) | L15: =IF(OR($E15="",$E15="نامعتبر"),"",IF(Sync!$W12="",0,Sync!$W12)) | M15: =IF(OR($E15="",$E15="نامعتبر"),"",IF(Sync!$X12="",0,Sync!$X12)) | N15: =IF(OR($E15="",$E15="نامعتبر"),"",IF(AND($J15="هزینه",$K15<>""),1,0)) | O15: =IF($N15=0,"",LEFT($E15,4)&MID($E15,6,2)&RIGHT($E15,2)&$F15&"|"&"1"&RIGHT("00000"&7,5)) | P15: =IF($O15="","",COUNTIFS(ExpSub,$K15,ExpKey,"<"&$O15)+1) | Q15: =IF($P15="","",$K15&"|"&RIGHT("000000"&$P15,6))
A16: =IF(Sync!$P13="","",Sync!$P13) | B16: =IF($A16="","",IF(ISNUMBER($A16),IF(AND($A16>=10000101,$A16<=99991231),INT($A16/10000),""),IFERROR(VALUE(TRIM(LEFT($A16,FIND("/",$A16)-1))),""))) | C16: =IF(OR($A16="",$B16=""),"",IF(ISNUMBER($A16),INT(MOD($A16,10000)/100),IFERROR(VALUE(TRIM(LEFT(MID($A16,FIND("/",$A16)+1,20),FIND("/",MID($A16,FIND("/",$A16)+1,20))-1))),""))) | D16: =IF(OR($A16="",$B16=""),"",IF(ISNUMBER($A16),MOD($A16,100),IFERROR(VALUE(TRIM(MID(MID($A16,FIND("/",$A16)+1,20),FIND("/",MID($A16,FIND("/",$A16)+1,20))+1,20))),""))) | E16: =IF($A16="","",IF(OR($B16="",$C16="",$D16="",$B16<1300,$B16>1500,$C16<1,$C16>12,$D16<1,$D16>31),"نامعتبر",RIGHT("0000"&$B16,4)&"/"&RIGHT("00"&$C16,2)&"/"&RIGHT("00"&$D16,2))) | F16: =IF(OR($E16="",$E16="نامعتبر"),"",IF(Sync!$Q13="","0000",IF(AND(ISNUMBER(Sync!$Q13),Sync!$Q13>=0,Sync!$Q13<1),RIGHT("00"&HOUR(Sync!$Q13),2)&RIGHT("00"&MINUTE(Sync!$Q13),2),IFERROR(RIGHT("00"&VALUE(LEFT(Sync!$Q13,FIND(":",Sync!$Q13)-1)),2)&RIGHT("00"&VALUE(MID(Sync!$Q13,FIND(":",Sync!$Q13)+1,2)),2),"0000")))) | G16: =IF(OR($E16="",$E16="نامعتبر"),"",IF(Sync!$S13="","",Sync!$S13)) | H16: =IF(OR($E16="",$E16="نامعتبر"),"",IF(Sync!$R13="","",Sync!$R13)) | I16: =IF(OR($E16="",$E16="نامعتبر"),"",IF(Sync!$T13="","",Sync!$T13)) | J16: =IF(OR($E16="",$E16="نامعتبر"),"",IF(Sync!$U13="","",Sync!$U13)) | K16: =IF(OR($E16="",$E16="نامعتبر"),"",IF(Sync!$V13="","",IFERROR(INDEX(SubCodes,MATCH(Sync!$V13,SubTitles,0)),Sync!$V13))) | L16: =IF(OR($E16="",$E16="نامعتبر"),"",IF(Sync!$W13="",0,Sync!$W13)) | M16: =IF(OR($E16="",$E16="نامعتبر"),"",IF(Sync!$X13="",0,Sync!$X13)) | N16: =IF(OR($E16="",$E16="نامعتبر"),"",IF(AND($J16="هزینه",$K16<>""),1,0)) | O16: =IF($N16=0,"",LEFT($E16,4)&MID($E16,6,2)&RIGHT($E16,2)&$F16&"|"&"1"&RIGHT("00000"&8,5)) | P16: =IF($O16="","",COUNTIFS(ExpSub,$K16,ExpKey,"<"&$O16)+1) | Q16: =IF($P16="","",$K16&"|"&RIGHT("000000"&$P16,6))
